solid OpenSCAD_Model
  facet normal 0.336895 0.941542 -0
    outer loop
      vertex 19.9761 48.2265 0
      vertex 15.1529 49.9523 32
      vertex 19.9761 48.2265 32
    endloop
  endfacet
  facet normal 0.336895 0.941542 0
    outer loop
      vertex 15.1529 49.9523 32
      vertex 19.9761 48.2265 0
      vertex 15.1529 49.9523 0
    endloop
  endfacet
  facet normal 0.970029 0.242991 0
    outer loop
      vertex 50.2411 14 32
      vertex 49.9523 15.1529 0
      vertex 49.9523 15.1529 32
    endloop
  endfacet
  facet normal 0.970029 0.242991 0
    outer loop
      vertex 49.9523 15.1529 0
      vertex 50.2411 14 32
      vertex 50.2411 14 0
    endloop
  endfacet
  facet normal -0.998795 -0.049076 0
    outer loop
      vertex -51.9486 -5.11649 0
      vertex -52.2 0 32
      vertex -52.2 0 0
    endloop
  endfacet
  facet normal -0.998795 -0.049076 0
    outer loop
      vertex -52.2 0 32
      vertex -51.9486 -5.11649 0
      vertex -51.9486 -5.11649 32
    endloop
  endfacet
  facet normal 0.336895 -0.941542 0
    outer loop
      vertex 15.1529 -49.9523 0
      vertex 19.9761 -48.2265 32
      vertex 15.1529 -49.9523 32
    endloop
  endfacet
  facet normal 0.336895 -0.941542 0
    outer loop
      vertex 19.9761 -48.2265 32
      vertex 15.1529 -49.9523 0
      vertex 19.9761 -48.2265 0
    endloop
  endfacet
  facet normal 0.146742 -0.989175 0
    outer loop
      vertex 9 -51.3726 0
      vertex 10.1837 -51.197 32
      vertex 9 -51.3726 32
    endloop
  endfacet
  facet normal 0.146742 -0.989175 0
    outer loop
      vertex 10.1837 -51.197 32
      vertex 9 -51.3726 0
      vertex 10.1837 -51.197 0
    endloop
  endfacet
  facet normal 0.941542 0.336895 0
    outer loop
      vertex 49.9523 15.1529 32
      vertex 48.2265 19.9761 0
      vertex 48.2265 19.9761 32
    endloop
  endfacet
  facet normal 0.941542 0.336895 0
    outer loop
      vertex 48.2265 19.9761 0
      vertex 49.9523 15.1529 32
      vertex 49.9523 15.1529 0
    endloop
  endfacet
  facet normal 0.90399 0.427554 0
    outer loop
      vertex 48.2265 19.9761 32
      vertex 46.0363 24.6069 0
      vertex 46.0363 24.6069 32
    endloop
  endfacet
  facet normal 0.90399 0.427554 0
    outer loop
      vertex 46.0363 24.6069 0
      vertex 48.2265 19.9761 32
      vertex 48.2265 19.9761 0
    endloop
  endfacet
  facet normal -0.857729 -0.514102 0
    outer loop
      vertex -43.4027 -29.0008 0
      vertex -46.0363 -24.6069 32
      vertex -46.0363 -24.6069 0
    endloop
  endfacet
  facet normal -0.857729 -0.514102 0
    outer loop
      vertex -46.0363 -24.6069 32
      vertex -43.4027 -29.0008 0
      vertex -43.4027 -29.0008 32
    endloop
  endfacet
  facet normal -0.427554 0.90399 0
    outer loop
      vertex -19.9761 48.2265 0
      vertex -24.6069 46.0363 32
      vertex -19.9761 48.2265 32
    endloop
  endfacet
  facet normal -0.427554 0.90399 0
    outer loop
      vertex -24.6069 46.0363 32
      vertex -19.9761 48.2265 0
      vertex -24.6069 46.0363 0
    endloop
  endfacet
  facet normal 0.514102 0.857729 -0
    outer loop
      vertex 29.0008 43.4027 0
      vertex 24.6069 46.0363 32
      vertex 29.0008 43.4027 32
    endloop
  endfacet
  facet normal 0.514102 0.857729 0
    outer loop
      vertex 24.6069 46.0363 32
      vertex 29.0008 43.4027 0
      vertex 24.6069 46.0363 0
    endloop
  endfacet
  facet normal 0.857729 -0.514102 0
    outer loop
      vertex 43.4027 -29.0008 32
      vertex 46.0363 -24.6069 0
      vertex 46.0363 -24.6069 32
    endloop
  endfacet
  facet normal 0.857729 -0.514102 0
    outer loop
      vertex 46.0363 -24.6069 0
      vertex 43.4027 -29.0008 32
      vertex 43.4027 -29.0008 0
    endloop
  endfacet
  facet normal -0.336895 -0.941542 0
    outer loop
      vertex -19.9761 -48.2265 0
      vertex -15.1529 -49.9523 32
      vertex -19.9761 -48.2265 32
    endloop
  endfacet
  facet normal -0.336895 -0.941542 -0
    outer loop
      vertex -15.1529 -49.9523 32
      vertex -19.9761 -48.2265 0
      vertex -15.1529 -49.9523 0
    endloop
  endfacet
  facet normal 0.514102 -0.857729 0
    outer loop
      vertex 24.6069 -46.0363 0
      vertex 29.0008 -43.4027 32
      vertex 24.6069 -46.0363 32
    endloop
  endfacet
  facet normal 0.514102 -0.857729 0
    outer loop
      vertex 29.0008 -43.4027 32
      vertex 24.6069 -46.0363 0
      vertex 29.0008 -43.4027 0
    endloop
  endfacet
  facet normal -0.90399 -0.427554 0
    outer loop
      vertex -46.0363 -24.6069 0
      vertex -48.2265 -19.9761 32
      vertex -48.2265 -19.9761 0
    endloop
  endfacet
  facet normal -0.90399 -0.427554 0
    outer loop
      vertex -48.2265 -19.9761 32
      vertex -46.0363 -24.6069 0
      vertex -46.0363 -24.6069 32
    endloop
  endfacet
  facet normal -0.146721 0.989178 0
    outer loop
      vertex -5.11649 51.9486 0
      vertex -10.1837 51.197 32
      vertex -5.11649 51.9486 32
    endloop
  endfacet
  facet normal -0.146721 0.989178 0
    outer loop
      vertex -10.1837 51.197 32
      vertex -5.11649 51.9486 0
      vertex -10.1837 51.197 0
    endloop
  endfacet
  facet normal -0 0 1
    outer loop
      vertex 45.9331 -13.9337 32
      vertex 50.2411 -14 32
      vertex 47.0777 -9.36434 32
    endloop
  endfacet
  facet normal 0 0 1
    outer loop
      vertex 50.2411 -14 32
      vertex 45.9331 -13.9337 32
      vertex 49.9523 -15.1529 32
    endloop
  endfacet
  facet normal 0 0 1
    outer loop
      vertex 49.9523 -15.1529 32
      vertex 45.9331 -13.9337 32
      vertex 48.2265 -19.9761 32
    endloop
  endfacet
  facet normal -0 0 1
    outer loop
      vertex 44.3462 -18.3688 32
      vertex 48.2265 -19.9761 32
      vertex 45.9331 -13.9337 32
    endloop
  endfacet
  facet normal 0 0 1
    outer loop
      vertex 48.2265 -19.9761 32
      vertex 44.3462 -18.3688 32
      vertex 46.0363 -24.6069 32
    endloop
  endfacet
  facet normal -0 0 1
    outer loop
      vertex 42.3322 -22.627 32
      vertex 46.0363 -24.6069 32
      vertex 44.3462 -18.3688 32
    endloop
  endfacet
  facet normal 0 0 1
    outer loop
      vertex 46.0363 -24.6069 32
      vertex 42.3322 -22.627 32
      vertex 43.4027 -29.0008 32
    endloop
  endfacet
  facet normal -0 0 1
    outer loop
      vertex 39.9105 -26.6674 32
      vertex 43.4027 -29.0008 32
      vertex 42.3322 -22.627 32
    endloop
  endfacet
  facet normal 0 0 1
    outer loop
      vertex 43.4027 -29.0008 32
      vertex 39.9105 -26.6674 32
      vertex 40.3511 -33.1153 32
    endloop
  endfacet
  facet normal -0 0 1
    outer loop
      vertex 37.1045 -30.4509 32
      vertex 40.3511 -33.1153 32
      vertex 39.9105 -26.6674 32
    endloop
  endfacet
  facet normal 0 0 1
    outer loop
      vertex 37.1045 -30.4509 32
      vertex 36.911 -36.911 32
      vertex 40.3511 -33.1153 32
    endloop
  endfacet
  facet normal -0 0 1
    outer loop
      vertex 33.9411 -33.9411 32
      vertex 36.911 -36.911 32
      vertex 37.1045 -30.4509 32
    endloop
  endfacet
  facet normal 0 0 1
    outer loop
      vertex 33.9411 -33.9411 32
      vertex 33.1153 -40.3511 32
      vertex 36.911 -36.911 32
    endloop
  endfacet
  facet normal -0 0 1
    outer loop
      vertex 30.4509 -37.1045 32
      vertex 33.1153 -40.3511 32
      vertex 33.9411 -33.9411 32
    endloop
  endfacet
  facet normal 0 0 1
    outer loop
      vertex 30.4509 -37.1045 32
      vertex 29.0008 -43.4027 32
      vertex 33.1153 -40.3511 32
    endloop
  endfacet
  facet normal -0 0 1
    outer loop
      vertex 26.6674 -39.9105 32
      vertex 29.0008 -43.4027 32
      vertex 30.4509 -37.1045 32
    endloop
  endfacet
  facet normal 0 0 1
    outer loop
      vertex 26.6674 -39.9105 32
      vertex 24.6069 -46.0363 32
      vertex 29.0008 -43.4027 32
    endloop
  endfacet
  facet normal -0 0 1
    outer loop
      vertex 22.627 -42.3322 32
      vertex 24.6069 -46.0363 32
      vertex 26.6674 -39.9105 32
    endloop
  endfacet
  facet normal 0 0 1
    outer loop
      vertex 22.627 -42.3322 32
      vertex 19.9761 -48.2265 32
      vertex 24.6069 -46.0363 32
    endloop
  endfacet
  facet normal -0 0 1
    outer loop
      vertex 18.3688 -44.3462 32
      vertex 19.9761 -48.2265 32
      vertex 22.627 -42.3322 32
    endloop
  endfacet
  facet normal 0 0 1
    outer loop
      vertex 18.3688 -44.3462 32
      vertex 15.1529 -49.9523 32
      vertex 19.9761 -48.2265 32
    endloop
  endfacet
  facet normal -0 0 1
    outer loop
      vertex 13.9337 -45.9331 32
      vertex 15.1529 -49.9523 32
      vertex 18.3688 -44.3462 32
    endloop
  endfacet
  facet normal 0 0 1
    outer loop
      vertex 13.9337 -45.9331 32
      vertex 10.1837 -51.197 32
      vertex 15.1529 -49.9523 32
    endloop
  endfacet
  facet normal -0 0 1
    outer loop
      vertex 9.36434 -47.0777 32
      vertex 10.1837 -51.197 32
      vertex 13.9337 -45.9331 32
    endloop
  endfacet
  facet normal -0 0 1
    outer loop
      vertex 9 -47.1317 32
      vertex 10.1837 -51.197 32
      vertex 9.36434 -47.0777 32
    endloop
  endfacet
  facet normal 0 0 1
    outer loop
      vertex 10.1837 -51.197 32
      vertex 9 -47.1317 32
      vertex 9 -51.3726 32
    endloop
  endfacet
  facet normal 0 0 1
    outer loop
      vertex 66.2 14 32
      vertex 54.05 10.15 32
      vertex 66.2 10.15 32
    endloop
  endfacet
  facet normal 0 0 1
    outer loop
      vertex 47.0777 9.36434 32
      vertex 54.05 10.15 32
      vertex 50.2411 14 32
    endloop
  endfacet
  facet normal -0 0 1
    outer loop
      vertex 50.2411 14 32
      vertex 54.05 10.15 32
      vertex 66.2 14 32
    endloop
  endfacet
  facet normal -0 0 1
    outer loop
      vertex 54.05 -10.15 32
      vertex 66.2 -14 32
      vertex 66.2 -10.15 32
    endloop
  endfacet
  facet normal 0 0 1
    outer loop
      vertex 54.05 -10.15 32
      vertex 50.2411 -14 32
      vertex 66.2 -14 32
    endloop
  endfacet
  facet normal 0 -0 1
    outer loop
      vertex 48 0 32
      vertex 54.05 10.15 32
      vertex 47.7689 4.70482 32
    endloop
  endfacet
  facet normal 0 0 1
    outer loop
      vertex 45.9331 13.9337 32
      vertex 50.2411 14 32
      vertex 49.9523 15.1529 32
    endloop
  endfacet
  facet normal -0 0 1
    outer loop
      vertex 47.7689 -4.70482 32
      vertex 54.05 -10.15 32
      vertex 48 0 32
    endloop
  endfacet
  facet normal 0 0 1
    outer loop
      vertex 45.9331 13.9337 32
      vertex 49.9523 15.1529 32
      vertex 48.2265 19.9761 32
    endloop
  endfacet
  facet normal -0 0 1
    outer loop
      vertex 47.0777 -9.36434 32
      vertex 54.05 -10.15 32
      vertex 47.7689 -4.70482 32
    endloop
  endfacet
  facet normal 0 0 1
    outer loop
      vertex 54.05 -10.15 32
      vertex 47.0777 -9.36434 32
      vertex 50.2411 -14 32
    endloop
  endfacet
  facet normal 0 0 1
    outer loop
      vertex 54.05 10.15 32
      vertex 48 0 32
      vertex 54.05 -10.15 32
    endloop
  endfacet
  facet normal 0 0 1
    outer loop
      vertex 54.05 10.15 32
      vertex 47.0777 9.36434 32
      vertex 47.7689 4.70482 32
    endloop
  endfacet
  facet normal 0 0 1
    outer loop
      vertex 44.3462 18.3688 32
      vertex 48.2265 19.9761 32
      vertex 46.0363 24.6069 32
    endloop
  endfacet
  facet normal 0 0 1
    outer loop
      vertex 50.2411 14 32
      vertex 45.9331 13.9337 32
      vertex 47.0777 9.36434 32
    endloop
  endfacet
  facet normal 0 0 1
    outer loop
      vertex 48.2265 19.9761 32
      vertex 44.3462 18.3688 32
      vertex 45.9331 13.9337 32
    endloop
  endfacet
  facet normal 0 0 1
    outer loop
      vertex 42.3322 22.627 32
      vertex 46.0363 24.6069 32
      vertex 43.4027 29.0008 32
    endloop
  endfacet
  facet normal 0 0 1
    outer loop
      vertex 46.0363 24.6069 32
      vertex 42.3322 22.627 32
      vertex 44.3462 18.3688 32
    endloop
  endfacet
  facet normal 0 0 1
    outer loop
      vertex 39.9105 26.6674 32
      vertex 43.4027 29.0008 32
      vertex 40.3511 33.1153 32
    endloop
  endfacet
  facet normal 0 0 1
    outer loop
      vertex 43.4027 29.0008 32
      vertex 39.9105 26.6674 32
      vertex 42.3322 22.627 32
    endloop
  endfacet
  facet normal 0 0 1
    outer loop
      vertex 40.3511 33.1153 32
      vertex 37.1045 30.4509 32
      vertex 39.9105 26.6674 32
    endloop
  endfacet
  facet normal 0 0 1
    outer loop
      vertex 36.911 36.911 32
      vertex 37.1045 30.4509 32
      vertex 40.3511 33.1153 32
    endloop
  endfacet
  facet normal 0 0 1
    outer loop
      vertex 36.911 36.911 32
      vertex 33.9411 33.9411 32
      vertex 37.1045 30.4509 32
    endloop
  endfacet
  facet normal 0 0 1
    outer loop
      vertex 33.1153 40.3511 32
      vertex 33.9411 33.9411 32
      vertex 36.911 36.911 32
    endloop
  endfacet
  facet normal 0 0 1
    outer loop
      vertex 33.1153 40.3511 32
      vertex 30.4509 37.1045 32
      vertex 33.9411 33.9411 32
    endloop
  endfacet
  facet normal 0 0 1
    outer loop
      vertex 29.0008 43.4027 32
      vertex 30.4509 37.1045 32
      vertex 33.1153 40.3511 32
    endloop
  endfacet
  facet normal 0 0 1
    outer loop
      vertex 29.0008 43.4027 32
      vertex 26.6674 39.9105 32
      vertex 30.4509 37.1045 32
    endloop
  endfacet
  facet normal 0 0 1
    outer loop
      vertex 24.6069 46.0363 32
      vertex 26.6674 39.9105 32
      vertex 29.0008 43.4027 32
    endloop
  endfacet
  facet normal 0 0 1
    outer loop
      vertex 24.6069 46.0363 32
      vertex 22.627 42.3322 32
      vertex 26.6674 39.9105 32
    endloop
  endfacet
  facet normal 0 0 1
    outer loop
      vertex 19.9761 48.2265 32
      vertex 22.627 42.3322 32
      vertex 24.6069 46.0363 32
    endloop
  endfacet
  facet normal 0 0 1
    outer loop
      vertex 19.9761 48.2265 32
      vertex 18.3688 44.3462 32
      vertex 22.627 42.3322 32
    endloop
  endfacet
  facet normal 0 0 1
    outer loop
      vertex 15.1529 49.9523 32
      vertex 18.3688 44.3462 32
      vertex 19.9761 48.2265 32
    endloop
  endfacet
  facet normal 0 0 1
    outer loop
      vertex 15.1529 49.9523 32
      vertex 13.9337 45.9331 32
      vertex 18.3688 44.3462 32
    endloop
  endfacet
  facet normal 0 0 1
    outer loop
      vertex 10.1837 51.197 32
      vertex 13.9337 45.9331 32
      vertex 15.1529 49.9523 32
    endloop
  endfacet
  facet normal 0 0 1
    outer loop
      vertex 10.1837 51.197 32
      vertex 9.36434 47.0777 32
      vertex 13.9337 45.9331 32
    endloop
  endfacet
  facet normal 0 0 1
    outer loop
      vertex 5.11649 51.9486 32
      vertex 9.36434 47.0777 32
      vertex 10.1837 51.197 32
    endloop
  endfacet
  facet normal 0 0 1
    outer loop
      vertex 5.11649 51.9486 32
      vertex 4.70482 47.7689 32
      vertex 9.36434 47.0777 32
    endloop
  endfacet
  facet normal 0 0 1
    outer loop
      vertex 0 52.2 32
      vertex 4.70482 47.7689 32
      vertex 5.11649 51.9486 32
    endloop
  endfacet
  facet normal 0 0 1
    outer loop
      vertex 0 52.2 32
      vertex 0 48 32
      vertex 4.70482 47.7689 32
    endloop
  endfacet
  facet normal 0 0 1
    outer loop
      vertex 0 52.2 32
      vertex -4.70482 47.7689 32
      vertex 0 48 32
    endloop
  endfacet
  facet normal -0 0 1
    outer loop
      vertex -5.11649 51.9486 32
      vertex -4.70482 47.7689 32
      vertex 0 52.2 32
    endloop
  endfacet
  facet normal 0 0 1
    outer loop
      vertex -5.11649 51.9486 32
      vertex -9.36434 47.0777 32
      vertex -4.70482 47.7689 32
    endloop
  endfacet
  facet normal -0 0 1
    outer loop
      vertex -10.1837 51.197 32
      vertex -9.36434 47.0777 32
      vertex -5.11649 51.9486 32
    endloop
  endfacet
  facet normal 0 0 1
    outer loop
      vertex -10.1837 51.197 32
      vertex -13.9337 45.9331 32
      vertex -9.36434 47.0777 32
    endloop
  endfacet
  facet normal -0 0 1
    outer loop
      vertex -15.1529 49.9523 32
      vertex -13.9337 45.9331 32
      vertex -10.1837 51.197 32
    endloop
  endfacet
  facet normal 0 0 1
    outer loop
      vertex -15.1529 49.9523 32
      vertex -18.3688 44.3462 32
      vertex -13.9337 45.9331 32
    endloop
  endfacet
  facet normal -0 0 1
    outer loop
      vertex -19.9761 48.2265 32
      vertex -18.3688 44.3462 32
      vertex -15.1529 49.9523 32
    endloop
  endfacet
  facet normal 0 0 1
    outer loop
      vertex -19.9761 48.2265 32
      vertex -22.627 42.3322 32
      vertex -18.3688 44.3462 32
    endloop
  endfacet
  facet normal -0 0 1
    outer loop
      vertex -24.6069 46.0363 32
      vertex -22.627 42.3322 32
      vertex -19.9761 48.2265 32
    endloop
  endfacet
  facet normal 0 0 1
    outer loop
      vertex -24.6069 46.0363 32
      vertex -26.6674 39.9105 32
      vertex -22.627 42.3322 32
    endloop
  endfacet
  facet normal -0 0 1
    outer loop
      vertex -29.0008 43.4027 32
      vertex -26.6674 39.9105 32
      vertex -24.6069 46.0363 32
    endloop
  endfacet
  facet normal 0 0 1
    outer loop
      vertex -29.0008 43.4027 32
      vertex -30.4509 37.1045 32
      vertex -26.6674 39.9105 32
    endloop
  endfacet
  facet normal -0 0 1
    outer loop
      vertex -33.1153 40.3511 32
      vertex -30.4509 37.1045 32
      vertex -29.0008 43.4027 32
    endloop
  endfacet
  facet normal 0 0 1
    outer loop
      vertex -33.1153 40.3511 32
      vertex -33.9411 33.9411 32
      vertex -30.4509 37.1045 32
    endloop
  endfacet
  facet normal -0 0 1
    outer loop
      vertex -36.911 36.911 32
      vertex -33.9411 33.9411 32
      vertex -33.1153 40.3511 32
    endloop
  endfacet
  facet normal 0 0 1
    outer loop
      vertex -36.911 36.911 32
      vertex -37.1045 30.4509 32
      vertex -33.9411 33.9411 32
    endloop
  endfacet
  facet normal -0 0 1
    outer loop
      vertex -40.3511 33.1153 32
      vertex -37.1045 30.4509 32
      vertex -36.911 36.911 32
    endloop
  endfacet
  facet normal 0 0 1
    outer loop
      vertex -37.1045 30.4509 32
      vertex -40.3511 33.1153 32
      vertex -39.9105 26.6674 32
    endloop
  endfacet
  facet normal -0 0 1
    outer loop
      vertex -43.4027 29.0008 32
      vertex -39.9105 26.6674 32
      vertex -40.3511 33.1153 32
    endloop
  endfacet
  facet normal 0 0 1
    outer loop
      vertex -39.9105 26.6674 32
      vertex -43.4027 29.0008 32
      vertex -42.3322 22.627 32
    endloop
  endfacet
  facet normal -0 0 1
    outer loop
      vertex -46.0363 24.6069 32
      vertex -42.3322 22.627 32
      vertex -43.4027 29.0008 32
    endloop
  endfacet
  facet normal 0 0 1
    outer loop
      vertex -42.3322 22.627 32
      vertex -46.0363 24.6069 32
      vertex -44.3462 18.3688 32
    endloop
  endfacet
  facet normal -0 0 1
    outer loop
      vertex -48.2265 19.9761 32
      vertex -44.3462 18.3688 32
      vertex -46.0363 24.6069 32
    endloop
  endfacet
  facet normal 0 0 1
    outer loop
      vertex -44.3462 18.3688 32
      vertex -48.2265 19.9761 32
      vertex -45.9331 13.9337 32
    endloop
  endfacet
  facet normal -0 0 1
    outer loop
      vertex -49.9523 15.1529 32
      vertex -45.9331 13.9337 32
      vertex -48.2265 19.9761 32
    endloop
  endfacet
  facet normal -0 0 1
    outer loop
      vertex -51.197 10.1837 32
      vertex -47.0777 9.36434 32
      vertex -49.9523 15.1529 32
    endloop
  endfacet
  facet normal 0 0 1
    outer loop
      vertex -45.9331 13.9337 32
      vertex -49.9523 15.1529 32
      vertex -47.0777 9.36434 32
    endloop
  endfacet
  facet normal 0 0 1
    outer loop
      vertex -10.1837 -51.197 32
      vertex -9 -47.1317 32
      vertex -9.36434 -47.0777 32
    endloop
  endfacet
  facet normal 0 0 1
    outer loop
      vertex -9 -47.1317 32
      vertex -10.1837 -51.197 32
      vertex -9 -51.3726 32
    endloop
  endfacet
  facet normal 0 0 1
    outer loop
      vertex -13.9337 -45.9331 32
      vertex -10.1837 -51.197 32
      vertex -9.36434 -47.0777 32
    endloop
  endfacet
  facet normal 0 0 1
    outer loop
      vertex -13.9337 -45.9331 32
      vertex -15.1529 -49.9523 32
      vertex -10.1837 -51.197 32
    endloop
  endfacet
  facet normal 0 0 1
    outer loop
      vertex -18.3688 -44.3462 32
      vertex -15.1529 -49.9523 32
      vertex -13.9337 -45.9331 32
    endloop
  endfacet
  facet normal 0 0 1
    outer loop
      vertex -18.3688 -44.3462 32
      vertex -19.9761 -48.2265 32
      vertex -15.1529 -49.9523 32
    endloop
  endfacet
  facet normal 0 0 1
    outer loop
      vertex -22.627 -42.3322 32
      vertex -19.9761 -48.2265 32
      vertex -18.3688 -44.3462 32
    endloop
  endfacet
  facet normal 0 0 1
    outer loop
      vertex -22.627 -42.3322 32
      vertex -24.6069 -46.0363 32
      vertex -19.9761 -48.2265 32
    endloop
  endfacet
  facet normal 0 0 1
    outer loop
      vertex -26.6674 -39.9105 32
      vertex -24.6069 -46.0363 32
      vertex -22.627 -42.3322 32
    endloop
  endfacet
  facet normal 0 0 1
    outer loop
      vertex -26.6674 -39.9105 32
      vertex -29.0008 -43.4027 32
      vertex -24.6069 -46.0363 32
    endloop
  endfacet
  facet normal 0 0 1
    outer loop
      vertex -30.4509 -37.1045 32
      vertex -29.0008 -43.4027 32
      vertex -26.6674 -39.9105 32
    endloop
  endfacet
  facet normal 0 0 1
    outer loop
      vertex -30.4509 -37.1045 32
      vertex -33.1153 -40.3511 32
      vertex -29.0008 -43.4027 32
    endloop
  endfacet
  facet normal 0 0 1
    outer loop
      vertex -33.9411 -33.9411 32
      vertex -33.1153 -40.3511 32
      vertex -30.4509 -37.1045 32
    endloop
  endfacet
  facet normal 0 0 1
    outer loop
      vertex -33.9411 -33.9411 32
      vertex -36.911 -36.911 32
      vertex -33.1153 -40.3511 32
    endloop
  endfacet
  facet normal 0 0 1
    outer loop
      vertex -37.1045 -30.4509 32
      vertex -36.911 -36.911 32
      vertex -33.9411 -33.9411 32
    endloop
  endfacet
  facet normal 0 0 1
    outer loop
      vertex -40.3511 -33.1153 32
      vertex -37.1045 -30.4509 32
      vertex -39.9105 -26.6674 32
    endloop
  endfacet
  facet normal 0 0 1
    outer loop
      vertex -37.1045 -30.4509 32
      vertex -40.3511 -33.1153 32
      vertex -36.911 -36.911 32
    endloop
  endfacet
  facet normal 0 0 1
    outer loop
      vertex -43.4027 -29.0008 32
      vertex -39.9105 -26.6674 32
      vertex -42.3322 -22.627 32
    endloop
  endfacet
  facet normal 0 0 1
    outer loop
      vertex -39.9105 -26.6674 32
      vertex -43.4027 -29.0008 32
      vertex -40.3511 -33.1153 32
    endloop
  endfacet
  facet normal 0 0 1
    outer loop
      vertex -46.0363 -24.6069 32
      vertex -42.3322 -22.627 32
      vertex -44.3462 -18.3688 32
    endloop
  endfacet
  facet normal 0 0 1
    outer loop
      vertex -48.2265 -19.9761 32
      vertex -44.3462 -18.3688 32
      vertex -45.9331 -13.9337 32
    endloop
  endfacet
  facet normal 0 0 1
    outer loop
      vertex -42.3322 -22.627 32
      vertex -46.0363 -24.6069 32
      vertex -43.4027 -29.0008 32
    endloop
  endfacet
  facet normal 0 0 1
    outer loop
      vertex -49.9523 -15.1529 32
      vertex -45.9331 -13.9337 32
      vertex -47.0777 -9.36434 32
    endloop
  endfacet
  facet normal 0 0 1
    outer loop
      vertex -51.197 -10.1837 32
      vertex -47.0777 -9.36434 32
      vertex -47.7689 -4.70482 32
    endloop
  endfacet
  facet normal 0 0 1
    outer loop
      vertex -44.3462 -18.3688 32
      vertex -48.2265 -19.9761 32
      vertex -46.0363 -24.6069 32
    endloop
  endfacet
  facet normal 0 0 1
    outer loop
      vertex -51.9486 -5.11649 32
      vertex -47.7689 -4.70482 32
      vertex -48 0 32
    endloop
  endfacet
  facet normal 0 0 1
    outer loop
      vertex -47.0777 9.36434 32
      vertex -51.197 10.1837 32
      vertex -47.7689 4.70482 32
    endloop
  endfacet
  facet normal -0 0 1
    outer loop
      vertex -51.9486 5.11649 32
      vertex -47.7689 4.70482 32
      vertex -51.197 10.1837 32
    endloop
  endfacet
  facet normal 0 0 1
    outer loop
      vertex -45.9331 -13.9337 32
      vertex -49.9523 -15.1529 32
      vertex -48.2265 -19.9761 32
    endloop
  endfacet
  facet normal 0 0 1
    outer loop
      vertex -47.7689 4.70482 32
      vertex -51.9486 5.11649 32
      vertex -48 0 32
    endloop
  endfacet
  facet normal 0 0 1
    outer loop
      vertex -47.0777 -9.36434 32
      vertex -51.197 -10.1837 32
      vertex -49.9523 -15.1529 32
    endloop
  endfacet
  facet normal 0 0 1
    outer loop
      vertex -52.2 0 32
      vertex -48 0 32
      vertex -51.9486 5.11649 32
    endloop
  endfacet
  facet normal 0 0 1
    outer loop
      vertex -47.7689 -4.70482 32
      vertex -51.9486 -5.11649 32
      vertex -51.197 -10.1837 32
    endloop
  endfacet
  facet normal 0 0 1
    outer loop
      vertex -48 0 32
      vertex -52.2 0 32
      vertex -51.9486 -5.11649 32
    endloop
  endfacet
  facet normal 0.740963 -0.671546 0
    outer loop
      vertex 36.911 -36.911 32
      vertex 40.3511 -33.1153 0
      vertex 40.3511 -33.1153 32
    endloop
  endfacet
  facet normal 0.740963 -0.671546 0
    outer loop
      vertex 40.3511 -33.1153 0
      vertex 36.911 -36.911 32
      vertex 36.911 -36.911 0
    endloop
  endfacet
  facet normal 0.8032 0.595709 0
    outer loop
      vertex 43.4027 29.0008 32
      vertex 40.3511 33.1153 0
      vertex 40.3511 33.1153 32
    endloop
  endfacet
  facet normal 0.8032 0.595709 0
    outer loop
      vertex 40.3511 33.1153 0
      vertex 43.4027 29.0008 32
      vertex 43.4027 29.0008 0
    endloop
  endfacet
  facet normal 0.146721 0.989178 -0
    outer loop
      vertex 10.1837 51.197 0
      vertex 5.11649 51.9486 32
      vertex 10.1837 51.197 32
    endloop
  endfacet
  facet normal 0.146721 0.989178 0
    outer loop
      vertex 5.11649 51.9486 32
      vertex 10.1837 51.197 0
      vertex 5.11649 51.9486 0
    endloop
  endfacet
  facet normal 0.90399 -0.427554 0
    outer loop
      vertex 46.0363 -24.6069 32
      vertex 48.2265 -19.9761 0
      vertex 48.2265 -19.9761 32
    endloop
  endfacet
  facet normal 0.90399 -0.427554 0
    outer loop
      vertex 48.2265 -19.9761 0
      vertex 46.0363 -24.6069 32
      vertex 46.0363 -24.6069 0
    endloop
  endfacet
  facet normal 0.427554 0.90399 -0
    outer loop
      vertex 24.6069 46.0363 0
      vertex 19.9761 48.2265 32
      vertex 24.6069 46.0363 32
    endloop
  endfacet
  facet normal 0.427554 0.90399 0
    outer loop
      vertex 19.9761 48.2265 32
      vertex 24.6069 46.0363 0
      vertex 19.9761 48.2265 0
    endloop
  endfacet
  facet normal -0.242977 0.970032 0
    outer loop
      vertex -10.1837 51.197 0
      vertex -15.1529 49.9523 32
      vertex -10.1837 51.197 32
    endloop
  endfacet
  facet normal -0.242977 0.970032 0
    outer loop
      vertex -15.1529 49.9523 32
      vertex -10.1837 51.197 0
      vertex -15.1529 49.9523 0
    endloop
  endfacet
  facet normal -0.941542 -0.336895 0
    outer loop
      vertex -48.2265 -19.9761 0
      vertex -49.9523 -15.1529 32
      vertex -49.9523 -15.1529 0
    endloop
  endfacet
  facet normal -0.941542 -0.336895 0
    outer loop
      vertex -49.9523 -15.1529 32
      vertex -48.2265 -19.9761 0
      vertex -48.2265 -19.9761 32
    endloop
  endfacet
  facet normal -0.90399 0.427554 0
    outer loop
      vertex -48.2265 19.9761 0
      vertex -46.0363 24.6069 32
      vertex -46.0363 24.6069 0
    endloop
  endfacet
  facet normal -0.90399 0.427554 0
    outer loop
      vertex -46.0363 24.6069 32
      vertex -48.2265 19.9761 0
      vertex -48.2265 19.9761 32
    endloop
  endfacet
  facet normal -0.970032 0.242977 0
    outer loop
      vertex -51.197 10.1837 0
      vertex -49.9523 15.1529 32
      vertex -49.9523 15.1529 0
    endloop
  endfacet
  facet normal -0.970032 0.242977 0
    outer loop
      vertex -49.9523 15.1529 32
      vertex -51.197 10.1837 0
      vertex -51.197 10.1837 32
    endloop
  endfacet
  facet normal -0.336895 0.941542 0
    outer loop
      vertex -15.1529 49.9523 0
      vertex -19.9761 48.2265 32
      vertex -15.1529 49.9523 32
    endloop
  endfacet
  facet normal -0.336895 0.941542 0
    outer loop
      vertex -19.9761 48.2265 32
      vertex -15.1529 49.9523 0
      vertex -19.9761 48.2265 0
    endloop
  endfacet
  facet normal -0.989178 0.146721 0
    outer loop
      vertex -51.9486 5.11649 0
      vertex -51.197 10.1837 32
      vertex -51.197 10.1837 0
    endloop
  endfacet
  facet normal -0.989178 0.146721 0
    outer loop
      vertex -51.197 10.1837 32
      vertex -51.9486 5.11649 0
      vertex -51.9486 5.11649 32
    endloop
  endfacet
  facet normal 0.941542 -0.336895 0
    outer loop
      vertex 48.2265 -19.9761 32
      vertex 49.9523 -15.1529 0
      vertex 49.9523 -15.1529 32
    endloop
  endfacet
  facet normal 0.941542 -0.336895 0
    outer loop
      vertex 49.9523 -15.1529 0
      vertex 48.2265 -19.9761 32
      vertex 48.2265 -19.9761 0
    endloop
  endfacet
  facet normal -0.595709 0.8032 0
    outer loop
      vertex -29.0008 43.4027 25.6
      vertex -33.1153 40.3511 32
      vertex -29.0008 43.4027 32
    endloop
  endfacet
  facet normal -0.595709 0.8032 0
    outer loop
      vertex -33.1153 40.3511 32
      vertex -29.0008 43.4027 25.6
      vertex -33.1153 40.3511 25.6
    endloop
  endfacet
  facet normal -0.595709 0.8032 0
    outer loop
      vertex -29.0008 43.4027 0
      vertex -33.1153 40.3511 6.4
      vertex -29.0008 43.4027 6.4
    endloop
  endfacet
  facet normal -0.595709 0.8032 0
    outer loop
      vertex -33.1153 40.3511 6.4
      vertex -29.0008 43.4027 0
      vertex -33.1153 40.3511 0
    endloop
  endfacet
  facet normal -0.595709 0.8032 0
    outer loop
      vertex -29.0008 43.4027 9.6
      vertex -33.1153 40.3511 22.4
      vertex -29.0008 43.4027 22.4
    endloop
  endfacet
  facet normal -0.595709 0.8032 0
    outer loop
      vertex -33.1153 40.3511 22.4
      vertex -29.0008 43.4027 9.6
      vertex -33.1153 40.3511 9.6
    endloop
  endfacet
  facet normal -0.989178 -0.146721 0
    outer loop
      vertex -51.197 -10.1837 0
      vertex -51.9486 -5.11649 32
      vertex -51.9486 -5.11649 0
    endloop
  endfacet
  facet normal -0.989178 -0.146721 0
    outer loop
      vertex -51.9486 -5.11649 32
      vertex -51.197 -10.1837 0
      vertex -51.197 -10.1837 32
    endloop
  endfacet
  facet normal -0.146742 -0.989175 0
    outer loop
      vertex -10.1837 -51.197 0
      vertex -9 -51.3726 32
      vertex -10.1837 -51.197 32
    endloop
  endfacet
  facet normal -0.146742 -0.989175 -0
    outer loop
      vertex -9 -51.3726 32
      vertex -10.1837 -51.197 0
      vertex -9 -51.3726 0
    endloop
  endfacet
  facet normal 0.049076 0.998795 -0
    outer loop
      vertex 5.11649 51.9486 0
      vertex 0 52.2 32
      vertex 5.11649 51.9486 32
    endloop
  endfacet
  facet normal 0.049076 0.998795 0
    outer loop
      vertex 0 52.2 32
      vertex 5.11649 51.9486 0
      vertex 0 52.2 0
    endloop
  endfacet
  facet normal 0.427554 -0.90399 0
    outer loop
      vertex 19.9761 -48.2265 0
      vertex 24.6069 -46.0363 32
      vertex 19.9761 -48.2265 32
    endloop
  endfacet
  facet normal 0.427554 -0.90399 0
    outer loop
      vertex 24.6069 -46.0363 32
      vertex 19.9761 -48.2265 0
      vertex 24.6069 -46.0363 0
    endloop
  endfacet
  facet normal 0.595709 0.8032 -0
    outer loop
      vertex 33.1153 40.3511 0
      vertex 29.0008 43.4027 32
      vertex 33.1153 40.3511 32
    endloop
  endfacet
  facet normal 0.595709 0.8032 0
    outer loop
      vertex 29.0008 43.4027 32
      vertex 33.1153 40.3511 0
      vertex 29.0008 43.4027 0
    endloop
  endfacet
  facet normal 0.242977 0.970032 -0
    outer loop
      vertex 15.1529 49.9523 0
      vertex 10.1837 51.197 32
      vertex 15.1529 49.9523 32
    endloop
  endfacet
  facet normal 0.242977 0.970032 0
    outer loop
      vertex 10.1837 51.197 32
      vertex 15.1529 49.9523 0
      vertex 10.1837 51.197 0
    endloop
  endfacet
  facet normal -0.595709 -0.8032 0
    outer loop
      vertex -33.1153 -40.3511 0
      vertex -29.0008 -43.4027 32
      vertex -33.1153 -40.3511 32
    endloop
  endfacet
  facet normal -0.595709 -0.8032 -0
    outer loop
      vertex -29.0008 -43.4027 32
      vertex -33.1153 -40.3511 0
      vertex -29.0008 -43.4027 0
    endloop
  endfacet
  facet normal -0.049076 0.998795 0
    outer loop
      vertex 0 52.2 0
      vertex -5.11649 51.9486 32
      vertex 0 52.2 32
    endloop
  endfacet
  facet normal -0.049076 0.998795 0
    outer loop
      vertex -5.11649 51.9486 32
      vertex 0 52.2 0
      vertex -5.11649 51.9486 0
    endloop
  endfacet
  facet normal 0.242977 -0.970032 0
    outer loop
      vertex 10.1837 -51.197 0
      vertex 15.1529 -49.9523 32
      vertex 10.1837 -51.197 32
    endloop
  endfacet
  facet normal 0.242977 -0.970032 0
    outer loop
      vertex 15.1529 -49.9523 32
      vertex 10.1837 -51.197 0
      vertex 15.1529 -49.9523 0
    endloop
  endfacet
  facet normal -0.514102 0.857729 2.97663e-06
    outer loop
      vertex -24.6069 46.0363 32
      vertex -24.6675 46 25.6
      vertex -29.0008 43.4027 32
    endloop
  endfacet
  facet normal -0.513871 0.857867 0
    outer loop
      vertex -24.6069 46.0363 32
      vertex -24.6675 46 22.4
      vertex -24.6675 46 25.6
    endloop
  endfacet
  facet normal -0.514106 0.857727 0
    outer loop
      vertex -24.6675 46 22.4
      vertex -24.6675 46 9.6
      vertex -29.0008 43.4027 22.4
    endloop
  endfacet
  facet normal -0.513871 0.857867 0
    outer loop
      vertex -24.6069 46.0363 32
      vertex -24.6675 46 9.6
      vertex -24.6675 46 22.4
    endloop
  endfacet
  facet normal -0.513871 0.857867 0
    outer loop
      vertex -24.6069 46.0363 32
      vertex -24.6675 46 6.4
      vertex -24.6675 46 9.6
    endloop
  endfacet
  facet normal -0.513871 0.857867 0
    outer loop
      vertex -24.6069 46.0363 0
      vertex -24.6675 46 6.4
      vertex -24.6069 46.0363 32
    endloop
  endfacet
  facet normal -0.514106 0.857727 -3.01825e-06
    outer loop
      vertex -24.6069 46.0363 0
      vertex -29.0008 43.4027 6.4
      vertex -24.6675 46 6.4
    endloop
  endfacet
  facet normal -0.514102 0.857729 0
    outer loop
      vertex -29.0008 43.4027 6.4
      vertex -24.6069 46.0363 0
      vertex -29.0008 43.4027 0
    endloop
  endfacet
  facet normal -0.514106 0.857727 0
    outer loop
      vertex -29.0008 43.4027 32
      vertex -24.6675 46 25.6
      vertex -29.0008 43.4027 25.6
    endloop
  endfacet
  facet normal -0.514106 0.857727 0
    outer loop
      vertex -29.0008 43.4027 22.4
      vertex -24.6675 46 9.6
      vertex -29.0008 43.4027 9.6
    endloop
  endfacet
  facet normal -0.998795 0.049076 0
    outer loop
      vertex -52.2 0 0
      vertex -51.9486 5.11649 32
      vertex -51.9486 5.11649 0
    endloop
  endfacet
  facet normal -0.998795 0.049076 0
    outer loop
      vertex -51.9486 5.11649 32
      vertex -52.2 0 0
      vertex -52.2 0 32
    endloop
  endfacet
  facet normal 0.970029 -0.242991 0
    outer loop
      vertex 49.9523 -15.1529 32
      vertex 50.2411 -14 0
      vertex 50.2411 -14 32
    endloop
  endfacet
  facet normal 0.970029 -0.242991 0
    outer loop
      vertex 50.2411 -14 0
      vertex 49.9523 -15.1529 32
      vertex 49.9523 -15.1529 0
    endloop
  endfacet
  facet normal 0.671546 -0.740963 0
    outer loop
      vertex 33.1153 -40.3511 0
      vertex 36.911 -36.911 32
      vertex 33.1153 -40.3511 32
    endloop
  endfacet
  facet normal 0.671546 -0.740963 0
    outer loop
      vertex 36.911 -36.911 32
      vertex 33.1153 -40.3511 0
      vertex 36.911 -36.911 0
    endloop
  endfacet
  facet normal 0.857729 0.514102 0
    outer loop
      vertex 46.0363 24.6069 32
      vertex 43.4027 29.0008 0
      vertex 43.4027 29.0008 32
    endloop
  endfacet
  facet normal 0.857729 0.514102 0
    outer loop
      vertex 43.4027 29.0008 0
      vertex 46.0363 24.6069 32
      vertex 46.0363 24.6069 0
    endloop
  endfacet
  facet normal 0.8032 -0.595709 0
    outer loop
      vertex 40.3511 -33.1153 32
      vertex 43.4027 -29.0008 0
      vertex 43.4027 -29.0008 32
    endloop
  endfacet
  facet normal 0.8032 -0.595709 0
    outer loop
      vertex 43.4027 -29.0008 0
      vertex 40.3511 -33.1153 32
      vertex 40.3511 -33.1153 0
    endloop
  endfacet
  facet normal -0.8032 -0.595709 0
    outer loop
      vertex -40.3511 -33.1153 0
      vertex -43.4027 -29.0008 32
      vertex -43.4027 -29.0008 0
    endloop
  endfacet
  facet normal -0.8032 -0.595709 0
    outer loop
      vertex -43.4027 -29.0008 32
      vertex -40.3511 -33.1153 0
      vertex -40.3511 -33.1153 32
    endloop
  endfacet
  facet normal -0.740963 -0.671546 0
    outer loop
      vertex -36.911 -36.911 0
      vertex -40.3511 -33.1153 32
      vertex -40.3511 -33.1153 0
    endloop
  endfacet
  facet normal -0.740963 -0.671546 0
    outer loop
      vertex -40.3511 -33.1153 32
      vertex -36.911 -36.911 0
      vertex -36.911 -36.911 32
    endloop
  endfacet
  facet normal -0.671539 0.740969 0
    outer loop
      vertex -33.1153 40.3511 6.4
      vertex -33.1153 40.3511 0
      vertex -35 38.643 6.4
    endloop
  endfacet
  facet normal -0.671539 0.740969 0
    outer loop
      vertex -33.1153 40.3511 22.4
      vertex -33.1153 40.3511 9.6
      vertex -35 38.643 22.4
    endloop
  endfacet
  facet normal -0.671539 0.740969 0
    outer loop
      vertex -35 38.643 25.6
      vertex -33.1153 40.3511 32
      vertex -33.1153 40.3511 25.6
    endloop
  endfacet
  facet normal -0.671546 0.740963 3.69986e-06
    outer loop
      vertex -33.1153 40.3511 32
      vertex -35 38.643 25.6
      vertex -36.911 36.911 32
    endloop
  endfacet
  facet normal -0.671775 0.740755 -0.0001212
    outer loop
      vertex -35.1568 38.5008 25.5923
      vertex -36.911 36.911 32
      vertex -35 38.643 25.6
    endloop
  endfacet
  facet normal -0.671418 0.741079 5.72559e-05
    outer loop
      vertex -35.3121 38.3601 25.5693
      vertex -36.911 36.911 32
      vertex -35.1568 38.5008 25.5923
    endloop
  endfacet
  facet normal -0.671489 0.741014 2.47333e-05
    outer loop
      vertex -35.4645 38.222 25.5311
      vertex -36.911 36.911 32
      vertex -35.3121 38.3601 25.5693
    endloop
  endfacet
  facet normal -0.671665 0.740855 -4.67777e-05
    outer loop
      vertex -35.6123 38.088 25.4782
      vertex -36.911 36.911 32
      vertex -35.4645 38.222 25.5311
    endloop
  endfacet
  facet normal -0.671529 0.740978 2.54655e-06
    outer loop
      vertex -35.7542 37.9594 25.4111
      vertex -36.911 36.911 32
      vertex -35.6123 38.088 25.4782
    endloop
  endfacet
  facet normal -0.671598 0.740916 -1.94883e-05
    outer loop
      vertex -35.8889 37.8373 25.3304
      vertex -36.911 36.911 32
      vertex -35.7542 37.9594 25.4111
    endloop
  endfacet
  facet normal -0.671584 0.740929 -1.55035e-05
    outer loop
      vertex -36.015 37.723 25.2368
      vertex -36.911 36.911 32
      vertex -35.8889 37.8373 25.3304
    endloop
  endfacet
  facet normal -0.671246 0.741234 6.59118e-05
    outer loop
      vertex -36.1314 37.6176 25.1314
      vertex -36.911 36.911 32
      vertex -36.015 37.723 25.2368
    endloop
  endfacet
  facet normal -0.671803 0.74073 -4.92065e-05
    outer loop
      vertex -36.2368 37.522 25.015
      vertex -36.911 36.911 32
      vertex -36.1314 37.6176 25.1314
    endloop
  endfacet
  facet normal -0.671424 0.741074 1.74934e-05
    outer loop
      vertex -36.3304 37.4372 24.8889
      vertex -36.911 36.911 32
      vertex -36.2368 37.522 25.015
    endloop
  endfacet
  facet normal -0.671369 0.741123 2.555e-05
    outer loop
      vertex -36.4111 37.3641 24.7542
      vertex -36.911 36.911 32
      vertex -36.3304 37.4372 24.8889
    endloop
  endfacet
  facet normal -0.672005 0.740546 -5.4365e-05
    outer loop
      vertex -36.4782 37.3032 24.6123
      vertex -36.911 36.911 32
      vertex -36.4111 37.3641 24.7542
    endloop
  endfacet
  facet normal -0.671247 0.741233 2.65019e-05
    outer loop
      vertex -36.5311 37.2553 24.4645
      vertex -36.911 36.911 32
      vertex -36.4782 37.3032 24.6123
    endloop
  endfacet
  facet normal -0.671356 0.741135 1.65481e-05
    outer loop
      vertex -36.5693 37.2207 24.3121
      vertex -36.911 36.911 32
      vertex -36.5311 37.2553 24.4645
    endloop
  endfacet
  facet normal -0.672293 0.740285 -5.93483e-05
    outer loop
      vertex -36.5923 37.1998 24.1568
      vertex -36.911 36.911 32
      vertex -36.5693 37.2207 24.3121
    endloop
  endfacet
  facet normal -0.672139 0.740425 -4.79015e-05
    outer loop
      vertex -36.6 37.1928 24
      vertex -36.911 36.911 32
      vertex -36.5923 37.1998 24.1568
    endloop
  endfacet
  facet normal -0.671539 0.740969 0
    outer loop
      vertex -35 38.643 9.6
      vertex -35 38.643 22.4
      vertex -33.1153 40.3511 9.6
    endloop
  endfacet
  facet normal -0.671779 0.740752 0
    outer loop
      vertex -35 38.643 22.4
      vertex -35 38.643 9.6
      vertex -35.1568 38.5008 22.4077
    endloop
  endfacet
  facet normal -0.671779 0.740752 0
    outer loop
      vertex -35.1568 38.5008 9.59229
      vertex -35.1568 38.5008 22.4077
      vertex -35 38.643 9.6
    endloop
  endfacet
  facet normal -0.671413 0.741083 0
    outer loop
      vertex -35.1568 38.5008 22.4077
      vertex -35.1568 38.5008 9.59229
      vertex -35.3121 38.3601 22.4307
    endloop
  endfacet
  facet normal -0.671413 0.741083 0
    outer loop
      vertex -35.3121 38.3601 9.56926
      vertex -35.3121 38.3601 22.4307
      vertex -35.1568 38.5008 9.59229
    endloop
  endfacet
  facet normal -0.671486 0.741017 0
    outer loop
      vertex -35.3121 38.3601 22.4307
      vertex -35.3121 38.3601 9.56926
      vertex -35.4645 38.222 22.4689
    endloop
  endfacet
  facet normal -0.671486 0.741017 0
    outer loop
      vertex -35.4645 38.222 9.5311
      vertex -35.4645 38.222 22.4689
      vertex -35.3121 38.3601 9.56926
    endloop
  endfacet
  facet normal -0.671674 0.740847 0
    outer loop
      vertex -35.4645 38.222 22.4689
      vertex -35.4645 38.222 9.5311
      vertex -35.6123 38.088 22.5218
    endloop
  endfacet
  facet normal -0.671674 0.740847 0
    outer loop
      vertex -35.6123 38.088 9.47821
      vertex -35.6123 38.088 22.5218
      vertex -35.4645 38.222 9.5311
    endloop
  endfacet
  facet normal -0.671528 0.740979 0
    outer loop
      vertex -35.6123 38.088 22.5218
      vertex -35.6123 38.088 9.47821
      vertex -35.7542 37.9594 22.5889
    endloop
  endfacet
  facet normal -0.671528 0.740979 0
    outer loop
      vertex -35.7542 37.9594 9.41107
      vertex -35.7542 37.9594 22.5889
      vertex -35.6123 38.088 9.47821
    endloop
  endfacet
  facet normal -0.671604 0.74091 0
    outer loop
      vertex -35.7542 37.9594 22.5889
      vertex -35.7542 37.9594 9.41107
      vertex -35.8889 37.8373 22.6696
    endloop
  endfacet
  facet normal -0.671604 0.74091 0
    outer loop
      vertex -35.8889 37.8373 9.33035
      vertex -35.8889 37.8373 22.6696
      vertex -35.7542 37.9594 9.41107
    endloop
  endfacet
  facet normal -0.67159 0.740923 0
    outer loop
      vertex -35.8889 37.8373 22.6696
      vertex -35.8889 37.8373 9.33035
      vertex -36.015 37.723 22.7632
    endloop
  endfacet
  facet normal -0.67159 0.740923 0
    outer loop
      vertex -36.015 37.723 9.23682
      vertex -36.015 37.723 22.7632
      vertex -35.8889 37.8373 9.33035
    endloop
  endfacet
  facet normal -0.671213 0.741264 0
    outer loop
      vertex -36.015 37.723 22.7632
      vertex -36.015 37.723 9.23682
      vertex -36.1314 37.6176 22.8686
    endloop
  endfacet
  facet normal -0.671213 0.741264 0
    outer loop
      vertex -36.1314 37.6176 9.13137
      vertex -36.1314 37.6176 22.8686
      vertex -36.015 37.723 9.23682
    endloop
  endfacet
  facet normal -0.671833 0.740703 0
    outer loop
      vertex -36.1314 37.6176 22.8686
      vertex -36.1314 37.6176 9.13137
      vertex -36.2368 37.522 22.985
    endloop
  endfacet
  facet normal -0.671833 0.740703 0
    outer loop
      vertex -36.2368 37.522 9.01503
      vertex -36.2368 37.522 22.985
      vertex -36.1314 37.6176 9.13137
    endloop
  endfacet
  facet normal -0.671411 0.741085 0
    outer loop
      vertex -36.2368 37.522 22.985
      vertex -36.2368 37.522 9.01503
      vertex -36.3304 37.4372 23.1111
    endloop
  endfacet
  facet normal -0.671411 0.741085 0
    outer loop
      vertex -36.3304 37.4372 8.88891
      vertex -36.3304 37.4372 23.1111
      vertex -36.2368 37.522 9.01503
    endloop
  endfacet
  facet normal -0.671346 0.741144 0
    outer loop
      vertex -36.3304 37.4372 23.1111
      vertex -36.3304 37.4372 8.88891
      vertex -36.4111 37.3641 23.2458
    endloop
  endfacet
  facet normal -0.671346 0.741144 0
    outer loop
      vertex -36.4111 37.3641 8.75423
      vertex -36.4111 37.3641 23.2458
      vertex -36.3304 37.4372 8.88891
    endloop
  endfacet
  facet normal -0.672068 0.740489 0
    outer loop
      vertex -36.4111 37.3641 23.2458
      vertex -36.4111 37.3641 8.75423
      vertex -36.4782 37.3032 23.3877
    endloop
  endfacet
  facet normal -0.672068 0.740489 0
    outer loop
      vertex -36.4782 37.3032 8.61229
      vertex -36.4782 37.3032 23.3877
      vertex -36.4111 37.3641 8.75423
    endloop
  endfacet
  facet normal -0.671207 0.74127 0
    outer loop
      vertex -36.4782 37.3032 23.3877
      vertex -36.4782 37.3032 8.61229
      vertex -36.5311 37.2553 23.5355
    endloop
  endfacet
  facet normal -0.671207 0.74127 0
    outer loop
      vertex -36.5311 37.2553 8.46445
      vertex -36.5311 37.2553 23.5355
      vertex -36.4782 37.3032 8.61229
    endloop
  endfacet
  facet normal -0.67132 0.741168 0
    outer loop
      vertex -36.5311 37.2553 23.5355
      vertex -36.5311 37.2553 8.46445
      vertex -36.5693 37.2207 23.6879
    endloop
  endfacet
  facet normal -0.67132 0.741168 0
    outer loop
      vertex -36.5693 37.2207 8.31214
      vertex -36.5693 37.2207 23.6879
      vertex -36.5311 37.2553 8.46445
    endloop
  endfacet
  facet normal -0.672513 0.740086 0
    outer loop
      vertex -36.5693 37.2207 23.6879
      vertex -36.5693 37.2207 8.31214
      vertex -36.5923 37.1998 23.8432
    endloop
  endfacet
  facet normal -0.672513 0.740086 0
    outer loop
      vertex -36.5923 37.1998 8.15683
      vertex -36.5923 37.1998 23.8432
      vertex -36.5693 37.2207 8.31214
    endloop
  endfacet
  facet normal -0.672673 0.73994 0
    outer loop
      vertex -36.5923 37.1998 23.8432
      vertex -36.5923 37.1998 8.15683
      vertex -36.6 37.1928 24
    endloop
  endfacet
  facet normal -0.672673 0.73994 0
    outer loop
      vertex -36.6 37.1928 8
      vertex -36.6 37.1928 24
      vertex -36.5923 37.1998 8.15683
    endloop
  endfacet
  facet normal -0.671462 0.741039 0
    outer loop
      vertex -36.6 37.1928 24
      vertex -36.6 37.1928 8
      vertex -36.911 36.911 32
    endloop
  endfacet
  facet normal -0.671546 0.740963 -3.69986e-06
    outer loop
      vertex -36.911 36.911 0
      vertex -35 38.643 6.4
      vertex -33.1153 40.3511 0
    endloop
  endfacet
  facet normal -0.671775 0.740755 0.0001212
    outer loop
      vertex -35 38.643 6.4
      vertex -36.911 36.911 0
      vertex -35.1568 38.5008 6.4077
    endloop
  endfacet
  facet normal -0.671418 0.741079 -5.7252e-05
    outer loop
      vertex -35.1568 38.5008 6.4077
      vertex -36.911 36.911 0
      vertex -35.3121 38.3601 6.43074
    endloop
  endfacet
  facet normal -0.671489 0.741014 -2.4735e-05
    outer loop
      vertex -35.3121 38.3601 6.43074
      vertex -36.911 36.911 0
      vertex -35.4645 38.222 6.46889
    endloop
  endfacet
  facet normal -0.671665 0.740855 4.67778e-05
    outer loop
      vertex -35.4645 38.222 6.46889
      vertex -36.911 36.911 0
      vertex -35.6123 38.088 6.52179
    endloop
  endfacet
  facet normal -0.671529 0.740978 -2.54643e-06
    outer loop
      vertex -35.6123 38.088 6.52179
      vertex -36.911 36.911 0
      vertex -35.7542 37.9594 6.58893
    endloop
  endfacet
  facet normal -0.671598 0.740916 1.94877e-05
    outer loop
      vertex -35.7542 37.9594 6.58893
      vertex -36.911 36.911 0
      vertex -35.8889 37.8373 6.66965
    endloop
  endfacet
  facet normal -0.671584 0.740929 1.55046e-05
    outer loop
      vertex -35.8889 37.8373 6.66965
      vertex -36.911 36.911 0
      vertex -36.015 37.723 6.76318
    endloop
  endfacet
  facet normal -0.671246 0.741234 -6.59086e-05
    outer loop
      vertex -36.015 37.723 6.76318
      vertex -36.911 36.911 0
      vertex -36.1314 37.6176 6.86863
    endloop
  endfacet
  facet normal -0.671803 0.74073 4.92091e-05
    outer loop
      vertex -36.1314 37.6176 6.86863
      vertex -36.911 36.911 0
      vertex -36.2368 37.522 6.98497
    endloop
  endfacet
  facet normal -0.671424 0.741074 -1.74931e-05
    outer loop
      vertex -36.2368 37.522 6.98497
      vertex -36.911 36.911 0
      vertex -36.3304 37.4372 7.11109
    endloop
  endfacet
  facet normal -0.671369 0.741123 -2.55507e-05
    outer loop
      vertex -36.3304 37.4372 7.11109
      vertex -36.911 36.911 0
      vertex -36.4111 37.3641 7.24576
    endloop
  endfacet
  facet normal -0.671462 0.741039 0
    outer loop
      vertex -36.6 37.1928 8
      vertex -36.911 36.911 0
      vertex -36.911 36.911 32
    endloop
  endfacet
  facet normal -0.672138 0.740425 4.78974e-05
    outer loop
      vertex -36.5923 37.1998 7.84317
      vertex -36.911 36.911 0
      vertex -36.6 37.1928 8
    endloop
  endfacet
  facet normal -0.672293 0.740285 5.93469e-05
    outer loop
      vertex -36.5693 37.2207 7.68785
      vertex -36.911 36.911 0
      vertex -36.5923 37.1998 7.84317
    endloop
  endfacet
  facet normal -0.671356 0.741135 -1.65497e-05
    outer loop
      vertex -36.5311 37.2553 7.53554
      vertex -36.911 36.911 0
      vertex -36.5693 37.2207 7.68785
    endloop
  endfacet
  facet normal -0.671247 0.741233 -2.65011e-05
    outer loop
      vertex -36.4782 37.3032 7.38771
      vertex -36.911 36.911 0
      vertex -36.5311 37.2553 7.53554
    endloop
  endfacet
  facet normal -0.672005 0.740546 5.43629e-05
    outer loop
      vertex -36.4111 37.3641 7.24576
      vertex -36.911 36.911 0
      vertex -36.4782 37.3032 7.38771
    endloop
  endfacet
  facet normal -0.970032 -0.242977 0
    outer loop
      vertex -49.9523 -15.1529 0
      vertex -51.197 -10.1837 32
      vertex -51.197 -10.1837 0
    endloop
  endfacet
  facet normal -0.970032 -0.242977 0
    outer loop
      vertex -51.197 -10.1837 32
      vertex -49.9523 -15.1529 0
      vertex -49.9523 -15.1529 32
    endloop
  endfacet
  facet normal -0.671546 -0.740963 0
    outer loop
      vertex -36.911 -36.911 0
      vertex -33.1153 -40.3511 32
      vertex -36.911 -36.911 32
    endloop
  endfacet
  facet normal -0.671546 -0.740963 -0
    outer loop
      vertex -33.1153 -40.3511 32
      vertex -36.911 -36.911 0
      vertex -33.1153 -40.3511 0
    endloop
  endfacet
  facet normal 0.671546 0.740963 -0
    outer loop
      vertex 36.911 36.911 0
      vertex 33.1153 40.3511 32
      vertex 36.911 36.911 32
    endloop
  endfacet
  facet normal 0.671546 0.740963 0
    outer loop
      vertex 33.1153 40.3511 32
      vertex 36.911 36.911 0
      vertex 33.1153 40.3511 0
    endloop
  endfacet
  facet normal -0.740963 0.671546 0
    outer loop
      vertex -40.3511 33.1153 0
      vertex -36.911 36.911 32
      vertex -36.911 36.911 0
    endloop
  endfacet
  facet normal -0.740963 0.671546 0
    outer loop
      vertex -36.911 36.911 32
      vertex -40.3511 33.1153 0
      vertex -40.3511 33.1153 32
    endloop
  endfacet
  facet normal 0.740963 0.671546 0
    outer loop
      vertex 40.3511 33.1153 32
      vertex 36.911 36.911 0
      vertex 36.911 36.911 32
    endloop
  endfacet
  facet normal 0.740963 0.671546 0
    outer loop
      vertex 36.911 36.911 0
      vertex 40.3511 33.1153 32
      vertex 40.3511 33.1153 0
    endloop
  endfacet
  facet normal -0.514102 -0.857729 0
    outer loop
      vertex -29.0008 -43.4027 0
      vertex -24.6069 -46.0363 32
      vertex -29.0008 -43.4027 32
    endloop
  endfacet
  facet normal -0.514102 -0.857729 -0
    outer loop
      vertex -24.6069 -46.0363 32
      vertex -29.0008 -43.4027 0
      vertex -24.6069 -46.0363 0
    endloop
  endfacet
  facet normal -0.8032 0.595709 0
    outer loop
      vertex -43.4027 29.0008 0
      vertex -40.3511 33.1153 32
      vertex -40.3511 33.1153 0
    endloop
  endfacet
  facet normal -0.8032 0.595709 0
    outer loop
      vertex -40.3511 33.1153 32
      vertex -43.4027 29.0008 0
      vertex -43.4027 29.0008 32
    endloop
  endfacet
  facet normal 0.595709 -0.8032 0
    outer loop
      vertex 29.0008 -43.4027 0
      vertex 33.1153 -40.3511 32
      vertex 29.0008 -43.4027 32
    endloop
  endfacet
  facet normal 0.595709 -0.8032 0
    outer loop
      vertex 33.1153 -40.3511 32
      vertex 29.0008 -43.4027 0
      vertex 33.1153 -40.3511 0
    endloop
  endfacet
  facet normal -0.857729 0.514102 0
    outer loop
      vertex -46.0363 24.6069 0
      vertex -43.4027 29.0008 32
      vertex -43.4027 29.0008 0
    endloop
  endfacet
  facet normal -0.857729 0.514102 0
    outer loop
      vertex -43.4027 29.0008 32
      vertex -46.0363 24.6069 0
      vertex -46.0363 24.6069 32
    endloop
  endfacet
  facet normal -0.941542 0.336895 0
    outer loop
      vertex -49.9523 15.1529 0
      vertex -48.2265 19.9761 32
      vertex -48.2265 19.9761 0
    endloop
  endfacet
  facet normal -0.941542 0.336895 0
    outer loop
      vertex -48.2265 19.9761 32
      vertex -49.9523 15.1529 0
      vertex -49.9523 15.1529 32
    endloop
  endfacet
  facet normal 0 0 -1
    outer loop
      vertex -10.1837 -51.197 0
      vertex -9 -47.1317 0
      vertex -9 -51.3726 0
    endloop
  endfacet
  facet normal -0 0 -1
    outer loop
      vertex -9 -47.1317 0
      vertex -10.1837 -51.197 0
      vertex -9.36434 -47.0777 0
    endloop
  endfacet
  facet normal 0 0 -1
    outer loop
      vertex -10.1837 -51.197 0
      vertex -13.9337 -45.9331 0
      vertex -9.36434 -47.0777 0
    endloop
  endfacet
  facet normal 0 0 -1
    outer loop
      vertex -15.1529 -49.9523 0
      vertex -13.9337 -45.9331 0
      vertex -10.1837 -51.197 0
    endloop
  endfacet
  facet normal 0 0 -1
    outer loop
      vertex -15.1529 -49.9523 0
      vertex -18.3688 -44.3462 0
      vertex -13.9337 -45.9331 0
    endloop
  endfacet
  facet normal 0 0 -1
    outer loop
      vertex -19.9761 -48.2265 0
      vertex -18.3688 -44.3462 0
      vertex -15.1529 -49.9523 0
    endloop
  endfacet
  facet normal 0 0 -1
    outer loop
      vertex -19.9761 -48.2265 0
      vertex -22.627 -42.3322 0
      vertex -18.3688 -44.3462 0
    endloop
  endfacet
  facet normal 0 0 -1
    outer loop
      vertex -24.6069 -46.0363 0
      vertex -22.627 -42.3322 0
      vertex -19.9761 -48.2265 0
    endloop
  endfacet
  facet normal 0 0 -1
    outer loop
      vertex -24.6069 -46.0363 0
      vertex -26.6674 -39.9105 0
      vertex -22.627 -42.3322 0
    endloop
  endfacet
  facet normal 0 0 -1
    outer loop
      vertex -29.0008 -43.4027 0
      vertex -26.6674 -39.9105 0
      vertex -24.6069 -46.0363 0
    endloop
  endfacet
  facet normal 0 0 -1
    outer loop
      vertex -29.0008 -43.4027 0
      vertex -30.4509 -37.1045 0
      vertex -26.6674 -39.9105 0
    endloop
  endfacet
  facet normal 0 0 -1
    outer loop
      vertex -33.1153 -40.3511 0
      vertex -30.4509 -37.1045 0
      vertex -29.0008 -43.4027 0
    endloop
  endfacet
  facet normal 0 0 -1
    outer loop
      vertex -33.1153 -40.3511 0
      vertex -33.9411 -33.9411 0
      vertex -30.4509 -37.1045 0
    endloop
  endfacet
  facet normal 0 0 -1
    outer loop
      vertex -36.911 -36.911 0
      vertex -33.9411 -33.9411 0
      vertex -33.1153 -40.3511 0
    endloop
  endfacet
  facet normal 0 0 -1
    outer loop
      vertex -36.911 -36.911 0
      vertex -37.1045 -30.4509 0
      vertex -33.9411 -33.9411 0
    endloop
  endfacet
  facet normal 0 0 -1
    outer loop
      vertex -40.3511 -33.1153 0
      vertex -37.1045 -30.4509 0
      vertex -36.911 -36.911 0
    endloop
  endfacet
  facet normal -0 0 -1
    outer loop
      vertex -37.1045 -30.4509 0
      vertex -40.3511 -33.1153 0
      vertex -39.9105 -26.6674 0
    endloop
  endfacet
  facet normal 0 0 -1
    outer loop
      vertex -43.4027 -29.0008 0
      vertex -39.9105 -26.6674 0
      vertex -40.3511 -33.1153 0
    endloop
  endfacet
  facet normal -0 0 -1
    outer loop
      vertex -39.9105 -26.6674 0
      vertex -43.4027 -29.0008 0
      vertex -42.3322 -22.627 0
    endloop
  endfacet
  facet normal 0 0 -1
    outer loop
      vertex -46.0363 -24.6069 0
      vertex -42.3322 -22.627 0
      vertex -43.4027 -29.0008 0
    endloop
  endfacet
  facet normal -0 0 -1
    outer loop
      vertex -42.3322 -22.627 0
      vertex -46.0363 -24.6069 0
      vertex -44.3462 -18.3688 0
    endloop
  endfacet
  facet normal 0 0 -1
    outer loop
      vertex -48.2265 -19.9761 0
      vertex -44.3462 -18.3688 0
      vertex -46.0363 -24.6069 0
    endloop
  endfacet
  facet normal -0 0 -1
    outer loop
      vertex -44.3462 -18.3688 0
      vertex -48.2265 -19.9761 0
      vertex -45.9331 -13.9337 0
    endloop
  endfacet
  facet normal 0 0 -1
    outer loop
      vertex -49.9523 -15.1529 0
      vertex -45.9331 -13.9337 0
      vertex -48.2265 -19.9761 0
    endloop
  endfacet
  facet normal 0 0 -1
    outer loop
      vertex -51.197 -10.1837 0
      vertex -47.0777 -9.36434 0
      vertex -49.9523 -15.1529 0
    endloop
  endfacet
  facet normal -0 0 -1
    outer loop
      vertex -45.9331 -13.9337 0
      vertex -49.9523 -15.1529 0
      vertex -47.0777 -9.36434 0
    endloop
  endfacet
  facet normal 0 0 -1
    outer loop
      vertex 66.2 -14 0
      vertex 54.05 -10.15 0
      vertex 66.2 -10.15 0
    endloop
  endfacet
  facet normal 0 0 -1
    outer loop
      vertex 47.0777 -9.36434 0
      vertex 54.05 -10.15 0
      vertex 50.2411 -14 0
    endloop
  endfacet
  facet normal 0 0 -1
    outer loop
      vertex 50.2411 -14 0
      vertex 54.05 -10.15 0
      vertex 66.2 -14 0
    endloop
  endfacet
  facet normal 0 0 -1
    outer loop
      vertex 54.05 10.15 0
      vertex 66.2 14 0
      vertex 66.2 10.15 0
    endloop
  endfacet
  facet normal 0 0 -1
    outer loop
      vertex 54.05 10.15 0
      vertex 50.2411 14 0
      vertex 66.2 14 0
    endloop
  endfacet
  facet normal 0 -0 -1
    outer loop
      vertex 48 0 0
      vertex 54.05 -10.15 0
      vertex 47.7689 -4.70482 0
    endloop
  endfacet
  facet normal 0 0 -1
    outer loop
      vertex 45.9331 -13.9337 0
      vertex 50.2411 -14 0
      vertex 49.9523 -15.1529 0
    endloop
  endfacet
  facet normal 0 0 -1
    outer loop
      vertex 47.7689 4.70482 0
      vertex 54.05 10.15 0
      vertex 48 0 0
    endloop
  endfacet
  facet normal 0 0 -1
    outer loop
      vertex 45.9331 -13.9337 0
      vertex 49.9523 -15.1529 0
      vertex 48.2265 -19.9761 0
    endloop
  endfacet
  facet normal 0 0 -1
    outer loop
      vertex 47.0777 9.36434 0
      vertex 54.05 10.15 0
      vertex 47.7689 4.70482 0
    endloop
  endfacet
  facet normal -0 0 -1
    outer loop
      vertex 54.05 10.15 0
      vertex 47.0777 9.36434 0
      vertex 50.2411 14 0
    endloop
  endfacet
  facet normal 0 0 -1
    outer loop
      vertex 54.05 -10.15 0
      vertex 48 0 0
      vertex 54.05 10.15 0
    endloop
  endfacet
  facet normal 0 0 -1
    outer loop
      vertex 54.05 -10.15 0
      vertex 47.0777 -9.36434 0
      vertex 47.7689 -4.70482 0
    endloop
  endfacet
  facet normal 0 0 -1
    outer loop
      vertex 44.3462 -18.3688 0
      vertex 48.2265 -19.9761 0
      vertex 46.0363 -24.6069 0
    endloop
  endfacet
  facet normal 0 0 -1
    outer loop
      vertex 50.2411 -14 0
      vertex 45.9331 -13.9337 0
      vertex 47.0777 -9.36434 0
    endloop
  endfacet
  facet normal 0 0 -1
    outer loop
      vertex 48.2265 -19.9761 0
      vertex 44.3462 -18.3688 0
      vertex 45.9331 -13.9337 0
    endloop
  endfacet
  facet normal 0 0 -1
    outer loop
      vertex 42.3322 -22.627 0
      vertex 46.0363 -24.6069 0
      vertex 43.4027 -29.0008 0
    endloop
  endfacet
  facet normal 0 0 -1
    outer loop
      vertex 46.0363 -24.6069 0
      vertex 42.3322 -22.627 0
      vertex 44.3462 -18.3688 0
    endloop
  endfacet
  facet normal 0 0 -1
    outer loop
      vertex 39.9105 -26.6674 0
      vertex 43.4027 -29.0008 0
      vertex 40.3511 -33.1153 0
    endloop
  endfacet
  facet normal 0 0 -1
    outer loop
      vertex 43.4027 -29.0008 0
      vertex 39.9105 -26.6674 0
      vertex 42.3322 -22.627 0
    endloop
  endfacet
  facet normal 0 0 -1
    outer loop
      vertex 40.3511 -33.1153 0
      vertex 37.1045 -30.4509 0
      vertex 39.9105 -26.6674 0
    endloop
  endfacet
  facet normal 0 0 -1
    outer loop
      vertex 36.911 -36.911 0
      vertex 37.1045 -30.4509 0
      vertex 40.3511 -33.1153 0
    endloop
  endfacet
  facet normal 0 0 -1
    outer loop
      vertex 36.911 -36.911 0
      vertex 33.9411 -33.9411 0
      vertex 37.1045 -30.4509 0
    endloop
  endfacet
  facet normal 0 0 -1
    outer loop
      vertex 33.1153 -40.3511 0
      vertex 33.9411 -33.9411 0
      vertex 36.911 -36.911 0
    endloop
  endfacet
  facet normal 0 0 -1
    outer loop
      vertex 33.1153 -40.3511 0
      vertex 30.4509 -37.1045 0
      vertex 33.9411 -33.9411 0
    endloop
  endfacet
  facet normal 0 0 -1
    outer loop
      vertex 29.0008 -43.4027 0
      vertex 30.4509 -37.1045 0
      vertex 33.1153 -40.3511 0
    endloop
  endfacet
  facet normal 0 0 -1
    outer loop
      vertex 29.0008 -43.4027 0
      vertex 26.6674 -39.9105 0
      vertex 30.4509 -37.1045 0
    endloop
  endfacet
  facet normal 0 0 -1
    outer loop
      vertex 24.6069 -46.0363 0
      vertex 26.6674 -39.9105 0
      vertex 29.0008 -43.4027 0
    endloop
  endfacet
  facet normal 0 0 -1
    outer loop
      vertex 24.6069 -46.0363 0
      vertex 22.627 -42.3322 0
      vertex 26.6674 -39.9105 0
    endloop
  endfacet
  facet normal 0 0 -1
    outer loop
      vertex 19.9761 -48.2265 0
      vertex 22.627 -42.3322 0
      vertex 24.6069 -46.0363 0
    endloop
  endfacet
  facet normal 0 0 -1
    outer loop
      vertex 19.9761 -48.2265 0
      vertex 18.3688 -44.3462 0
      vertex 22.627 -42.3322 0
    endloop
  endfacet
  facet normal 0 0 -1
    outer loop
      vertex 15.1529 -49.9523 0
      vertex 18.3688 -44.3462 0
      vertex 19.9761 -48.2265 0
    endloop
  endfacet
  facet normal 0 0 -1
    outer loop
      vertex 15.1529 -49.9523 0
      vertex 13.9337 -45.9331 0
      vertex 18.3688 -44.3462 0
    endloop
  endfacet
  facet normal 0 0 -1
    outer loop
      vertex 10.1837 -51.197 0
      vertex 13.9337 -45.9331 0
      vertex 15.1529 -49.9523 0
    endloop
  endfacet
  facet normal 0 0 -1
    outer loop
      vertex 10.1837 -51.197 0
      vertex 9.36434 -47.0777 0
      vertex 13.9337 -45.9331 0
    endloop
  endfacet
  facet normal 0 0 -1
    outer loop
      vertex 9 -47.1317 0
      vertex 10.1837 -51.197 0
      vertex 9 -51.3726 0
    endloop
  endfacet
  facet normal 0 0 -1
    outer loop
      vertex 10.1837 -51.197 0
      vertex 9 -47.1317 0
      vertex 9.36434 -47.0777 0
    endloop
  endfacet
  facet normal 0 0 -1
    outer loop
      vertex 45.9331 13.9337 0
      vertex 50.2411 14 0
      vertex 47.0777 9.36434 0
    endloop
  endfacet
  facet normal -0 0 -1
    outer loop
      vertex 50.2411 14 0
      vertex 45.9331 13.9337 0
      vertex 49.9523 15.1529 0
    endloop
  endfacet
  facet normal -0 0 -1
    outer loop
      vertex 49.9523 15.1529 0
      vertex 45.9331 13.9337 0
      vertex 48.2265 19.9761 0
    endloop
  endfacet
  facet normal 0 0 -1
    outer loop
      vertex 44.3462 18.3688 0
      vertex 48.2265 19.9761 0
      vertex 45.9331 13.9337 0
    endloop
  endfacet
  facet normal -0 0 -1
    outer loop
      vertex 48.2265 19.9761 0
      vertex 44.3462 18.3688 0
      vertex 46.0363 24.6069 0
    endloop
  endfacet
  facet normal 0 0 -1
    outer loop
      vertex 42.3322 22.627 0
      vertex 46.0363 24.6069 0
      vertex 44.3462 18.3688 0
    endloop
  endfacet
  facet normal -0 0 -1
    outer loop
      vertex 46.0363 24.6069 0
      vertex 42.3322 22.627 0
      vertex 43.4027 29.0008 0
    endloop
  endfacet
  facet normal 0 0 -1
    outer loop
      vertex 39.9105 26.6674 0
      vertex 43.4027 29.0008 0
      vertex 42.3322 22.627 0
    endloop
  endfacet
  facet normal -0 0 -1
    outer loop
      vertex 43.4027 29.0008 0
      vertex 39.9105 26.6674 0
      vertex 40.3511 33.1153 0
    endloop
  endfacet
  facet normal 0 0 -1
    outer loop
      vertex 37.1045 30.4509 0
      vertex 40.3511 33.1153 0
      vertex 39.9105 26.6674 0
    endloop
  endfacet
  facet normal 0 0 -1
    outer loop
      vertex 37.1045 30.4509 0
      vertex 36.911 36.911 0
      vertex 40.3511 33.1153 0
    endloop
  endfacet
  facet normal 0 0 -1
    outer loop
      vertex 33.9411 33.9411 0
      vertex 36.911 36.911 0
      vertex 37.1045 30.4509 0
    endloop
  endfacet
  facet normal 0 0 -1
    outer loop
      vertex 33.9411 33.9411 0
      vertex 33.1153 40.3511 0
      vertex 36.911 36.911 0
    endloop
  endfacet
  facet normal 0 0 -1
    outer loop
      vertex 30.4509 37.1045 0
      vertex 33.1153 40.3511 0
      vertex 33.9411 33.9411 0
    endloop
  endfacet
  facet normal 0 0 -1
    outer loop
      vertex 30.4509 37.1045 0
      vertex 29.0008 43.4027 0
      vertex 33.1153 40.3511 0
    endloop
  endfacet
  facet normal 0 0 -1
    outer loop
      vertex 26.6674 39.9105 0
      vertex 29.0008 43.4027 0
      vertex 30.4509 37.1045 0
    endloop
  endfacet
  facet normal 0 0 -1
    outer loop
      vertex 26.6674 39.9105 0
      vertex 24.6069 46.0363 0
      vertex 29.0008 43.4027 0
    endloop
  endfacet
  facet normal 0 0 -1
    outer loop
      vertex 22.627 42.3322 0
      vertex 24.6069 46.0363 0
      vertex 26.6674 39.9105 0
    endloop
  endfacet
  facet normal 0 0 -1
    outer loop
      vertex 22.627 42.3322 0
      vertex 19.9761 48.2265 0
      vertex 24.6069 46.0363 0
    endloop
  endfacet
  facet normal 0 0 -1
    outer loop
      vertex 18.3688 44.3462 0
      vertex 19.9761 48.2265 0
      vertex 22.627 42.3322 0
    endloop
  endfacet
  facet normal 0 0 -1
    outer loop
      vertex 18.3688 44.3462 0
      vertex 15.1529 49.9523 0
      vertex 19.9761 48.2265 0
    endloop
  endfacet
  facet normal 0 0 -1
    outer loop
      vertex 13.9337 45.9331 0
      vertex 15.1529 49.9523 0
      vertex 18.3688 44.3462 0
    endloop
  endfacet
  facet normal 0 0 -1
    outer loop
      vertex 13.9337 45.9331 0
      vertex 10.1837 51.197 0
      vertex 15.1529 49.9523 0
    endloop
  endfacet
  facet normal 0 0 -1
    outer loop
      vertex 9.36434 47.0777 0
      vertex 10.1837 51.197 0
      vertex 13.9337 45.9331 0
    endloop
  endfacet
  facet normal 0 0 -1
    outer loop
      vertex 9.36434 47.0777 0
      vertex 5.11649 51.9486 0
      vertex 10.1837 51.197 0
    endloop
  endfacet
  facet normal 0 0 -1
    outer loop
      vertex 4.70482 47.7689 0
      vertex 5.11649 51.9486 0
      vertex 9.36434 47.0777 0
    endloop
  endfacet
  facet normal 0 0 -1
    outer loop
      vertex 0 48 0
      vertex 5.11649 51.9486 0
      vertex 4.70482 47.7689 0
    endloop
  endfacet
  facet normal 0 0 -1
    outer loop
      vertex 0 48 0
      vertex 0 52.2 0
      vertex 5.11649 51.9486 0
    endloop
  endfacet
  facet normal 0 0 -1
    outer loop
      vertex -4.70482 47.7689 0
      vertex 0 52.2 0
      vertex 0 48 0
    endloop
  endfacet
  facet normal 0 0 -1
    outer loop
      vertex -4.70482 47.7689 0
      vertex -5.11649 51.9486 0
      vertex 0 52.2 0
    endloop
  endfacet
  facet normal 0 0 -1
    outer loop
      vertex -9.36434 47.0777 0
      vertex -5.11649 51.9486 0
      vertex -4.70482 47.7689 0
    endloop
  endfacet
  facet normal 0 0 -1
    outer loop
      vertex -9.36434 47.0777 0
      vertex -10.1837 51.197 0
      vertex -5.11649 51.9486 0
    endloop
  endfacet
  facet normal 0 0 -1
    outer loop
      vertex -13.9337 45.9331 0
      vertex -10.1837 51.197 0
      vertex -9.36434 47.0777 0
    endloop
  endfacet
  facet normal 0 0 -1
    outer loop
      vertex -13.9337 45.9331 0
      vertex -15.1529 49.9523 0
      vertex -10.1837 51.197 0
    endloop
  endfacet
  facet normal 0 0 -1
    outer loop
      vertex -18.3688 44.3462 0
      vertex -15.1529 49.9523 0
      vertex -13.9337 45.9331 0
    endloop
  endfacet
  facet normal 0 0 -1
    outer loop
      vertex -18.3688 44.3462 0
      vertex -19.9761 48.2265 0
      vertex -15.1529 49.9523 0
    endloop
  endfacet
  facet normal 0 0 -1
    outer loop
      vertex -22.627 42.3322 0
      vertex -19.9761 48.2265 0
      vertex -18.3688 44.3462 0
    endloop
  endfacet
  facet normal 0 0 -1
    outer loop
      vertex -22.627 42.3322 0
      vertex -24.6069 46.0363 0
      vertex -19.9761 48.2265 0
    endloop
  endfacet
  facet normal 0 0 -1
    outer loop
      vertex -26.6674 39.9105 0
      vertex -24.6069 46.0363 0
      vertex -22.627 42.3322 0
    endloop
  endfacet
  facet normal 0 0 -1
    outer loop
      vertex -26.6674 39.9105 0
      vertex -29.0008 43.4027 0
      vertex -24.6069 46.0363 0
    endloop
  endfacet
  facet normal 0 0 -1
    outer loop
      vertex -30.4509 37.1045 0
      vertex -29.0008 43.4027 0
      vertex -26.6674 39.9105 0
    endloop
  endfacet
  facet normal 0 0 -1
    outer loop
      vertex -30.4509 37.1045 0
      vertex -33.1153 40.3511 0
      vertex -29.0008 43.4027 0
    endloop
  endfacet
  facet normal 0 0 -1
    outer loop
      vertex -33.9411 33.9411 0
      vertex -33.1153 40.3511 0
      vertex -30.4509 37.1045 0
    endloop
  endfacet
  facet normal 0 0 -1
    outer loop
      vertex -33.9411 33.9411 0
      vertex -36.911 36.911 0
      vertex -33.1153 40.3511 0
    endloop
  endfacet
  facet normal 0 0 -1
    outer loop
      vertex -37.1045 30.4509 0
      vertex -36.911 36.911 0
      vertex -33.9411 33.9411 0
    endloop
  endfacet
  facet normal 0 0 -1
    outer loop
      vertex -40.3511 33.1153 0
      vertex -37.1045 30.4509 0
      vertex -39.9105 26.6674 0
    endloop
  endfacet
  facet normal 0 0 -1
    outer loop
      vertex -37.1045 30.4509 0
      vertex -40.3511 33.1153 0
      vertex -36.911 36.911 0
    endloop
  endfacet
  facet normal 0 0 -1
    outer loop
      vertex -43.4027 29.0008 0
      vertex -39.9105 26.6674 0
      vertex -42.3322 22.627 0
    endloop
  endfacet
  facet normal 0 0 -1
    outer loop
      vertex -39.9105 26.6674 0
      vertex -43.4027 29.0008 0
      vertex -40.3511 33.1153 0
    endloop
  endfacet
  facet normal 0 0 -1
    outer loop
      vertex -46.0363 24.6069 0
      vertex -42.3322 22.627 0
      vertex -44.3462 18.3688 0
    endloop
  endfacet
  facet normal 0 0 -1
    outer loop
      vertex -48.2265 19.9761 0
      vertex -44.3462 18.3688 0
      vertex -45.9331 13.9337 0
    endloop
  endfacet
  facet normal 0 0 -1
    outer loop
      vertex -42.3322 22.627 0
      vertex -46.0363 24.6069 0
      vertex -43.4027 29.0008 0
    endloop
  endfacet
  facet normal 0 0 -1
    outer loop
      vertex -49.9523 15.1529 0
      vertex -45.9331 13.9337 0
      vertex -47.0777 9.36434 0
    endloop
  endfacet
  facet normal 0 0 -1
    outer loop
      vertex -51.197 10.1837 0
      vertex -47.0777 9.36434 0
      vertex -47.7689 4.70482 0
    endloop
  endfacet
  facet normal 0 0 -1
    outer loop
      vertex -44.3462 18.3688 0
      vertex -48.2265 19.9761 0
      vertex -46.0363 24.6069 0
    endloop
  endfacet
  facet normal 0 0 -1
    outer loop
      vertex -51.9486 5.11649 0
      vertex -47.7689 4.70482 0
      vertex -48 0 0
    endloop
  endfacet
  facet normal -0 0 -1
    outer loop
      vertex -47.0777 -9.36434 0
      vertex -51.197 -10.1837 0
      vertex -47.7689 -4.70482 0
    endloop
  endfacet
  facet normal 0 0 -1
    outer loop
      vertex -51.9486 -5.11649 0
      vertex -47.7689 -4.70482 0
      vertex -51.197 -10.1837 0
    endloop
  endfacet
  facet normal 0 0 -1
    outer loop
      vertex -45.9331 13.9337 0
      vertex -49.9523 15.1529 0
      vertex -48.2265 19.9761 0
    endloop
  endfacet
  facet normal -0 0 -1
    outer loop
      vertex -47.7689 -4.70482 0
      vertex -51.9486 -5.11649 0
      vertex -48 0 0
    endloop
  endfacet
  facet normal 0 0 -1
    outer loop
      vertex -47.0777 9.36434 0
      vertex -51.197 10.1837 0
      vertex -49.9523 15.1529 0
    endloop
  endfacet
  facet normal 0 0 -1
    outer loop
      vertex -52.2 0 0
      vertex -48 0 0
      vertex -51.9486 -5.11649 0
    endloop
  endfacet
  facet normal 0 0 -1
    outer loop
      vertex -47.7689 4.70482 0
      vertex -51.9486 5.11649 0
      vertex -51.197 10.1837 0
    endloop
  endfacet
  facet normal 0 0 -1
    outer loop
      vertex -48 0 0
      vertex -52.2 0 0
      vertex -51.9486 5.11649 0
    endloop
  endfacet
  facet normal -0.242977 -0.970032 0
    outer loop
      vertex -15.1529 -49.9523 0
      vertex -10.1837 -51.197 32
      vertex -15.1529 -49.9523 32
    endloop
  endfacet
  facet normal -0.242977 -0.970032 -0
    outer loop
      vertex -10.1837 -51.197 32
      vertex -15.1529 -49.9523 0
      vertex -10.1837 -51.197 0
    endloop
  endfacet
  facet normal -0.427554 -0.90399 0
    outer loop
      vertex -24.6069 -46.0363 0
      vertex -19.9761 -48.2265 32
      vertex -24.6069 -46.0363 32
    endloop
  endfacet
  facet normal -0.427554 -0.90399 -0
    outer loop
      vertex -19.9761 -48.2265 32
      vertex -24.6069 -46.0363 0
      vertex -19.9761 -48.2265 0
    endloop
  endfacet
  facet normal 1 -0 0
    outer loop
      vertex 66.2 10.15 32
      vertex 66.2 14 0
      vertex 66.2 14 32
    endloop
  endfacet
  facet normal 1 0 0
    outer loop
      vertex 66.2 14 0
      vertex 66.2 10.15 32
      vertex 66.2 10.15 0
    endloop
  endfacet
  facet normal 1 -0 0
    outer loop
      vertex 66.2 -14 32
      vertex 66.2 -10.15 0
      vertex 66.2 -10.15 32
    endloop
  endfacet
  facet normal 1 0 0
    outer loop
      vertex 66.2 -10.15 0
      vertex 66.2 -14 32
      vertex 66.2 -14 0
    endloop
  endfacet
  facet normal 0 1 -0
    outer loop
      vertex 66.2 14 0
      vertex 50.2411 14 32
      vertex 66.2 14 32
    endloop
  endfacet
  facet normal 0 1 0
    outer loop
      vertex 50.2411 14 32
      vertex 66.2 14 0
      vertex 50.2411 14 0
    endloop
  endfacet
  facet normal 0 -1 0
    outer loop
      vertex 50.2411 -14 0
      vertex 66.2 -14 32
      vertex 50.2411 -14 32
    endloop
  endfacet
  facet normal 0 -1 -0
    outer loop
      vertex 66.2 -14 32
      vertex 50.2411 -14 0
      vertex 66.2 -14 0
    endloop
  endfacet
  facet normal 0.146752 0 0.989173
    outer loop
      vertex -35.3121 38.3601 6.43074
      vertex -35.1568 32.5998 6.4077
      vertex -35.1568 38.5008 6.4077
    endloop
  endfacet
  facet normal 0.146752 0 0.989173
    outer loop
      vertex -35.1568 32.5998 6.4077
      vertex -35.3121 38.3601 6.43074
      vertex -35.3121 32.4284 6.43074
    endloop
  endfacet
  facet normal 0.90407 0 -0.427385
    outer loop
      vertex -36.4111 31.216 8.75423
      vertex -36.4782 37.3032 8.61229
      vertex -36.4111 37.3641 8.75423
    endloop
  endfacet
  facet normal 0.90407 0 -0.427385
    outer loop
      vertex -36.4782 37.3032 8.61229
      vertex -36.4111 31.216 8.75423
      vertex -36.4782 31.1419 8.61229
    endloop
  endfacet
  facet normal -0 0 1
    outer loop
      vertex -24.6675 46 6.4
      vertex -13.9337 45.9331 6.4
      vertex -13.6667 46 6.4
    endloop
  endfacet
  facet normal 0 0 1
    outer loop
      vertex -24.6675 46 6.4
      vertex -18.3688 44.3462 6.4
      vertex -13.9337 45.9331 6.4
    endloop
  endfacet
  facet normal 0 0 1
    outer loop
      vertex -24.6675 46 6.4
      vertex -22.627 42.3322 6.4
      vertex -18.3688 44.3462 6.4
    endloop
  endfacet
  facet normal 0 0 1
    outer loop
      vertex -24.6675 46 6.4
      vertex -26.6674 39.9105 6.4
      vertex -22.627 42.3322 6.4
    endloop
  endfacet
  facet normal -0 0 1
    outer loop
      vertex -29.0008 43.4027 6.4
      vertex -26.6674 39.9105 6.4
      vertex -24.6675 46 6.4
    endloop
  endfacet
  facet normal 0 0 1
    outer loop
      vertex -29.0008 43.4027 6.4
      vertex -30.4509 37.1045 6.4
      vertex -26.6674 39.9105 6.4
    endloop
  endfacet
  facet normal -0 0 1
    outer loop
      vertex -33.1153 40.3511 6.4
      vertex -30.4509 37.1045 6.4
      vertex -29.0008 43.4027 6.4
    endloop
  endfacet
  facet normal -0 0 1
    outer loop
      vertex -35 38.643 6.4
      vertex -30.4509 37.1045 6.4
      vertex -33.1153 40.3511 6.4
    endloop
  endfacet
  facet normal 0 0 1
    outer loop
      vertex -30.4509 37.1045 6.4
      vertex -35 38.643 6.4
      vertex -33.9411 33.9411 6.4
    endloop
  endfacet
  facet normal 0 0 1
    outer loop
      vertex -33.9411 33.9411 6.4
      vertex -35 38.643 6.4
      vertex -35 32.7728 6.4
    endloop
  endfacet
  facet normal 0.336982 0 0.941511
    outer loop
      vertex -35.6123 38.088 6.52179
      vertex -35.4645 32.2604 6.46889
      vertex -35.4645 38.222 6.46889
    endloop
  endfacet
  facet normal 0.336982 0 0.941511
    outer loop
      vertex -35.4645 32.2604 6.46889
      vertex -35.6123 38.088 6.52179
      vertex -35.6123 32.0973 6.52179
    endloop
  endfacet
  facet normal 0.671388 0 -0.741106
    outer loop
      vertex -36.1314 37.6176 9.13137
      vertex -36.015 31.6529 9.23682
      vertex -36.1314 31.5246 9.13137
    endloop
  endfacet
  facet normal 0.671388 0 -0.741106
    outer loop
      vertex -36.015 31.6529 9.23682
      vertex -36.1314 37.6176 9.13137
      vertex -36.015 37.723 9.23682
    endloop
  endfacet
  facet normal 0.803015 0 0.595958
    outer loop
      vertex -36.3304 37.4372 7.11109
      vertex -36.2368 31.4082 6.98497
      vertex -36.2368 37.522 6.98497
    endloop
  endfacet
  facet normal 0.803015 0 0.595958
    outer loop
      vertex -36.2368 31.4082 6.98497
      vertex -36.3304 37.4372 7.11109
      vertex -36.3304 31.305 7.11109
    endloop
  endfacet
  facet normal 0.741092 0 -0.671404
    outer loop
      vertex -36.1314 31.5246 9.13137
      vertex -36.2368 37.522 9.01503
      vertex -36.1314 37.6176 9.13137
    endloop
  endfacet
  facet normal 0.741092 0 -0.671404
    outer loop
      vertex -36.2368 37.522 9.01503
      vertex -36.1314 31.5246 9.13137
      vertex -36.2368 31.4082 9.01503
    endloop
  endfacet
  facet normal 0.989213 0 0.146484
    outer loop
      vertex -36.5923 37.1998 7.84317
      vertex -36.5693 31.0414 7.68785
      vertex -36.5693 37.2207 7.68785
    endloop
  endfacet
  facet normal 0.989213 0 0.146484
    outer loop
      vertex -36.5693 31.0414 7.68785
      vertex -36.5923 37.1998 7.84317
      vertex -36.5923 31.016 7.84317
    endloop
  endfacet
  facet normal 0.969959 0 -0.24327
    outer loop
      vertex -36.5311 31.0835 8.46445
      vertex -36.5693 37.2207 8.31214
      vertex -36.5311 37.2553 8.46445
    endloop
  endfacet
  facet normal 0.969959 0 -0.24327
    outer loop
      vertex -36.5693 37.2207 8.31214
      vertex -36.5311 31.0835 8.46445
      vertex -36.5693 31.0414 8.31214
    endloop
  endfacet
  facet normal 0.998797 0 -0.0490387
    outer loop
      vertex -36.5923 31.016 8.15683
      vertex -36.6 37.1928 8
      vertex -36.5923 37.1998 8.15683
    endloop
  endfacet
  facet normal 0.998797 0 -0.0490387
    outer loop
      vertex -36.6 37.1928 8
      vertex -36.5923 31.016 8.15683
      vertex -36.6 31.0075 8
    endloop
  endfacet
  facet normal 0.0491116 0 -0.998793
    outer loop
      vertex -35.1568 38.5008 9.59229
      vertex -35 32.7728 9.6
      vertex -35.1568 32.5998 9.59229
    endloop
  endfacet
  facet normal 0.0491116 0 -0.998793
    outer loop
      vertex -35 32.7728 9.6
      vertex -35.1568 38.5008 9.59229
      vertex -35 38.643 9.6
    endloop
  endfacet
  facet normal 0.904081 0 0.427361
    outer loop
      vertex -36.4782 37.3032 7.38771
      vertex -36.4111 31.216 7.24576
      vertex -36.4111 37.3641 7.24576
    endloop
  endfacet
  facet normal 0.904081 0 0.427361
    outer loop
      vertex -36.4111 31.216 7.24576
      vertex -36.4782 37.3032 7.38771
      vertex -36.4782 31.1419 7.38771
    endloop
  endfacet
  facet normal 0 0 -1
    outer loop
      vertex -13.9337 45.9331 9.6
      vertex -24.6675 46 9.6
      vertex -13.6667 46 9.6
    endloop
  endfacet
  facet normal 0 0 -1
    outer loop
      vertex -18.3688 44.3462 9.6
      vertex -24.6675 46 9.6
      vertex -13.9337 45.9331 9.6
    endloop
  endfacet
  facet normal 0 0 -1
    outer loop
      vertex -22.627 42.3322 9.6
      vertex -24.6675 46 9.6
      vertex -18.3688 44.3462 9.6
    endloop
  endfacet
  facet normal 0 0 -1
    outer loop
      vertex -26.6674 39.9105 9.6
      vertex -24.6675 46 9.6
      vertex -22.627 42.3322 9.6
    endloop
  endfacet
  facet normal 0 0 -1
    outer loop
      vertex -26.6674 39.9105 9.6
      vertex -29.0008 43.4027 9.6
      vertex -24.6675 46 9.6
    endloop
  endfacet
  facet normal 0 0 -1
    outer loop
      vertex -30.4509 37.1045 9.6
      vertex -29.0008 43.4027 9.6
      vertex -26.6674 39.9105 9.6
    endloop
  endfacet
  facet normal 0 0 -1
    outer loop
      vertex -30.4509 37.1045 9.6
      vertex -33.1153 40.3511 9.6
      vertex -29.0008 43.4027 9.6
    endloop
  endfacet
  facet normal 0 0 -1
    outer loop
      vertex -35 38.643 9.6
      vertex -30.4509 37.1045 9.6
      vertex -33.9411 33.9411 9.6
    endloop
  endfacet
  facet normal 0 0 -1
    outer loop
      vertex -35 38.643 9.6
      vertex -33.9411 33.9411 9.6
      vertex -35 32.7728 9.6
    endloop
  endfacet
  facet normal 0 0 -1
    outer loop
      vertex -30.4509 37.1045 9.6
      vertex -35 38.643 9.6
      vertex -33.1153 40.3511 9.6
    endloop
  endfacet
  facet normal 0.94154 0 -0.336901
    outer loop
      vertex -36.4782 31.1419 8.61229
      vertex -36.5311 37.2553 8.46445
      vertex -36.4782 37.3032 8.61229
    endloop
  endfacet
  facet normal 0.94154 0 -0.336901
    outer loop
      vertex -36.5311 37.2553 8.46445
      vertex -36.4782 31.1419 8.61229
      vertex -36.5311 31.0835 8.46445
    endloop
  endfacet
  facet normal 0.998797 0 0.0490387
    outer loop
      vertex -36.6 37.1928 8
      vertex -36.5923 31.016 7.84317
      vertex -36.5923 37.1998 7.84317
    endloop
  endfacet
  facet normal 0.998797 0 0.0490387
    outer loop
      vertex -36.5923 31.016 7.84317
      vertex -36.6 37.1928 8
      vertex -36.6 31.0075 8
    endloop
  endfacet
  facet normal 0.941533 0 0.336921
    outer loop
      vertex -36.5311 37.2553 7.53554
      vertex -36.4782 31.1419 7.38771
      vertex -36.4782 37.3032 7.38771
    endloop
  endfacet
  facet normal 0.941533 0 0.336921
    outer loop
      vertex -36.4782 31.1419 7.38771
      vertex -36.5311 37.2553 7.53554
      vertex -36.5311 31.0835 7.53554
    endloop
  endfacet
  facet normal 0.969959 0 0.24327
    outer loop
      vertex -36.5693 37.2207 7.68785
      vertex -36.5311 31.0835 7.53554
      vertex -36.5311 37.2553 7.53554
    endloop
  endfacet
  facet normal 0.969959 0 0.24327
    outer loop
      vertex -36.5311 31.0835 7.53554
      vertex -36.5693 37.2207 7.68785
      vertex -36.5693 31.0414 7.68785
    endloop
  endfacet
  facet normal 0.595732 0 -0.803184
    outer loop
      vertex -36.015 37.723 9.23682
      vertex -35.8889 31.7921 9.33035
      vertex -36.015 31.6529 9.23682
    endloop
  endfacet
  facet normal 0.595732 0 -0.803184
    outer loop
      vertex -35.8889 31.7921 9.33035
      vertex -36.015 37.723 9.23682
      vertex -35.8889 37.8373 9.33035
    endloop
  endfacet
  facet normal 0.803015 0 -0.595958
    outer loop
      vertex -36.2368 31.4082 9.01503
      vertex -36.3304 37.4372 8.88891
      vertex -36.2368 37.522 9.01503
    endloop
  endfacet
  facet normal 0.803015 0 -0.595958
    outer loop
      vertex -36.3304 37.4372 8.88891
      vertex -36.2368 31.4082 9.01503
      vertex -36.3304 31.305 8.88891
    endloop
  endfacet
  facet normal 0.857796 0 -0.51399
    outer loop
      vertex -36.3304 31.305 8.88891
      vertex -36.4111 37.3641 8.75423
      vertex -36.3304 37.4372 8.88891
    endloop
  endfacet
  facet normal 0.857796 0 -0.51399
    outer loop
      vertex -36.4111 37.3641 8.75423
      vertex -36.3304 31.305 8.88891
      vertex -36.4111 31.216 8.75423
    endloop
  endfacet
  facet normal 0.049048 0 0.998796
    outer loop
      vertex -35.1568 38.5008 6.4077
      vertex -35 32.7728 6.4
      vertex -35 38.643 6.4
    endloop
  endfacet
  facet normal 0.049048 0 0.998796
    outer loop
      vertex -35 32.7728 6.4
      vertex -35.1568 38.5008 6.4077
      vertex -35.1568 32.5998 6.4077
    endloop
  endfacet
  facet normal 0.857779 0 0.514018
    outer loop
      vertex -36.4111 37.3641 7.24576
      vertex -36.3304 31.305 7.11109
      vertex -36.3304 37.4372 7.11109
    endloop
  endfacet
  facet normal 0.857779 0 0.514018
    outer loop
      vertex -36.3304 31.305 7.11109
      vertex -36.4111 37.3641 7.24576
      vertex -36.4111 31.216 7.24576
    endloop
  endfacet
  facet normal 0.989212 0 -0.146493
    outer loop
      vertex -36.5693 31.0414 8.31214
      vertex -36.5923 37.1998 8.15683
      vertex -36.5693 37.2207 8.31214
    endloop
  endfacet
  facet normal 0.989212 0 -0.146493
    outer loop
      vertex -36.5923 37.1998 8.15683
      vertex -36.5693 31.0414 8.31214
      vertex -36.5923 31.016 8.15683
    endloop
  endfacet
  facet normal 0.146689 0 -0.989183
    outer loop
      vertex -35.3121 38.3601 9.56926
      vertex -35.1568 32.5998 9.59229
      vertex -35.3121 32.4284 9.56926
    endloop
  endfacet
  facet normal 0.146689 0 -0.989183
    outer loop
      vertex -35.1568 32.5998 9.59229
      vertex -35.3121 38.3601 9.56926
      vertex -35.1568 38.5008 9.59229
    endloop
  endfacet
  facet normal 0.242835 0 0.970068
    outer loop
      vertex -35.4645 38.222 6.46889
      vertex -35.3121 32.4284 6.43074
      vertex -35.3121 38.3601 6.43074
    endloop
  endfacet
  facet normal 0.242835 0 0.970068
    outer loop
      vertex -35.3121 32.4284 6.43074
      vertex -35.4645 38.222 6.46889
      vertex -35.4645 32.2604 6.46889
    endloop
  endfacet
  facet normal 0.427692 0 0.903925
    outer loop
      vertex -35.7542 37.9594 6.58893
      vertex -35.6123 32.0973 6.52179
      vertex -35.6123 38.088 6.52179
    endloop
  endfacet
  facet normal 0.427692 0 0.903925
    outer loop
      vertex -35.6123 32.0973 6.52179
      vertex -35.7542 37.9594 6.58893
      vertex -35.7542 31.9407 6.58893
    endloop
  endfacet
  facet normal 0.514027 0 0.857774
    outer loop
      vertex -35.8889 37.8373 6.66965
      vertex -35.7542 31.9407 6.58893
      vertex -35.7542 37.9594 6.58893
    endloop
  endfacet
  facet normal 0.514027 0 0.857774
    outer loop
      vertex -35.7542 31.9407 6.58893
      vertex -35.8889 37.8373 6.66965
      vertex -35.8889 31.7921 6.66965
    endloop
  endfacet
  facet normal 0.671388 0 0.741106
    outer loop
      vertex -36.1314 37.6176 6.86863
      vertex -36.015 31.6529 6.76318
      vertex -36.015 37.723 6.76318
    endloop
  endfacet
  facet normal 0.671388 0 0.741106
    outer loop
      vertex -36.015 31.6529 6.76318
      vertex -36.1314 37.6176 6.86863
      vertex -36.1314 31.5246 6.86863
    endloop
  endfacet
  facet normal 0.595732 0 0.803184
    outer loop
      vertex -36.015 37.723 6.76318
      vertex -35.8889 31.7921 6.66965
      vertex -35.8889 37.8373 6.66965
    endloop
  endfacet
  facet normal 0.595732 0 0.803184
    outer loop
      vertex -35.8889 31.7921 6.66965
      vertex -36.015 37.723 6.76318
      vertex -36.015 31.6529 6.76318
    endloop
  endfacet
  facet normal 0.336926 0 -0.941531
    outer loop
      vertex -35.6123 38.088 9.47821
      vertex -35.4645 32.2604 9.5311
      vertex -35.6123 32.0973 9.47821
    endloop
  endfacet
  facet normal 0.336926 0 -0.941531
    outer loop
      vertex -35.4645 32.2604 9.5311
      vertex -35.6123 38.088 9.47821
      vertex -35.4645 38.222 9.5311
    endloop
  endfacet
  facet normal 0.741092 0 0.671404
    outer loop
      vertex -36.2368 37.522 6.98497
      vertex -36.1314 31.5246 6.86863
      vertex -36.1314 37.6176 6.86863
    endloop
  endfacet
  facet normal 0.741092 0 0.671404
    outer loop
      vertex -36.1314 31.5246 6.86863
      vertex -36.2368 37.522 6.98497
      vertex -36.2368 31.4082 6.98497
    endloop
  endfacet
  facet normal 0 -1 0
    outer loop
      vertex -24.6675 46 6.4
      vertex -13.6667 46 9.6
      vertex -24.6675 46 9.6
    endloop
  endfacet
  facet normal 0 -1 -0
    outer loop
      vertex -13.6667 46 9.6
      vertex -24.6675 46 6.4
      vertex -13.6667 46 6.4
    endloop
  endfacet
  facet normal 0.514027 0 -0.857774
    outer loop
      vertex -35.8889 37.8373 9.33035
      vertex -35.7542 31.9407 9.41107
      vertex -35.8889 31.7921 9.33035
    endloop
  endfacet
  facet normal 0.514027 0 -0.857774
    outer loop
      vertex -35.7542 31.9407 9.41107
      vertex -35.8889 37.8373 9.33035
      vertex -35.7542 37.9594 9.41107
    endloop
  endfacet
  facet normal 0.427692 0 -0.903925
    outer loop
      vertex -35.7542 37.9594 9.41107
      vertex -35.6123 32.0973 9.47821
      vertex -35.7542 31.9407 9.41107
    endloop
  endfacet
  facet normal 0.427692 0 -0.903925
    outer loop
      vertex -35.6123 32.0973 9.47821
      vertex -35.7542 37.9594 9.41107
      vertex -35.6123 38.088 9.47821
    endloop
  endfacet
  facet normal 0.242895 0 -0.970053
    outer loop
      vertex -35.4645 38.222 9.5311
      vertex -35.3121 32.4284 9.56926
      vertex -35.4645 32.2604 9.5311
    endloop
  endfacet
  facet normal 0.242895 0 -0.970053
    outer loop
      vertex -35.3121 32.4284 9.56926
      vertex -35.4645 38.222 9.5311
      vertex -35.3121 38.3601 9.56926
    endloop
  endfacet
  facet normal 0.146502 0 0.98921
    outer loop
      vertex -35.3121 38.3601 22.4307
      vertex -35.1568 32.5998 22.4077
      vertex -35.1568 38.5008 22.4077
    endloop
  endfacet
  facet normal 0.146502 0 0.98921
    outer loop
      vertex -35.1568 32.5998 22.4077
      vertex -35.3121 38.3601 22.4307
      vertex -35.3121 32.4284 22.4307
    endloop
  endfacet
  facet normal 0.904023 0 -0.427484
    outer loop
      vertex -36.4111 31.216 24.7542
      vertex -36.4782 37.3032 24.6123
      vertex -36.4111 37.3641 24.7542
    endloop
  endfacet
  facet normal 0.904023 0 -0.427484
    outer loop
      vertex -36.4782 37.3032 24.6123
      vertex -36.4111 31.216 24.7542
      vertex -36.4782 31.1419 24.6123
    endloop
  endfacet
  facet normal -0 0 1
    outer loop
      vertex -24.6675 46 22.4
      vertex -13.9337 45.9331 22.4
      vertex -13.6667 46 22.4
    endloop
  endfacet
  facet normal 0 0 1
    outer loop
      vertex -24.6675 46 22.4
      vertex -18.3688 44.3462 22.4
      vertex -13.9337 45.9331 22.4
    endloop
  endfacet
  facet normal 0 0 1
    outer loop
      vertex -24.6675 46 22.4
      vertex -22.627 42.3322 22.4
      vertex -18.3688 44.3462 22.4
    endloop
  endfacet
  facet normal 0 0 1
    outer loop
      vertex -24.6675 46 22.4
      vertex -26.6674 39.9105 22.4
      vertex -22.627 42.3322 22.4
    endloop
  endfacet
  facet normal -0 0 1
    outer loop
      vertex -29.0008 43.4027 22.4
      vertex -26.6674 39.9105 22.4
      vertex -24.6675 46 22.4
    endloop
  endfacet
  facet normal 0 0 1
    outer loop
      vertex -29.0008 43.4027 22.4
      vertex -30.4509 37.1045 22.4
      vertex -26.6674 39.9105 22.4
    endloop
  endfacet
  facet normal -0 0 1
    outer loop
      vertex -33.1153 40.3511 22.4
      vertex -30.4509 37.1045 22.4
      vertex -29.0008 43.4027 22.4
    endloop
  endfacet
  facet normal -0 0 1
    outer loop
      vertex -35 38.643 22.4
      vertex -30.4509 37.1045 22.4
      vertex -33.1153 40.3511 22.4
    endloop
  endfacet
  facet normal 0 0 1
    outer loop
      vertex -30.4509 37.1045 22.4
      vertex -35 38.643 22.4
      vertex -33.9411 33.9411 22.4
    endloop
  endfacet
  facet normal 0 0 1
    outer loop
      vertex -33.9411 33.9411 22.4
      vertex -35 38.643 22.4
      vertex -35 32.7728 22.4
    endloop
  endfacet
  facet normal 0.336982 0 0.941511
    outer loop
      vertex -35.6123 38.088 22.5218
      vertex -35.4645 32.2604 22.4689
      vertex -35.4645 38.222 22.4689
    endloop
  endfacet
  facet normal 0.336982 0 0.941511
    outer loop
      vertex -35.4645 32.2604 22.4689
      vertex -35.6123 38.088 22.5218
      vertex -35.6123 32.0973 22.5218
    endloop
  endfacet
  facet normal 0.671213 0 -0.741264
    outer loop
      vertex -36.1314 37.6176 25.1314
      vertex -36.015 31.6529 25.2368
      vertex -36.1314 31.5246 25.1314
    endloop
  endfacet
  facet normal 0.671213 0 -0.741264
    outer loop
      vertex -36.015 31.6529 25.2368
      vertex -36.1314 37.6176 25.1314
      vertex -36.015 37.723 25.2368
    endloop
  endfacet
  facet normal 0.80297 0 0.596019
    outer loop
      vertex -36.3304 37.4372 23.1111
      vertex -36.2368 31.4082 22.985
      vertex -36.2368 37.522 22.985
    endloop
  endfacet
  facet normal 0.80297 0 0.596019
    outer loop
      vertex -36.2368 31.4082 22.985
      vertex -36.3304 37.4372 23.1111
      vertex -36.3304 31.305 23.1111
    endloop
  endfacet
  facet normal 0.741264 0 -0.671213
    outer loop
      vertex -36.1314 31.5246 25.1314
      vertex -36.2368 37.522 25.015
      vertex -36.1314 37.6176 25.1314
    endloop
  endfacet
  facet normal 0.741264 0 -0.671213
    outer loop
      vertex -36.2368 37.522 25.015
      vertex -36.1314 31.5246 25.1314
      vertex -36.2368 31.4082 25.015
    endloop
  endfacet
  facet normal 0.98921 0 0.146502
    outer loop
      vertex -36.5923 37.1998 23.8432
      vertex -36.5693 31.0414 23.6879
      vertex -36.5693 37.2207 23.6879
    endloop
  endfacet
  facet normal 0.98921 0 0.146502
    outer loop
      vertex -36.5693 31.0414 23.6879
      vertex -36.5923 37.1998 23.8432
      vertex -36.5923 31.016 23.8432
    endloop
  endfacet
  facet normal 0.969993 0 -0.243135
    outer loop
      vertex -36.5311 31.0835 24.4645
      vertex -36.5693 37.2207 24.3121
      vertex -36.5311 37.2553 24.4645
    endloop
  endfacet
  facet normal 0.969993 0 -0.243135
    outer loop
      vertex -36.5693 37.2207 24.3121
      vertex -36.5311 31.0835 24.4645
      vertex -36.5693 31.0414 24.3121
    endloop
  endfacet
  facet normal 0.998796 0 -0.049048
    outer loop
      vertex -36.5923 31.016 24.1568
      vertex -36.6 37.1928 24
      vertex -36.5923 37.1998 24.1568
    endloop
  endfacet
  facet normal 0.998796 0 -0.049048
    outer loop
      vertex -36.6 37.1928 24
      vertex -36.5923 31.016 24.1568
      vertex -36.6 31.0075 24
    endloop
  endfacet
  facet normal 0.049048 0 -0.998796
    outer loop
      vertex -35.1568 38.5008 25.5923
      vertex -35 32.7728 25.6
      vertex -35.1568 32.5998 25.5923
    endloop
  endfacet
  facet normal 0.049048 0 -0.998796
    outer loop
      vertex -35 32.7728 25.6
      vertex -35.1568 38.5008 25.5923
      vertex -35 38.643 25.6
    endloop
  endfacet
  facet normal 0.904023 0 0.427484
    outer loop
      vertex -36.4782 37.3032 23.3877
      vertex -36.4111 31.216 23.2458
      vertex -36.4111 37.3641 23.2458
    endloop
  endfacet
  facet normal 0.904023 0 0.427484
    outer loop
      vertex -36.4111 31.216 23.2458
      vertex -36.4782 37.3032 23.3877
      vertex -36.4782 31.1419 23.3877
    endloop
  endfacet
  facet normal 0 0 -1
    outer loop
      vertex -13.9337 45.9331 25.6
      vertex -24.6675 46 25.6
      vertex -13.6667 46 25.6
    endloop
  endfacet
  facet normal 0 0 -1
    outer loop
      vertex -18.3688 44.3462 25.6
      vertex -24.6675 46 25.6
      vertex -13.9337 45.9331 25.6
    endloop
  endfacet
  facet normal 0 0 -1
    outer loop
      vertex -22.627 42.3322 25.6
      vertex -24.6675 46 25.6
      vertex -18.3688 44.3462 25.6
    endloop
  endfacet
  facet normal 0 0 -1
    outer loop
      vertex -26.6674 39.9105 25.6
      vertex -24.6675 46 25.6
      vertex -22.627 42.3322 25.6
    endloop
  endfacet
  facet normal 0 0 -1
    outer loop
      vertex -26.6674 39.9105 25.6
      vertex -29.0008 43.4027 25.6
      vertex -24.6675 46 25.6
    endloop
  endfacet
  facet normal 0 0 -1
    outer loop
      vertex -30.4509 37.1045 25.6
      vertex -29.0008 43.4027 25.6
      vertex -26.6674 39.9105 25.6
    endloop
  endfacet
  facet normal 0 0 -1
    outer loop
      vertex -30.4509 37.1045 25.6
      vertex -33.1153 40.3511 25.6
      vertex -29.0008 43.4027 25.6
    endloop
  endfacet
  facet normal 0 0 -1
    outer loop
      vertex -35 38.643 25.6
      vertex -30.4509 37.1045 25.6
      vertex -33.9411 33.9411 25.6
    endloop
  endfacet
  facet normal 0 0 -1
    outer loop
      vertex -35 38.643 25.6
      vertex -33.9411 33.9411 25.6
      vertex -35 32.7728 25.6
    endloop
  endfacet
  facet normal 0 0 -1
    outer loop
      vertex -30.4509 37.1045 25.6
      vertex -35 38.643 25.6
      vertex -33.1153 40.3511 25.6
    endloop
  endfacet
  facet normal 0.941511 0 -0.336982
    outer loop
      vertex -36.4782 31.1419 24.6123
      vertex -36.5311 37.2553 24.4645
      vertex -36.4782 37.3032 24.6123
    endloop
  endfacet
  facet normal 0.941511 0 -0.336982
    outer loop
      vertex -36.5311 37.2553 24.4645
      vertex -36.4782 31.1419 24.6123
      vertex -36.5311 31.0835 24.4645
    endloop
  endfacet
  facet normal 0.998796 0 0.049048
    outer loop
      vertex -36.6 37.1928 24
      vertex -36.5923 31.016 23.8432
      vertex -36.5923 37.1998 23.8432
    endloop
  endfacet
  facet normal 0.998796 0 0.049048
    outer loop
      vertex -36.5923 31.016 23.8432
      vertex -36.6 37.1928 24
      vertex -36.6 31.0075 24
    endloop
  endfacet
  facet normal 0.941511 0 0.336982
    outer loop
      vertex -36.5311 37.2553 23.5355
      vertex -36.4782 31.1419 23.3877
      vertex -36.4782 37.3032 23.3877
    endloop
  endfacet
  facet normal 0.941511 0 0.336982
    outer loop
      vertex -36.4782 31.1419 23.3877
      vertex -36.5311 37.2553 23.5355
      vertex -36.5311 31.0835 23.5355
    endloop
  endfacet
  facet normal 0.969993 0 0.243135
    outer loop
      vertex -36.5693 37.2207 23.6879
      vertex -36.5311 31.0835 23.5355
      vertex -36.5311 37.2553 23.5355
    endloop
  endfacet
  facet normal 0.969993 0 0.243135
    outer loop
      vertex -36.5311 31.0835 23.5355
      vertex -36.5693 37.2207 23.6879
      vertex -36.5693 31.0414 23.6879
    endloop
  endfacet
  facet normal 0.596019 0 -0.80297
    outer loop
      vertex -36.015 37.723 25.2368
      vertex -35.8889 31.7921 25.3304
      vertex -36.015 31.6529 25.2368
    endloop
  endfacet
  facet normal 0.596019 0 -0.80297
    outer loop
      vertex -35.8889 31.7921 25.3304
      vertex -36.015 37.723 25.2368
      vertex -35.8889 37.8373 25.3304
    endloop
  endfacet
  facet normal 0.80297 0 -0.596019
    outer loop
      vertex -36.2368 31.4082 25.015
      vertex -36.3304 37.4372 24.8889
      vertex -36.2368 37.522 25.015
    endloop
  endfacet
  facet normal 0.80297 0 -0.596019
    outer loop
      vertex -36.3304 37.4372 24.8889
      vertex -36.2368 31.4082 25.015
      vertex -36.3304 31.305 24.8889
    endloop
  endfacet
  facet normal 0.85783 0 -0.513934
    outer loop
      vertex -36.3304 31.305 24.8889
      vertex -36.4111 37.3641 24.7542
      vertex -36.3304 37.4372 24.8889
    endloop
  endfacet
  facet normal 0.85783 0 -0.513934
    outer loop
      vertex -36.4111 37.3641 24.7542
      vertex -36.3304 31.305 24.8889
      vertex -36.4111 31.216 24.7542
    endloop
  endfacet
  facet normal 0.049048 0 0.998796
    outer loop
      vertex -35.1568 38.5008 22.4077
      vertex -35 32.7728 22.4
      vertex -35 38.643 22.4
    endloop
  endfacet
  facet normal 0.049048 0 0.998796
    outer loop
      vertex -35 32.7728 22.4
      vertex -35.1568 38.5008 22.4077
      vertex -35.1568 32.5998 22.4077
    endloop
  endfacet
  facet normal 0.85783 0 0.513934
    outer loop
      vertex -36.4111 37.3641 23.2458
      vertex -36.3304 31.305 23.1111
      vertex -36.3304 37.4372 23.1111
    endloop
  endfacet
  facet normal 0.85783 0 0.513934
    outer loop
      vertex -36.3304 31.305 23.1111
      vertex -36.4111 37.3641 23.2458
      vertex -36.4111 31.216 23.2458
    endloop
  endfacet
  facet normal 0.98921 0 -0.146502
    outer loop
      vertex -36.5693 31.0414 24.3121
      vertex -36.5923 37.1998 24.1568
      vertex -36.5693 37.2207 24.3121
    endloop
  endfacet
  facet normal 0.98921 0 -0.146502
    outer loop
      vertex -36.5923 37.1998 24.1568
      vertex -36.5693 31.0414 24.3121
      vertex -36.5923 31.016 24.1568
    endloop
  endfacet
  facet normal 0.146502 0 -0.98921
    outer loop
      vertex -35.3121 38.3601 25.5693
      vertex -35.1568 32.5998 25.5923
      vertex -35.3121 32.4284 25.5693
    endloop
  endfacet
  facet normal 0.146502 0 -0.98921
    outer loop
      vertex -35.1568 32.5998 25.5923
      vertex -35.3121 38.3601 25.5693
      vertex -35.1568 38.5008 25.5923
    endloop
  endfacet
  facet normal 0.243135 0 0.969993
    outer loop
      vertex -35.4645 38.222 22.4689
      vertex -35.3121 32.4284 22.4307
      vertex -35.3121 38.3601 22.4307
    endloop
  endfacet
  facet normal 0.243135 0 0.969993
    outer loop
      vertex -35.3121 32.4284 22.4307
      vertex -35.4645 38.222 22.4689
      vertex -35.4645 32.2604 22.4689
    endloop
  endfacet
  facet normal 0.427484 0 0.904023
    outer loop
      vertex -35.7542 37.9594 22.5889
      vertex -35.6123 32.0973 22.5218
      vertex -35.6123 38.088 22.5218
    endloop
  endfacet
  facet normal 0.427484 0 0.904023
    outer loop
      vertex -35.6123 32.0973 22.5218
      vertex -35.7542 37.9594 22.5889
      vertex -35.7542 31.9407 22.5889
    endloop
  endfacet
  facet normal 0.513934 0 0.85783
    outer loop
      vertex -35.8889 37.8373 22.6696
      vertex -35.7542 31.9407 22.5889
      vertex -35.7542 37.9594 22.5889
    endloop
  endfacet
  facet normal 0.513934 0 0.85783
    outer loop
      vertex -35.7542 31.9407 22.5889
      vertex -35.8889 37.8373 22.6696
      vertex -35.8889 31.7921 22.6696
    endloop
  endfacet
  facet normal 0.671213 0 0.741264
    outer loop
      vertex -36.1314 37.6176 22.8686
      vertex -36.015 31.6529 22.7632
      vertex -36.015 37.723 22.7632
    endloop
  endfacet
  facet normal 0.671213 0 0.741264
    outer loop
      vertex -36.015 31.6529 22.7632
      vertex -36.1314 37.6176 22.8686
      vertex -36.1314 31.5246 22.8686
    endloop
  endfacet
  facet normal 0.596019 0 0.80297
    outer loop
      vertex -36.015 37.723 22.7632
      vertex -35.8889 31.7921 22.6696
      vertex -35.8889 37.8373 22.6696
    endloop
  endfacet
  facet normal 0.596019 0 0.80297
    outer loop
      vertex -35.8889 31.7921 22.6696
      vertex -36.015 37.723 22.7632
      vertex -36.015 31.6529 22.7632
    endloop
  endfacet
  facet normal 0.336982 0 -0.941511
    outer loop
      vertex -35.6123 38.088 25.4782
      vertex -35.4645 32.2604 25.5311
      vertex -35.6123 32.0973 25.4782
    endloop
  endfacet
  facet normal 0.336982 0 -0.941511
    outer loop
      vertex -35.4645 32.2604 25.5311
      vertex -35.6123 38.088 25.4782
      vertex -35.4645 38.222 25.5311
    endloop
  endfacet
  facet normal 0.741264 0 0.671213
    outer loop
      vertex -36.2368 37.522 22.985
      vertex -36.1314 31.5246 22.8686
      vertex -36.1314 37.6176 22.8686
    endloop
  endfacet
  facet normal 0.741264 0 0.671213
    outer loop
      vertex -36.1314 31.5246 22.8686
      vertex -36.2368 37.522 22.985
      vertex -36.2368 31.4082 22.985
    endloop
  endfacet
  facet normal 0 -1 0
    outer loop
      vertex -24.6675 46 22.4
      vertex -13.6667 46 25.6
      vertex -24.6675 46 25.6
    endloop
  endfacet
  facet normal 0 -1 -0
    outer loop
      vertex -13.6667 46 25.6
      vertex -24.6675 46 22.4
      vertex -13.6667 46 22.4
    endloop
  endfacet
  facet normal 0.513934 0 -0.85783
    outer loop
      vertex -35.8889 37.8373 25.3304
      vertex -35.7542 31.9407 25.4111
      vertex -35.8889 31.7921 25.3304
    endloop
  endfacet
  facet normal 0.513934 0 -0.85783
    outer loop
      vertex -35.7542 31.9407 25.4111
      vertex -35.8889 37.8373 25.3304
      vertex -35.7542 37.9594 25.4111
    endloop
  endfacet
  facet normal 0.427484 0 -0.904023
    outer loop
      vertex -35.7542 37.9594 25.4111
      vertex -35.6123 32.0973 25.4782
      vertex -35.7542 31.9407 25.4111
    endloop
  endfacet
  facet normal 0.427484 0 -0.904023
    outer loop
      vertex -35.6123 32.0973 25.4782
      vertex -35.7542 37.9594 25.4111
      vertex -35.6123 38.088 25.4782
    endloop
  endfacet
  facet normal 0.243135 0 -0.969993
    outer loop
      vertex -35.4645 38.222 25.5311
      vertex -35.3121 32.4284 25.5693
      vertex -35.4645 32.2604 25.5311
    endloop
  endfacet
  facet normal 0.243135 0 -0.969993
    outer loop
      vertex -35.3121 32.4284 25.5693
      vertex -35.4645 38.222 25.5311
      vertex -35.3121 38.3601 25.5693
    endloop
  endfacet
  facet normal 0.427559 -0.903988 0
    outer loop
      vertex -22.627 42.3322 25.6
      vertex -18.3688 44.3462 32
      vertex -22.627 42.3322 32
    endloop
  endfacet
  facet normal 0.427559 -0.903988 0
    outer loop
      vertex -18.3688 44.3462 32
      vertex -22.627 42.3322 25.6
      vertex -18.3688 44.3462 25.6
    endloop
  endfacet
  facet normal 0.427559 -0.903988 0
    outer loop
      vertex -22.627 42.3322 0
      vertex -18.3688 44.3462 6.4
      vertex -22.627 42.3322 6.4
    endloop
  endfacet
  facet normal 0.427559 -0.903988 0
    outer loop
      vertex -18.3688 44.3462 6.4
      vertex -22.627 42.3322 0
      vertex -18.3688 44.3462 0
    endloop
  endfacet
  facet normal 0.427559 -0.903988 0
    outer loop
      vertex -22.627 42.3322 9.6
      vertex -18.3688 44.3462 22.4
      vertex -22.627 42.3322 22.4
    endloop
  endfacet
  facet normal 0.427559 -0.903988 0
    outer loop
      vertex -18.3688 44.3462 22.4
      vertex -22.627 42.3322 9.6
      vertex -18.3688 44.3462 9.6
    endloop
  endfacet
  facet normal -0.989148 -0.14692 0
    outer loop
      vertex 47.0777 9.36434 0
      vertex 47.0909 9.27547 14.9533
      vertex 47.0777 9.36434 15.0731
    endloop
  endfacet
  facet normal -0.989216 -0.146466 2.75668e-06
    outer loop
      vertex 47.0777 9.36434 0
      vertex 47.107 9.16673 14.8333
      vertex 47.0909 9.27547 14.9533
    endloop
  endfacet
  facet normal -0.989173 -0.146751 -1.12251e-06
    outer loop
      vertex 47.0777 9.36434 0
      vertex 47.1248 9.04675 14.7245
      vertex 47.107 9.16673 14.8333
    endloop
  endfacet
  facet normal -0.989169 -0.146784 -1.86122e-06
    outer loop
      vertex 47.0777 9.36434 0
      vertex 47.1441 8.91669 14.6281
      vertex 47.1248 9.04675 14.7245
    endloop
  endfacet
  facet normal -0.989179 -0.146714 3.37537e-07
    outer loop
      vertex 47.0777 9.36434 0
      vertex 47.1647 8.7778 14.5448
      vertex 47.1441 8.91669 14.6281
    endloop
  endfacet
  facet normal -0.989188 -0.146653 2.85972e-06
    outer loop
      vertex 47.0777 9.36434 0
      vertex 47.1864 8.63143 14.4756
      vertex 47.1647 8.7778 14.5448
    endloop
  endfacet
  facet normal -0.989191 -0.146635 3.80186e-06
    outer loop
      vertex 47.0777 9.36434 0
      vertex 47.209 8.47897 14.421
      vertex 47.1864 8.63143 14.4756
    endloop
  endfacet
  facet normal -0.989176 -0.146735 -2.50745e-06
    outer loop
      vertex 47.0777 9.36434 0
      vertex 47.2323 8.3219 14.3817
      vertex 47.209 8.47897 14.421
    endloop
  endfacet
  facet normal -0.98914 -0.146975 -2.03026e-05
    outer loop
      vertex 47.0777 9.36434 0
      vertex 47.2561 8.16173 14.3579
      vertex 47.2323 8.3219 14.3817
    endloop
  endfacet
  facet normal -0.989168 -0.146788 -4.24583e-06
    outer loop
      vertex 47.0777 9.36434 0
      vertex 47.2801 8 14.35
      vertex 47.2561 8.16173 14.3579
    endloop
  endfacet
  facet normal -0.989168 -0.146788 -4.28545e-06
    outer loop
      vertex 47.0777 9.36434 0
      vertex 47.3041 7.83827 14.3579
      vertex 47.2801 8 14.35
    endloop
  endfacet
  facet normal -0.989176 -0.146736 1.41564e-06
    outer loop
      vertex 47.7689 4.70482 0
      vertex 47.3041 7.83827 14.3579
      vertex 47.0777 9.36434 0
    endloop
  endfacet
  facet normal -0.989228 -0.146385 -7.67669e-05
    outer loop
      vertex 47.3041 7.83827 14.3579
      vertex 47.7689 4.70482 0
      vertex 47.3278 7.6781 14.3817
    endloop
  endfacet
  facet normal -0.989176 -0.146736 -2.56185e-06
    outer loop
      vertex 47.3278 7.6781 14.3817
      vertex 47.7689 4.70482 0
      vertex 47.3511 7.52103 14.421
    endloop
  endfacet
  facet normal -0.98919 -0.146641 -2.16316e-05
    outer loop
      vertex 47.3511 7.52103 14.421
      vertex 47.7689 4.70482 0
      vertex 47.3737 7.36857 14.4756
    endloop
  endfacet
  facet normal -0.989098 -0.147259 9.46357e-05
    outer loop
      vertex 47.3737 7.36857 14.4756
      vertex 47.7689 4.70482 0
      vertex 47.3955 7.22219 14.5448
    endloop
  endfacet
  facet normal -0.989271 -0.146093 -0.000111678
    outer loop
      vertex 47.3955 7.22219 14.5448
      vertex 47.7689 4.70482 0
      vertex 47.416 7.08331 14.6281
    endloop
  endfacet
  facet normal -0.989169 -0.146783 3.10093e-06
    outer loop
      vertex 47.416 7.08331 14.6281
      vertex 47.7689 4.70482 0
      vertex 47.4353 6.95325 14.7245
    endloop
  endfacet
  facet normal -0.989173 -0.146753 -1.6102e-06
    outer loop
      vertex 47.4353 6.95325 14.7245
      vertex 47.7689 4.70482 0
      vertex 47.4531 6.83327 14.8333
    endloop
  endfacet
  facet normal -0.989096 -0.147272 7.45363e-05
    outer loop
      vertex 47.4531 6.83327 14.8333
      vertex 47.7689 4.70482 0
      vertex 47.4693 6.72453 14.9533
    endloop
  endfacet
  facet normal -0.989187 -0.146659 -1.01898e-05
    outer loop
      vertex 47.4693 6.72453 14.9533
      vertex 47.7689 4.70482 0
      vertex 47.4836 6.62807 15.0833
    endloop
  endfacet
  facet normal -0.989244 -0.146276 -6.00281e-05
    outer loop
      vertex 47.4836 6.62807 15.0833
      vertex 47.7689 4.70482 0
      vertex 47.4959 6.54483 15.2222
    endloop
  endfacet
  facet normal -0.989125 -0.147079 3.9105e-05
    outer loop
      vertex 47.4959 6.54483 15.2222
      vertex 47.7689 4.70482 0
      vertex 47.5062 6.4756 15.3686
    endloop
  endfacet
  facet normal -0.989159 -0.146845 1.16328e-05
    outer loop
      vertex 47.5062 6.4756 15.3686
      vertex 47.7689 4.70482 0
      vertex 47.5143 6.42105 15.521
    endloop
  endfacet
  facet normal -0.989043 -0.14763 9.07402e-05
    outer loop
      vertex 47.5236 6.35794 15.8383
      vertex 47.7689 4.70482 0
      vertex 47.5248 6.35 16
    endloop
  endfacet
  facet normal -0.98926 -0.146166 -6.54335e-05
    outer loop
      vertex 47.5201 6.3817 15.6781
      vertex 47.7689 4.70482 0
      vertex 47.5236 6.35794 15.8383
    endloop
  endfacet
  facet normal -0.989269 -0.146102 -7.23391e-05
    outer loop
      vertex 47.5143 6.42105 15.521
      vertex 47.7689 4.70482 0
      vertex 47.5201 6.3817 15.6781
    endloop
  endfacet
  facet normal -0.989148 -0.14692 0
    outer loop
      vertex 47.0909 9.27547 17.0467
      vertex 47.0777 9.36434 32
      vertex 47.0777 9.36434 16.9269
    endloop
  endfacet
  facet normal -0.989216 -0.146466 -2.75668e-06
    outer loop
      vertex 47.107 9.16673 17.1667
      vertex 47.0777 9.36434 32
      vertex 47.0909 9.27547 17.0467
    endloop
  endfacet
  facet normal -0.989173 -0.146751 1.12251e-06
    outer loop
      vertex 47.1248 9.04675 17.2755
      vertex 47.0777 9.36434 32
      vertex 47.107 9.16673 17.1667
    endloop
  endfacet
  facet normal -0.989169 -0.146784 1.86122e-06
    outer loop
      vertex 47.1441 8.91669 17.3719
      vertex 47.0777 9.36434 32
      vertex 47.1248 9.04675 17.2755
    endloop
  endfacet
  facet normal -0.989179 -0.146714 -3.37537e-07
    outer loop
      vertex 47.1647 8.7778 17.4552
      vertex 47.0777 9.36434 32
      vertex 47.1441 8.91669 17.3719
    endloop
  endfacet
  facet normal -0.989188 -0.146653 -2.85972e-06
    outer loop
      vertex 47.1864 8.63143 17.5244
      vertex 47.0777 9.36434 32
      vertex 47.1647 8.7778 17.4552
    endloop
  endfacet
  facet normal -0.989191 -0.146635 -3.80186e-06
    outer loop
      vertex 47.209 8.47897 17.579
      vertex 47.0777 9.36434 32
      vertex 47.1864 8.63143 17.5244
    endloop
  endfacet
  facet normal -0.989176 -0.146735 2.50745e-06
    outer loop
      vertex 47.2323 8.3219 17.6183
      vertex 47.0777 9.36434 32
      vertex 47.209 8.47897 17.579
    endloop
  endfacet
  facet normal -0.98914 -0.146975 2.03026e-05
    outer loop
      vertex 47.2561 8.16173 17.6421
      vertex 47.0777 9.36434 32
      vertex 47.2323 8.3219 17.6183
    endloop
  endfacet
  facet normal -0.989168 -0.146788 4.24583e-06
    outer loop
      vertex 47.2801 8 17.65
      vertex 47.0777 9.36434 32
      vertex 47.2561 8.16173 17.6421
    endloop
  endfacet
  facet normal -0.989168 -0.146788 4.28545e-06
    outer loop
      vertex 47.3041 7.83827 17.6421
      vertex 47.0777 9.36434 32
      vertex 47.2801 8 17.65
    endloop
  endfacet
  facet normal -0.989228 -0.146385 7.67669e-05
    outer loop
      vertex 47.7689 4.70482 32
      vertex 47.3041 7.83827 17.6421
      vertex 47.3278 7.6781 17.6183
    endloop
  endfacet
  facet normal -0.989176 -0.146736 2.56185e-06
    outer loop
      vertex 47.7689 4.70482 32
      vertex 47.3278 7.6781 17.6183
      vertex 47.3511 7.52103 17.579
    endloop
  endfacet
  facet normal -0.98919 -0.146641 2.16316e-05
    outer loop
      vertex 47.7689 4.70482 32
      vertex 47.3511 7.52103 17.579
      vertex 47.3737 7.36857 17.5244
    endloop
  endfacet
  facet normal -0.989098 -0.147259 -9.46357e-05
    outer loop
      vertex 47.7689 4.70482 32
      vertex 47.3737 7.36857 17.5244
      vertex 47.3955 7.22219 17.4552
    endloop
  endfacet
  facet normal -0.989271 -0.146093 0.000111678
    outer loop
      vertex 47.7689 4.70482 32
      vertex 47.3955 7.22219 17.4552
      vertex 47.416 7.08331 17.3719
    endloop
  endfacet
  facet normal -0.989169 -0.146783 -3.10093e-06
    outer loop
      vertex 47.7689 4.70482 32
      vertex 47.416 7.08331 17.3719
      vertex 47.4353 6.95325 17.2755
    endloop
  endfacet
  facet normal -0.989173 -0.146753 1.6102e-06
    outer loop
      vertex 47.7689 4.70482 32
      vertex 47.4353 6.95325 17.2755
      vertex 47.4531 6.83327 17.1667
    endloop
  endfacet
  facet normal -0.989096 -0.147272 -7.45363e-05
    outer loop
      vertex 47.7689 4.70482 32
      vertex 47.4531 6.83327 17.1667
      vertex 47.4693 6.72453 17.0467
    endloop
  endfacet
  facet normal -0.989187 -0.146659 1.01898e-05
    outer loop
      vertex 47.7689 4.70482 32
      vertex 47.4693 6.72453 17.0467
      vertex 47.4836 6.62807 16.9167
    endloop
  endfacet
  facet normal -0.989244 -0.146276 6.00281e-05
    outer loop
      vertex 47.7689 4.70482 32
      vertex 47.4836 6.62807 16.9167
      vertex 47.4959 6.54483 16.7778
    endloop
  endfacet
  facet normal -0.989125 -0.147079 -3.9105e-05
    outer loop
      vertex 47.7689 4.70482 32
      vertex 47.4959 6.54483 16.7778
      vertex 47.5062 6.4756 16.6314
    endloop
  endfacet
  facet normal -0.989159 -0.146845 -1.16328e-05
    outer loop
      vertex 47.7689 4.70482 32
      vertex 47.5062 6.4756 16.6314
      vertex 47.5143 6.42105 16.479
    endloop
  endfacet
  facet normal -0.989269 -0.146102 7.23391e-05
    outer loop
      vertex 47.7689 4.70482 32
      vertex 47.5143 6.42105 16.479
      vertex 47.5201 6.3817 16.3219
    endloop
  endfacet
  facet normal -0.989171 -0.146766 -0
    outer loop
      vertex 47.7689 4.70482 32
      vertex 47.5248 6.35 16
      vertex 47.7689 4.70482 0
    endloop
  endfacet
  facet normal -0.989176 -0.146736 -1.41564e-06
    outer loop
      vertex 47.3041 7.83827 17.6421
      vertex 47.7689 4.70482 32
      vertex 47.0777 9.36434 32
    endloop
  endfacet
  facet normal -0.98926 -0.146166 6.54335e-05
    outer loop
      vertex 47.5236 6.35794 16.1617
      vertex 47.7689 4.70482 32
      vertex 47.5201 6.3817 16.3219
    endloop
  endfacet
  facet normal -0.989043 -0.14763 -9.07402e-05
    outer loop
      vertex 47.5248 6.35 16
      vertex 47.7689 4.70482 32
      vertex 47.5236 6.35794 16.1617
    endloop
  endfacet
  facet normal -0.998796 -0.0490607 0
    outer loop
      vertex 48 0 0
      vertex 47.7689 4.70482 32
      vertex 47.7689 4.70482 0
    endloop
  endfacet
  facet normal -0.998796 -0.0490607 0
    outer loop
      vertex 47.7689 4.70482 32
      vertex 48 0 0
      vertex 48 0 32
    endloop
  endfacet
  facet normal -0.970032 -0.242978 0
    outer loop
      vertex 45.9331 13.9337 0
      vertex 47.0061 9.65 16
      vertex 45.9331 13.9337 32
    endloop
  endfacet
  facet normal -0.969993 -0.243132 -4.38339e-05
    outer loop
      vertex 45.9331 13.9337 0
      vertex 47.0081 9.64205 15.8383
      vertex 47.0061 9.65 16
    endloop
  endfacet
  facet normal -0.969858 -0.243672 -0.000199364
    outer loop
      vertex 45.9331 13.9337 0
      vertex 47.0141 9.6183 15.6781
      vertex 47.0081 9.64205 15.8383
    endloop
  endfacet
  facet normal -0.970187 -0.242359 0.000184637
    outer loop
      vertex 45.9331 13.9337 0
      vertex 47.0239 9.57895 15.521
      vertex 47.0141 9.6183 15.6781
    endloop
  endfacet
  facet normal -0.969947 -0.243316 -0.000100785
    outer loop
      vertex 45.9331 13.9337 0
      vertex 47.0376 9.5244 15.3686
      vertex 47.0239 9.57895 15.521
    endloop
  endfacet
  facet normal -0.970115 -0.242644 0.000104216
    outer loop
      vertex 45.9331 13.9337 0
      vertex 47.0549 9.45517 15.2222
      vertex 47.0376 9.5244 15.3686
    endloop
  endfacet
  facet normal -0.969945 -0.243325 -0.000108543
    outer loop
      vertex 45.9331 13.9337 0
      vertex 47.0758 9.37192 15.0833
      vertex 47.0549 9.45517 15.2222
    endloop
  endfacet
  facet normal -0.97003 -0.242987 -0
    outer loop
      vertex 47.0777 9.36434 15.0731
      vertex 45.9331 13.9337 0
      vertex 47.0777 9.36434 0
    endloop
  endfacet
  facet normal -0.970003 -0.243094 -3.44677e-05
    outer loop
      vertex 45.9331 13.9337 0
      vertex 47.0777 9.36434 15.0731
      vertex 47.0758 9.37192 15.0833
    endloop
  endfacet
  facet normal -0.969993 -0.243132 4.38339e-05
    outer loop
      vertex 47.0081 9.64205 16.1617
      vertex 45.9331 13.9337 32
      vertex 47.0061 9.65 16
    endloop
  endfacet
  facet normal -0.969858 -0.243672 0.000199364
    outer loop
      vertex 47.0141 9.6183 16.3219
      vertex 45.9331 13.9337 32
      vertex 47.0081 9.64205 16.1617
    endloop
  endfacet
  facet normal -0.970187 -0.242359 -0.000184637
    outer loop
      vertex 47.0239 9.57895 16.479
      vertex 45.9331 13.9337 32
      vertex 47.0141 9.6183 16.3219
    endloop
  endfacet
  facet normal -0.969947 -0.243316 0.000100785
    outer loop
      vertex 47.0376 9.5244 16.6314
      vertex 45.9331 13.9337 32
      vertex 47.0239 9.57895 16.479
    endloop
  endfacet
  facet normal -0.970115 -0.242644 -0.000104216
    outer loop
      vertex 47.0549 9.45517 16.7778
      vertex 45.9331 13.9337 32
      vertex 47.0376 9.5244 16.6314
    endloop
  endfacet
  facet normal -0.969945 -0.243325 0.000108543
    outer loop
      vertex 47.0758 9.37192 16.9167
      vertex 45.9331 13.9337 32
      vertex 47.0549 9.45517 16.7778
    endloop
  endfacet
  facet normal -0.970003 -0.243094 3.44677e-05
    outer loop
      vertex 47.0777 9.36434 16.9269
      vertex 45.9331 13.9337 32
      vertex 47.0758 9.37192 16.9167
    endloop
  endfacet
  facet normal -0.97003 -0.242987 0
    outer loop
      vertex 45.9331 13.9337 32
      vertex 47.0777 9.36434 16.9269
      vertex 47.0777 9.36434 32
    endloop
  endfacet
  facet normal -0.336889 0.941544 0
    outer loop
      vertex 18.3688 -44.3462 0
      vertex 13.9337 -45.9331 32
      vertex 18.3688 -44.3462 32
    endloop
  endfacet
  facet normal -0.336889 0.941544 0
    outer loop
      vertex 13.9337 -45.9331 32
      vertex 18.3688 -44.3462 0
      vertex 13.9337 -45.9331 0
    endloop
  endfacet
  facet normal 0.595695 -0.803211 0
    outer loop
      vertex -30.4509 37.1045 25.6
      vertex -26.6674 39.9105 32
      vertex -30.4509 37.1045 32
    endloop
  endfacet
  facet normal 0.595695 -0.803211 0
    outer loop
      vertex -26.6674 39.9105 32
      vertex -30.4509 37.1045 25.6
      vertex -26.6674 39.9105 25.6
    endloop
  endfacet
  facet normal 0.595695 -0.803211 0
    outer loop
      vertex -30.4509 37.1045 0
      vertex -26.6674 39.9105 6.4
      vertex -30.4509 37.1045 6.4
    endloop
  endfacet
  facet normal 0.595695 -0.803211 0
    outer loop
      vertex -26.6674 39.9105 6.4
      vertex -30.4509 37.1045 0
      vertex -26.6674 39.9105 0
    endloop
  endfacet
  facet normal 0.595695 -0.803211 0
    outer loop
      vertex -30.4509 37.1045 9.6
      vertex -26.6674 39.9105 22.4
      vertex -30.4509 37.1045 22.4
    endloop
  endfacet
  facet normal 0.595695 -0.803211 0
    outer loop
      vertex -26.6674 39.9105 22.4
      vertex -30.4509 37.1045 9.6
      vertex -26.6674 39.9105 9.6
    endloop
  endfacet
  facet normal 0.857731 -0.514099 0
    outer loop
      vertex -42.3322 22.627 32
      vertex -39.9105 26.6674 0
      vertex -39.9105 26.6674 32
    endloop
  endfacet
  facet normal 0.857731 -0.514099 0
    outer loop
      vertex -39.9105 26.6674 0
      vertex -42.3322 22.627 32
      vertex -42.3322 22.627 0
    endloop
  endfacet
  facet normal -0.671567 -0.740944 0
    outer loop
      vertex 30.4509 37.1045 0
      vertex 33.9411 33.9411 32
      vertex 30.4509 37.1045 32
    endloop
  endfacet
  facet normal -0.671567 -0.740944 -0
    outer loop
      vertex 33.9411 33.9411 32
      vertex 30.4509 37.1045 0
      vertex 33.9411 33.9411 0
    endloop
  endfacet
  facet normal -0.427559 0.903988 0
    outer loop
      vertex 22.627 -42.3322 0
      vertex 18.3688 -44.3462 32
      vertex 22.627 -42.3322 32
    endloop
  endfacet
  facet normal -0.427559 0.903988 0
    outer loop
      vertex 18.3688 -44.3462 32
      vertex 22.627 -42.3322 0
      vertex 18.3688 -44.3462 0
    endloop
  endfacet
  facet normal -0.146736 -0.989176 0
    outer loop
      vertex 4.70482 47.7689 0
      vertex 9.36434 47.0777 32
      vertex 4.70482 47.7689 32
    endloop
  endfacet
  facet normal -0.146736 -0.989176 -0
    outer loop
      vertex 9.36434 47.0777 32
      vertex 4.70482 47.7689 0
      vertex 9.36434 47.0777 0
    endloop
  endfacet
  facet normal -0.0490607 -0.998796 0
    outer loop
      vertex 0 48 0
      vertex 4.70482 47.7689 32
      vertex 0 48 32
    endloop
  endfacet
  facet normal -0.0490607 -0.998796 -0
    outer loop
      vertex 4.70482 47.7689 32
      vertex 0 48 0
      vertex 4.70482 47.7689 0
    endloop
  endfacet
  facet normal -0.595695 0.803211 0
    outer loop
      vertex 30.4509 -37.1045 0
      vertex 26.6674 -39.9105 32
      vertex 30.4509 -37.1045 32
    endloop
  endfacet
  facet normal -0.595695 0.803211 0
    outer loop
      vertex 26.6674 -39.9105 32
      vertex 30.4509 -37.1045 0
      vertex 26.6674 -39.9105 0
    endloop
  endfacet
  facet normal -0.146612 0.989194 0
    outer loop
      vertex 9.36434 -47.0777 0
      vertex 9 -47.1317 32
      vertex 9.36434 -47.0777 32
    endloop
  endfacet
  facet normal -0.146612 0.989194 0
    outer loop
      vertex 9 -47.1317 32
      vertex 9.36434 -47.0777 0
      vertex 9 -47.1317 0
    endloop
  endfacet
  facet normal -0.427559 -0.903988 0
    outer loop
      vertex 18.3688 44.3462 0
      vertex 22.627 42.3322 32
      vertex 18.3688 44.3462 32
    endloop
  endfacet
  facet normal -0.427559 -0.903988 -0
    outer loop
      vertex 22.627 42.3322 32
      vertex 18.3688 44.3462 0
      vertex 22.627 42.3322 0
    endloop
  endfacet
  facet normal -0.514099 0.857731 0
    outer loop
      vertex 26.6674 -39.9105 0
      vertex 22.627 -42.3322 32
      vertex 26.6674 -39.9105 32
    endloop
  endfacet
  facet normal -0.514099 0.857731 0
    outer loop
      vertex 22.627 -42.3322 32
      vertex 26.6674 -39.9105 0
      vertex 22.627 -42.3322 0
    endloop
  endfacet
  facet normal -0.803211 0.595695 0
    outer loop
      vertex 37.1045 -30.4509 0
      vertex 39.9105 -26.6674 32
      vertex 39.9105 -26.6674 0
    endloop
  endfacet
  facet normal -0.803211 0.595695 0
    outer loop
      vertex 39.9105 -26.6674 32
      vertex 37.1045 -30.4509 0
      vertex 37.1045 -30.4509 32
    endloop
  endfacet
  facet normal 0.740944 0.671567 0
    outer loop
      vertex -33.9411 -33.9411 32
      vertex -37.1045 -30.4509 0
      vertex -37.1045 -30.4509 32
    endloop
  endfacet
  facet normal 0.740944 0.671567 0
    outer loop
      vertex -37.1045 -30.4509 0
      vertex -33.9411 -33.9411 32
      vertex -33.9411 -33.9411 0
    endloop
  endfacet
  facet normal 0.514099 -0.857731 0
    outer loop
      vertex -26.6674 39.9105 25.6
      vertex -22.627 42.3322 32
      vertex -26.6674 39.9105 32
    endloop
  endfacet
  facet normal 0.514099 -0.857731 0
    outer loop
      vertex -22.627 42.3322 32
      vertex -26.6674 39.9105 25.6
      vertex -22.627 42.3322 25.6
    endloop
  endfacet
  facet normal 0.514099 -0.857731 0
    outer loop
      vertex -26.6674 39.9105 0
      vertex -22.627 42.3322 6.4
      vertex -26.6674 39.9105 6.4
    endloop
  endfacet
  facet normal 0.514099 -0.857731 0
    outer loop
      vertex -22.627 42.3322 6.4
      vertex -26.6674 39.9105 0
      vertex -22.627 42.3322 0
    endloop
  endfacet
  facet normal 0.514099 -0.857731 0
    outer loop
      vertex -26.6674 39.9105 9.6
      vertex -22.627 42.3322 22.4
      vertex -26.6674 39.9105 22.4
    endloop
  endfacet
  facet normal 0.514099 -0.857731 0
    outer loop
      vertex -22.627 42.3322 22.4
      vertex -26.6674 39.9105 9.6
      vertex -22.627 42.3322 9.6
    endloop
  endfacet
  facet normal -0.989171 0.146766 0
    outer loop
      vertex 47.7689 -4.70482 0
      vertex 47.5248 -6.35 16
      vertex 47.7689 -4.70482 32
    endloop
  endfacet
  facet normal -0.989043 0.14763 9.07402e-05
    outer loop
      vertex 47.7689 -4.70482 0
      vertex 47.5236 -6.35794 15.8383
      vertex 47.5248 -6.35 16
    endloop
  endfacet
  facet normal -0.98926 0.146166 -6.54335e-05
    outer loop
      vertex 47.7689 -4.70482 0
      vertex 47.5201 -6.3817 15.6781
      vertex 47.5236 -6.35794 15.8383
    endloop
  endfacet
  facet normal -0.989269 0.146102 -7.23391e-05
    outer loop
      vertex 47.7689 -4.70482 0
      vertex 47.5143 -6.42105 15.521
      vertex 47.5201 -6.3817 15.6781
    endloop
  endfacet
  facet normal -0.989159 0.146845 1.16328e-05
    outer loop
      vertex 47.7689 -4.70482 0
      vertex 47.5062 -6.4756 15.3686
      vertex 47.5143 -6.42105 15.521
    endloop
  endfacet
  facet normal -0.989125 0.147079 3.9105e-05
    outer loop
      vertex 47.7689 -4.70482 0
      vertex 47.4959 -6.54483 15.2222
      vertex 47.5062 -6.4756 15.3686
    endloop
  endfacet
  facet normal -0.989244 0.146276 -6.00281e-05
    outer loop
      vertex 47.7689 -4.70482 0
      vertex 47.4836 -6.62807 15.0833
      vertex 47.4959 -6.54483 15.2222
    endloop
  endfacet
  facet normal -0.989187 0.146659 -1.01898e-05
    outer loop
      vertex 47.7689 -4.70482 0
      vertex 47.4693 -6.72453 14.9533
      vertex 47.4836 -6.62807 15.0833
    endloop
  endfacet
  facet normal -0.989096 0.147272 7.45363e-05
    outer loop
      vertex 47.7689 -4.70482 0
      vertex 47.4531 -6.83327 14.8333
      vertex 47.4693 -6.72453 14.9533
    endloop
  endfacet
  facet normal -0.989173 0.146753 -1.6102e-06
    outer loop
      vertex 47.7689 -4.70482 0
      vertex 47.4353 -6.95325 14.7245
      vertex 47.4531 -6.83327 14.8333
    endloop
  endfacet
  facet normal -0.989169 0.146783 3.10093e-06
    outer loop
      vertex 47.7689 -4.70482 0
      vertex 47.416 -7.08331 14.6281
      vertex 47.4353 -6.95325 14.7245
    endloop
  endfacet
  facet normal -0.989271 0.146093 -0.000111678
    outer loop
      vertex 47.7689 -4.70482 0
      vertex 47.3955 -7.22219 14.5448
      vertex 47.416 -7.08331 14.6281
    endloop
  endfacet
  facet normal -0.989098 0.147259 9.46357e-05
    outer loop
      vertex 47.7689 -4.70482 0
      vertex 47.3737 -7.36857 14.4756
      vertex 47.3955 -7.22219 14.5448
    endloop
  endfacet
  facet normal -0.98919 0.146641 -2.16316e-05
    outer loop
      vertex 47.7689 -4.70482 0
      vertex 47.3511 -7.52103 14.421
      vertex 47.3737 -7.36857 14.4756
    endloop
  endfacet
  facet normal -0.989176 0.146736 -2.56185e-06
    outer loop
      vertex 47.7689 -4.70482 0
      vertex 47.3278 -7.6781 14.3817
      vertex 47.3511 -7.52103 14.421
    endloop
  endfacet
  facet normal -0.989228 0.146385 -7.67669e-05
    outer loop
      vertex 47.7689 -4.70482 0
      vertex 47.3041 -7.83827 14.3579
      vertex 47.3278 -7.6781 14.3817
    endloop
  endfacet
  facet normal -0.989176 0.146736 1.41564e-06
    outer loop
      vertex 47.0777 -9.36434 0
      vertex 47.3041 -7.83827 14.3579
      vertex 47.7689 -4.70482 0
    endloop
  endfacet
  facet normal -0.989168 0.146788 -4.28545e-06
    outer loop
      vertex 47.3041 -7.83827 14.3579
      vertex 47.0777 -9.36434 0
      vertex 47.2801 -8 14.35
    endloop
  endfacet
  facet normal -0.989168 0.146788 -4.24583e-06
    outer loop
      vertex 47.2801 -8 14.35
      vertex 47.0777 -9.36434 0
      vertex 47.2561 -8.16173 14.3579
    endloop
  endfacet
  facet normal -0.98914 0.146975 -2.03026e-05
    outer loop
      vertex 47.2561 -8.16173 14.3579
      vertex 47.0777 -9.36434 0
      vertex 47.2323 -8.3219 14.3817
    endloop
  endfacet
  facet normal -0.989176 0.146735 -2.50745e-06
    outer loop
      vertex 47.2323 -8.3219 14.3817
      vertex 47.0777 -9.36434 0
      vertex 47.209 -8.47897 14.421
    endloop
  endfacet
  facet normal -0.989191 0.146635 3.80186e-06
    outer loop
      vertex 47.209 -8.47897 14.421
      vertex 47.0777 -9.36434 0
      vertex 47.1864 -8.63143 14.4756
    endloop
  endfacet
  facet normal -0.989188 0.146653 2.85972e-06
    outer loop
      vertex 47.1864 -8.63143 14.4756
      vertex 47.0777 -9.36434 0
      vertex 47.1647 -8.7778 14.5448
    endloop
  endfacet
  facet normal -0.989179 0.146714 3.37537e-07
    outer loop
      vertex 47.1647 -8.7778 14.5448
      vertex 47.0777 -9.36434 0
      vertex 47.1441 -8.91669 14.6281
    endloop
  endfacet
  facet normal -0.989169 0.146784 -1.86122e-06
    outer loop
      vertex 47.1441 -8.91669 14.6281
      vertex 47.0777 -9.36434 0
      vertex 47.1248 -9.04675 14.7245
    endloop
  endfacet
  facet normal -0.989173 0.146751 -1.12251e-06
    outer loop
      vertex 47.1248 -9.04675 14.7245
      vertex 47.0777 -9.36434 0
      vertex 47.107 -9.16673 14.8333
    endloop
  endfacet
  facet normal -0.989216 0.146466 2.75668e-06
    outer loop
      vertex 47.107 -9.16673 14.8333
      vertex 47.0777 -9.36434 0
      vertex 47.0909 -9.27547 14.9533
    endloop
  endfacet
  facet normal -0.989148 0.14692 0
    outer loop
      vertex 47.0909 -9.27547 14.9533
      vertex 47.0777 -9.36434 0
      vertex 47.0777 -9.36434 15.0731
    endloop
  endfacet
  facet normal -0.989043 0.14763 -9.07402e-05
    outer loop
      vertex 47.5236 -6.35794 16.1617
      vertex 47.7689 -4.70482 32
      vertex 47.5248 -6.35 16
    endloop
  endfacet
  facet normal -0.98926 0.146166 6.54335e-05
    outer loop
      vertex 47.5201 -6.3817 16.3219
      vertex 47.7689 -4.70482 32
      vertex 47.5236 -6.35794 16.1617
    endloop
  endfacet
  facet normal -0.989269 0.146102 7.23391e-05
    outer loop
      vertex 47.5143 -6.42105 16.479
      vertex 47.7689 -4.70482 32
      vertex 47.5201 -6.3817 16.3219
    endloop
  endfacet
  facet normal -0.989159 0.146845 -1.16328e-05
    outer loop
      vertex 47.5062 -6.4756 16.6314
      vertex 47.7689 -4.70482 32
      vertex 47.5143 -6.42105 16.479
    endloop
  endfacet
  facet normal -0.989125 0.147079 -3.9105e-05
    outer loop
      vertex 47.4959 -6.54483 16.7778
      vertex 47.7689 -4.70482 32
      vertex 47.5062 -6.4756 16.6314
    endloop
  endfacet
  facet normal -0.989244 0.146276 6.00281e-05
    outer loop
      vertex 47.4836 -6.62807 16.9167
      vertex 47.7689 -4.70482 32
      vertex 47.4959 -6.54483 16.7778
    endloop
  endfacet
  facet normal -0.989187 0.146659 1.01898e-05
    outer loop
      vertex 47.4693 -6.72453 17.0467
      vertex 47.7689 -4.70482 32
      vertex 47.4836 -6.62807 16.9167
    endloop
  endfacet
  facet normal -0.989096 0.147272 -7.45363e-05
    outer loop
      vertex 47.4531 -6.83327 17.1667
      vertex 47.7689 -4.70482 32
      vertex 47.4693 -6.72453 17.0467
    endloop
  endfacet
  facet normal -0.989173 0.146753 1.6102e-06
    outer loop
      vertex 47.4353 -6.95325 17.2755
      vertex 47.7689 -4.70482 32
      vertex 47.4531 -6.83327 17.1667
    endloop
  endfacet
  facet normal -0.989169 0.146783 -3.10093e-06
    outer loop
      vertex 47.416 -7.08331 17.3719
      vertex 47.7689 -4.70482 32
      vertex 47.4353 -6.95325 17.2755
    endloop
  endfacet
  facet normal -0.989271 0.146093 0.000111678
    outer loop
      vertex 47.3955 -7.22219 17.4552
      vertex 47.7689 -4.70482 32
      vertex 47.416 -7.08331 17.3719
    endloop
  endfacet
  facet normal -0.989098 0.147259 -9.46357e-05
    outer loop
      vertex 47.3737 -7.36857 17.5244
      vertex 47.7689 -4.70482 32
      vertex 47.3955 -7.22219 17.4552
    endloop
  endfacet
  facet normal -0.98919 0.146641 2.16316e-05
    outer loop
      vertex 47.3511 -7.52103 17.579
      vertex 47.7689 -4.70482 32
      vertex 47.3737 -7.36857 17.5244
    endloop
  endfacet
  facet normal -0.989176 0.146736 2.56185e-06
    outer loop
      vertex 47.3278 -7.6781 17.6183
      vertex 47.7689 -4.70482 32
      vertex 47.3511 -7.52103 17.579
    endloop
  endfacet
  facet normal -0.989228 0.146385 7.67669e-05
    outer loop
      vertex 47.3041 -7.83827 17.6421
      vertex 47.7689 -4.70482 32
      vertex 47.3278 -7.6781 17.6183
    endloop
  endfacet
  facet normal -0.989168 0.146788 4.28545e-06
    outer loop
      vertex 47.0777 -9.36434 32
      vertex 47.3041 -7.83827 17.6421
      vertex 47.2801 -8 17.65
    endloop
  endfacet
  facet normal -0.989168 0.146788 4.24583e-06
    outer loop
      vertex 47.0777 -9.36434 32
      vertex 47.2801 -8 17.65
      vertex 47.2561 -8.16173 17.6421
    endloop
  endfacet
  facet normal -0.98914 0.146975 2.03026e-05
    outer loop
      vertex 47.0777 -9.36434 32
      vertex 47.2561 -8.16173 17.6421
      vertex 47.2323 -8.3219 17.6183
    endloop
  endfacet
  facet normal -0.989176 0.146735 2.50745e-06
    outer loop
      vertex 47.0777 -9.36434 32
      vertex 47.2323 -8.3219 17.6183
      vertex 47.209 -8.47897 17.579
    endloop
  endfacet
  facet normal -0.989191 0.146635 -3.80186e-06
    outer loop
      vertex 47.0777 -9.36434 32
      vertex 47.209 -8.47897 17.579
      vertex 47.1864 -8.63143 17.5244
    endloop
  endfacet
  facet normal -0.989188 0.146653 -2.85972e-06
    outer loop
      vertex 47.0777 -9.36434 32
      vertex 47.1864 -8.63143 17.5244
      vertex 47.1647 -8.7778 17.4552
    endloop
  endfacet
  facet normal -0.989179 0.146714 -3.37537e-07
    outer loop
      vertex 47.0777 -9.36434 32
      vertex 47.1647 -8.7778 17.4552
      vertex 47.1441 -8.91669 17.3719
    endloop
  endfacet
  facet normal -0.989169 0.146784 1.86122e-06
    outer loop
      vertex 47.0777 -9.36434 32
      vertex 47.1441 -8.91669 17.3719
      vertex 47.1248 -9.04675 17.2755
    endloop
  endfacet
  facet normal -0.989173 0.146751 1.12251e-06
    outer loop
      vertex 47.0777 -9.36434 32
      vertex 47.1248 -9.04675 17.2755
      vertex 47.107 -9.16673 17.1667
    endloop
  endfacet
  facet normal -0.989216 0.146466 -2.75668e-06
    outer loop
      vertex 47.0777 -9.36434 32
      vertex 47.107 -9.16673 17.1667
      vertex 47.0909 -9.27547 17.0467
    endloop
  endfacet
  facet normal -0.989148 0.14692 0
    outer loop
      vertex 47.0777 -9.36434 32
      vertex 47.0909 -9.27547 17.0467
      vertex 47.0777 -9.36434 16.9269
    endloop
  endfacet
  facet normal -0.989176 0.146736 -1.41564e-06
    outer loop
      vertex 47.3041 -7.83827 17.6421
      vertex 47.0777 -9.36434 32
      vertex 47.7689 -4.70482 32
    endloop
  endfacet
  facet normal 0.146612 0.989194 -0
    outer loop
      vertex -9 -47.1317 0
      vertex -9.36434 -47.0777 32
      vertex -9 -47.1317 32
    endloop
  endfacet
  facet normal 0.146612 0.989194 0
    outer loop
      vertex -9.36434 -47.0777 32
      vertex -9 -47.1317 0
      vertex -9.36434 -47.0777 0
    endloop
  endfacet
  facet normal -0.595695 -0.803211 0
    outer loop
      vertex 26.6674 39.9105 0
      vertex 30.4509 37.1045 32
      vertex 26.6674 39.9105 32
    endloop
  endfacet
  facet normal -0.595695 -0.803211 -0
    outer loop
      vertex 30.4509 37.1045 32
      vertex 26.6674 39.9105 0
      vertex 30.4509 37.1045 0
    endloop
  endfacet
  facet normal -0.97003 0.242987 0
    outer loop
      vertex 45.9331 -13.9337 0
      vertex 47.0777 -9.36434 15.0731
      vertex 47.0777 -9.36434 0
    endloop
  endfacet
  facet normal -0.970003 0.243094 -3.44677e-05
    outer loop
      vertex 47.0777 -9.36434 15.0731
      vertex 45.9331 -13.9337 0
      vertex 47.0758 -9.37192 15.0833
    endloop
  endfacet
  facet normal -0.969945 0.243325 -0.000108543
    outer loop
      vertex 47.0758 -9.37192 15.0833
      vertex 45.9331 -13.9337 0
      vertex 47.0549 -9.45517 15.2222
    endloop
  endfacet
  facet normal -0.970115 0.242644 0.000104216
    outer loop
      vertex 47.0549 -9.45517 15.2222
      vertex 45.9331 -13.9337 0
      vertex 47.0376 -9.5244 15.3686
    endloop
  endfacet
  facet normal -0.969947 0.243316 -0.000100785
    outer loop
      vertex 47.0376 -9.5244 15.3686
      vertex 45.9331 -13.9337 0
      vertex 47.0239 -9.57895 15.521
    endloop
  endfacet
  facet normal -0.970187 0.242359 0.000184637
    outer loop
      vertex 47.0239 -9.57895 15.521
      vertex 45.9331 -13.9337 0
      vertex 47.0141 -9.6183 15.6781
    endloop
  endfacet
  facet normal -0.969858 0.243672 -0.000199364
    outer loop
      vertex 47.0141 -9.6183 15.6781
      vertex 45.9331 -13.9337 0
      vertex 47.0081 -9.64205 15.8383
    endloop
  endfacet
  facet normal -0.969993 0.243132 -4.38339e-05
    outer loop
      vertex 47.0081 -9.64205 15.8383
      vertex 45.9331 -13.9337 0
      vertex 47.0061 -9.65 16
    endloop
  endfacet
  facet normal -0.970003 0.243094 3.44677e-05
    outer loop
      vertex 45.9331 -13.9337 32
      vertex 47.0777 -9.36434 16.9269
      vertex 47.0758 -9.37192 16.9167
    endloop
  endfacet
  facet normal -0.969945 0.243325 0.000108543
    outer loop
      vertex 45.9331 -13.9337 32
      vertex 47.0758 -9.37192 16.9167
      vertex 47.0549 -9.45517 16.7778
    endloop
  endfacet
  facet normal -0.970115 0.242644 -0.000104216
    outer loop
      vertex 45.9331 -13.9337 32
      vertex 47.0549 -9.45517 16.7778
      vertex 47.0376 -9.5244 16.6314
    endloop
  endfacet
  facet normal -0.969947 0.243316 0.000100785
    outer loop
      vertex 45.9331 -13.9337 32
      vertex 47.0376 -9.5244 16.6314
      vertex 47.0239 -9.57895 16.479
    endloop
  endfacet
  facet normal -0.970187 0.242359 -0.000184637
    outer loop
      vertex 45.9331 -13.9337 32
      vertex 47.0239 -9.57895 16.479
      vertex 47.0141 -9.6183 16.3219
    endloop
  endfacet
  facet normal -0.969858 0.243672 0.000199364
    outer loop
      vertex 45.9331 -13.9337 32
      vertex 47.0141 -9.6183 16.3219
      vertex 47.0081 -9.64205 16.1617
    endloop
  endfacet
  facet normal -0.969993 0.243132 4.38339e-05
    outer loop
      vertex 45.9331 -13.9337 32
      vertex 47.0081 -9.64205 16.1617
      vertex 47.0061 -9.65 16
    endloop
  endfacet
  facet normal -0.970032 0.242978 0
    outer loop
      vertex 45.9331 -13.9337 32
      vertex 47.0061 -9.65 16
      vertex 45.9331 -13.9337 0
    endloop
  endfacet
  facet normal -0.97003 0.242987 0
    outer loop
      vertex 47.0777 -9.36434 16.9269
      vertex 45.9331 -13.9337 32
      vertex 47.0777 -9.36434 32
    endloop
  endfacet
  facet normal 0.336889 0.941544 -0
    outer loop
      vertex -13.9337 -45.9331 0
      vertex -18.3688 -44.3462 32
      vertex -13.9337 -45.9331 32
    endloop
  endfacet
  facet normal 0.336889 0.941544 0
    outer loop
      vertex -18.3688 -44.3462 32
      vertex -13.9337 -45.9331 0
      vertex -18.3688 -44.3462 0
    endloop
  endfacet
  facet normal 0.941544 0.336889 0
    outer loop
      vertex -44.3462 -18.3688 32
      vertex -45.9331 -13.9337 0
      vertex -45.9331 -13.9337 32
    endloop
  endfacet
  facet normal 0.941544 0.336889 0
    outer loop
      vertex -45.9331 -13.9337 0
      vertex -44.3462 -18.3688 32
      vertex -44.3462 -18.3688 0
    endloop
  endfacet
  facet normal 0.146736 -0.989176 0
    outer loop
      vertex -9.36434 47.0777 0
      vertex -4.70482 47.7689 32
      vertex -9.36434 47.0777 32
    endloop
  endfacet
  facet normal 0.146736 -0.989176 0
    outer loop
      vertex -4.70482 47.7689 32
      vertex -9.36434 47.0777 0
      vertex -4.70482 47.7689 0
    endloop
  endfacet
  facet normal -0.803211 -0.595695 0
    outer loop
      vertex 39.9105 26.6674 0
      vertex 37.1045 30.4509 32
      vertex 37.1045 30.4509 0
    endloop
  endfacet
  facet normal -0.803211 -0.595695 0
    outer loop
      vertex 37.1045 30.4509 32
      vertex 39.9105 26.6674 0
      vertex 39.9105 26.6674 32
    endloop
  endfacet
  facet normal 0.97003 0.242987 0
    outer loop
      vertex -45.9331 -13.9337 32
      vertex -47.0777 -9.36434 0
      vertex -47.0777 -9.36434 32
    endloop
  endfacet
  facet normal 0.97003 0.242987 0
    outer loop
      vertex -47.0777 -9.36434 0
      vertex -45.9331 -13.9337 32
      vertex -45.9331 -13.9337 0
    endloop
  endfacet
  facet normal 0.998796 0.0490607 0
    outer loop
      vertex -47.7689 -4.70482 32
      vertex -48 0 0
      vertex -48 0 32
    endloop
  endfacet
  facet normal 0.998796 0.0490607 0
    outer loop
      vertex -48 0 0
      vertex -47.7689 -4.70482 32
      vertex -47.7689 -4.70482 0
    endloop
  endfacet
  facet normal -0.903988 0.427559 0
    outer loop
      vertex 42.3322 -22.627 0
      vertex 44.3462 -18.3688 32
      vertex 44.3462 -18.3688 0
    endloop
  endfacet
  facet normal -0.903988 0.427559 0
    outer loop
      vertex 44.3462 -18.3688 32
      vertex 42.3322 -22.627 0
      vertex 42.3322 -22.627 32
    endloop
  endfacet
  facet normal -0.514099 -0.857731 0
    outer loop
      vertex 22.627 42.3322 0
      vertex 26.6674 39.9105 32
      vertex 22.627 42.3322 32
    endloop
  endfacet
  facet normal -0.514099 -0.857731 -0
    outer loop
      vertex 26.6674 39.9105 32
      vertex 22.627 42.3322 0
      vertex 26.6674 39.9105 0
    endloop
  endfacet
  facet normal 0.903988 -0.427559 0
    outer loop
      vertex -44.3462 18.3688 32
      vertex -42.3322 22.627 0
      vertex -42.3322 22.627 32
    endloop
  endfacet
  facet normal 0.903988 -0.427559 0
    outer loop
      vertex -42.3322 22.627 0
      vertex -44.3462 18.3688 32
      vertex -44.3462 18.3688 0
    endloop
  endfacet
  facet normal -0.998796 0.0490607 0
    outer loop
      vertex 47.7689 -4.70482 0
      vertex 48 0 32
      vertex 48 0 0
    endloop
  endfacet
  facet normal -0.998796 0.0490607 0
    outer loop
      vertex 48 0 32
      vertex 47.7689 -4.70482 0
      vertex 47.7689 -4.70482 32
    endloop
  endfacet
  facet normal 0.0490607 -0.998796 0
    outer loop
      vertex -4.70482 47.7689 0
      vertex 0 48 32
      vertex -4.70482 47.7689 32
    endloop
  endfacet
  facet normal 0.0490607 -0.998796 0
    outer loop
      vertex 0 48 32
      vertex -4.70482 47.7689 0
      vertex 0 48 0
    endloop
  endfacet
  facet normal 0.740947 -0.671564 0
    outer loop
      vertex -33.9411 33.9411 32
      vertex -35 32.7728 25.6
      vertex -33.9411 33.9411 25.6
    endloop
  endfacet
  facet normal 0.740947 -0.671564 -1.75419e-07
    outer loop
      vertex -33.9411 33.9411 32
      vertex -35.1568 32.5998 25.5923
      vertex -35 32.7728 25.6
    endloop
  endfacet
  facet normal 0.740944 -0.671567 1.06946e-06
    outer loop
      vertex -37.1045 30.4509 32
      vertex -35.1568 32.5998 25.5923
      vertex -33.9411 33.9411 32
    endloop
  endfacet
  facet normal 0.741049 -0.671451 7.20643e-05
    outer loop
      vertex -35.1568 32.5998 25.5923
      vertex -37.1045 30.4509 32
      vertex -35.3121 32.4284 25.5693
    endloop
  endfacet
  facet normal 0.740676 -0.671863 -0.000158785
    outer loop
      vertex -35.3121 32.4284 25.5693
      vertex -37.1045 30.4509 32
      vertex -35.4645 32.2604 25.5311
    endloop
  endfacet
  facet normal 0.741004 -0.671501 2.56917e-05
    outer loop
      vertex -35.4645 32.2604 25.5311
      vertex -37.1045 30.4509 32
      vertex -35.6123 32.0973 25.4782
    endloop
  endfacet
  facet normal 0.741024 -0.671479 3.55915e-05
    outer loop
      vertex -35.6123 32.0973 25.4782
      vertex -37.1045 30.4509 32
      vertex -35.7542 31.9407 25.4111
    endloop
  endfacet
  facet normal 0.740913 -0.671601 -1.44767e-05
    outer loop
      vertex -35.7542 31.9407 25.4111
      vertex -37.1045 30.4509 32
      vertex -35.8889 31.7921 25.3304
    endloop
  endfacet
  facet normal 0.741099 -0.671396 6.0613e-05
    outer loop
      vertex -35.8889 31.7921 25.3304
      vertex -37.1045 30.4509 32
      vertex -36.015 31.6529 25.2368
    endloop
  endfacet
  facet normal 0.740658 -0.671882 -9.67897e-05
    outer loop
      vertex -36.015 31.6529 25.2368
      vertex -37.1045 30.4509 32
      vertex -36.1314 31.5246 25.1314
    endloop
  endfacet
  facet normal 0.741224 -0.671258 8.08666e-05
    outer loop
      vertex -36.1314 31.5246 25.1314
      vertex -37.1045 30.4509 32
      vertex -36.2368 31.4082 25.015
    endloop
  endfacet
  facet normal 0.740749 -0.671782 -4.98546e-05
    outer loop
      vertex -36.2368 31.4082 25.015
      vertex -37.1045 30.4509 32
      vertex -36.3304 31.305 24.8889
    endloop
  endfacet
  facet normal 0.740829 -0.671694 -3.06757e-05
    outer loop
      vertex -36.3304 31.305 24.8889
      vertex -37.1045 30.4509 32
      vertex -36.4111 31.216 24.7542
    endloop
  endfacet
  facet normal 0.741205 -0.671279 4.90667e-05
    outer loop
      vertex -36.4111 31.216 24.7542
      vertex -37.1045 30.4509 32
      vertex -36.4782 31.1419 24.6123
    endloop
  endfacet
  facet normal 0.740933 -0.671579 0
    outer loop
      vertex -36.6 31.0075 24
      vertex -37.1045 30.4509 32
      vertex -36.6 31.0075 8
    endloop
  endfacet
  facet normal 0.741016 -0.671487 1.15967e-05
    outer loop
      vertex -36.5923 31.016 24.1568
      vertex -37.1045 30.4509 32
      vertex -36.6 31.0075 24
    endloop
  endfacet
  facet normal 0.74116 -0.671328 3.24897e-05
    outer loop
      vertex -36.5693 31.0414 24.3121
      vertex -37.1045 30.4509 32
      vertex -36.5923 31.016 24.1568
    endloop
  endfacet
  facet normal 0.740658 -0.671883 -4.50855e-05
    outer loop
      vertex -36.5311 31.0835 24.4645
      vertex -37.1045 30.4509 32
      vertex -36.5693 31.0414 24.3121
    endloop
  endfacet
  facet normal 0.741106 -0.671388 3.05848e-05
    outer loop
      vertex -36.4782 31.1419 24.6123
      vertex -37.1045 30.4509 32
      vertex -36.5311 31.0835 24.4645
    endloop
  endfacet
  facet normal 0.740947 -0.671564 0
    outer loop
      vertex -35 32.7728 22.4
      vertex -33.9411 33.9411 9.6
      vertex -33.9411 33.9411 22.4
    endloop
  endfacet
  facet normal 0.740947 -0.671564 0
    outer loop
      vertex -35 32.7728 22.4
      vertex -35 32.7728 9.6
      vertex -33.9411 33.9411 9.6
    endloop
  endfacet
  facet normal 0.740947 -0.671564 0
    outer loop
      vertex -35.1568 32.5998 22.4077
      vertex -35 32.7728 9.6
      vertex -35 32.7728 22.4
    endloop
  endfacet
  facet normal 0.740947 -0.671564 0
    outer loop
      vertex -35.1568 32.5998 22.4077
      vertex -35.1568 32.5998 9.59229
      vertex -35 32.7728 9.6
    endloop
  endfacet
  facet normal 0.741054 -0.671445 0
    outer loop
      vertex -35.3121 32.4284 22.4307
      vertex -35.1568 32.5998 9.59229
      vertex -35.1568 32.5998 22.4077
    endloop
  endfacet
  facet normal 0.741054 -0.671445 0
    outer loop
      vertex -35.3121 32.4284 22.4307
      vertex -35.3121 32.4284 9.56926
      vertex -35.1568 32.5998 9.59229
    endloop
  endfacet
  facet normal 0.740658 -0.671882 0
    outer loop
      vertex -35.4645 32.2604 22.4689
      vertex -35.3121 32.4284 9.56926
      vertex -35.3121 32.4284 22.4307
    endloop
  endfacet
  facet normal 0.740658 -0.671882 0
    outer loop
      vertex -35.4645 32.2604 22.4689
      vertex -35.4645 32.2604 9.5311
      vertex -35.3121 32.4284 9.56926
    endloop
  endfacet
  facet normal 0.741008 -0.671496 0
    outer loop
      vertex -35.6123 32.0973 22.5218
      vertex -35.4645 32.2604 9.5311
      vertex -35.4645 32.2604 22.4689
    endloop
  endfacet
  facet normal 0.741008 -0.671496 0
    outer loop
      vertex -35.6123 32.0973 22.5218
      vertex -35.6123 32.0973 9.47821
      vertex -35.4645 32.2604 9.5311
    endloop
  endfacet
  facet normal 0.741031 -0.671471 0
    outer loop
      vertex -35.7542 31.9407 22.5889
      vertex -35.6123 32.0973 9.47821
      vertex -35.6123 32.0973 22.5218
    endloop
  endfacet
  facet normal 0.741031 -0.671471 0
    outer loop
      vertex -35.7542 31.9407 22.5889
      vertex -35.7542 31.9407 9.41107
      vertex -35.6123 32.0973 9.47821
    endloop
  endfacet
  facet normal 0.740909 -0.671605 0
    outer loop
      vertex -35.8889 31.7921 22.6696
      vertex -35.7542 31.9407 9.41107
      vertex -35.7542 31.9407 22.5889
    endloop
  endfacet
  facet normal 0.740909 -0.671605 0
    outer loop
      vertex -35.8889 31.7921 22.6696
      vertex -35.8889 31.7921 9.33035
      vertex -35.7542 31.9407 9.41107
    endloop
  endfacet
  facet normal 0.741119 -0.671373 0
    outer loop
      vertex -36.015 31.6529 22.7632
      vertex -35.8889 31.7921 9.33035
      vertex -35.8889 31.7921 22.6696
    endloop
  endfacet
  facet normal 0.741119 -0.671373 0
    outer loop
      vertex -36.015 31.6529 22.7632
      vertex -36.015 31.6529 9.23682
      vertex -35.8889 31.7921 9.33035
    endloop
  endfacet
  facet normal 0.740619 -0.671925 0
    outer loop
      vertex -36.1314 31.5246 22.8686
      vertex -36.015 31.6529 9.23682
      vertex -36.015 31.6529 22.7632
    endloop
  endfacet
  facet normal 0.740619 -0.671925 0
    outer loop
      vertex -36.1314 31.5246 22.8686
      vertex -36.1314 31.5246 9.13137
      vertex -36.015 31.6529 9.23682
    endloop
  endfacet
  facet normal 0.741264 -0.671213 0
    outer loop
      vertex -36.2368 31.4082 22.985
      vertex -36.1314 31.5246 9.13137
      vertex -36.1314 31.5246 22.8686
    endloop
  endfacet
  facet normal 0.741264 -0.671213 0
    outer loop
      vertex -36.2368 31.4082 22.985
      vertex -36.2368 31.4082 9.01503
      vertex -36.1314 31.5246 9.13137
    endloop
  endfacet
  facet normal 0.740719 -0.671815 0
    outer loop
      vertex -36.3304 31.305 23.1111
      vertex -36.2368 31.4082 9.01503
      vertex -36.2368 31.4082 22.985
    endloop
  endfacet
  facet normal 0.740719 -0.671815 0
    outer loop
      vertex -36.3304 31.305 23.1111
      vertex -36.3304 31.305 8.88891
      vertex -36.2368 31.4082 9.01503
    endloop
  endfacet
  facet normal 0.740806 -0.671719 0
    outer loop
      vertex -36.4111 31.216 23.2458
      vertex -36.3304 31.305 8.88891
      vertex -36.3304 31.305 23.1111
    endloop
  endfacet
  facet normal 0.740806 -0.671719 0
    outer loop
      vertex -36.4111 31.216 23.2458
      vertex -36.4111 31.216 8.75423
      vertex -36.3304 31.305 8.88891
    endloop
  endfacet
  facet normal 0.741251 -0.671228 0
    outer loop
      vertex -36.4782 31.1419 23.3877
      vertex -36.4111 31.216 8.75423
      vertex -36.4111 31.216 23.2458
    endloop
  endfacet
  facet normal 0.741251 -0.671228 0
    outer loop
      vertex -36.4782 31.1419 23.3877
      vertex -36.4782 31.1419 8.61229
      vertex -36.4111 31.216 8.75423
    endloop
  endfacet
  facet normal 0.741145 -0.671345 0
    outer loop
      vertex -36.5311 31.0835 23.5355
      vertex -36.4782 31.1419 8.61229
      vertex -36.4782 31.1419 23.3877
    endloop
  endfacet
  facet normal 0.741145 -0.671345 0
    outer loop
      vertex -36.5311 31.0835 23.5355
      vertex -36.5311 31.0835 8.46445
      vertex -36.4782 31.1419 8.61229
    endloop
  endfacet
  facet normal 0.740577 -0.671972 0
    outer loop
      vertex -36.5693 31.0414 23.6879
      vertex -36.5311 31.0835 8.46445
      vertex -36.5311 31.0835 23.5355
    endloop
  endfacet
  facet normal 0.740577 -0.671972 0
    outer loop
      vertex -36.5693 31.0414 23.6879
      vertex -36.5693 31.0414 8.31214
      vertex -36.5311 31.0835 8.46445
    endloop
  endfacet
  facet normal 0.741259 -0.671219 0
    outer loop
      vertex -36.5923 31.016 23.8432
      vertex -36.5693 31.0414 8.31214
      vertex -36.5693 31.0414 23.6879
    endloop
  endfacet
  facet normal 0.741259 -0.671219 0
    outer loop
      vertex -36.5923 31.016 23.8432
      vertex -36.5923 31.016 8.15683
      vertex -36.5693 31.0414 8.31214
    endloop
  endfacet
  facet normal 0.741123 -0.67137 0
    outer loop
      vertex -36.6 31.0075 24
      vertex -36.5923 31.016 8.15683
      vertex -36.5923 31.016 23.8432
    endloop
  endfacet
  facet normal 0.741123 -0.67137 0
    outer loop
      vertex -36.5923 31.016 8.15683
      vertex -36.6 31.0075 24
      vertex -36.6 31.0075 8
    endloop
  endfacet
  facet normal 0.740947 -0.671564 0
    outer loop
      vertex -35 32.7728 6.4
      vertex -33.9411 33.9411 0
      vertex -33.9411 33.9411 6.4
    endloop
  endfacet
  facet normal 0.740947 -0.671564 1.75419e-07
    outer loop
      vertex -35.1568 32.5998 6.4077
      vertex -33.9411 33.9411 0
      vertex -35 32.7728 6.4
    endloop
  endfacet
  facet normal 0.741049 -0.671451 -7.20589e-05
    outer loop
      vertex -37.1045 30.4509 0
      vertex -35.1568 32.5998 6.4077
      vertex -35.3121 32.4284 6.43074
    endloop
  endfacet
  facet normal 0.740676 -0.671863 0.000158798
    outer loop
      vertex -37.1045 30.4509 0
      vertex -35.3121 32.4284 6.43074
      vertex -35.4645 32.2604 6.46889
    endloop
  endfacet
  facet normal 0.741004 -0.671501 -2.56918e-05
    outer loop
      vertex -37.1045 30.4509 0
      vertex -35.4645 32.2604 6.46889
      vertex -35.6123 32.0973 6.52179
    endloop
  endfacet
  facet normal 0.741024 -0.671479 -3.55895e-05
    outer loop
      vertex -37.1045 30.4509 0
      vertex -35.6123 32.0973 6.52179
      vertex -35.7542 31.9407 6.58893
    endloop
  endfacet
  facet normal 0.740913 -0.671601 1.44763e-05
    outer loop
      vertex -37.1045 30.4509 0
      vertex -35.7542 31.9407 6.58893
      vertex -35.8889 31.7921 6.66965
    endloop
  endfacet
  facet normal 0.741099 -0.671396 -6.0618e-05
    outer loop
      vertex -37.1045 30.4509 0
      vertex -35.8889 31.7921 6.66965
      vertex -36.015 31.6529 6.76318
    endloop
  endfacet
  facet normal 0.740658 -0.671882 9.67841e-05
    outer loop
      vertex -37.1045 30.4509 0
      vertex -36.015 31.6529 6.76318
      vertex -36.1314 31.5246 6.86863
    endloop
  endfacet
  facet normal 0.741224 -0.671258 -8.08719e-05
    outer loop
      vertex -37.1045 30.4509 0
      vertex -36.1314 31.5246 6.86863
      vertex -36.2368 31.4082 6.98497
    endloop
  endfacet
  facet normal 0.740749 -0.671782 4.98537e-05
    outer loop
      vertex -37.1045 30.4509 0
      vertex -36.2368 31.4082 6.98497
      vertex -36.3304 31.305 7.11109
    endloop
  endfacet
  facet normal 0.740829 -0.671694 3.06768e-05
    outer loop
      vertex -37.1045 30.4509 0
      vertex -36.3304 31.305 7.11109
      vertex -36.4111 31.216 7.24576
    endloop
  endfacet
  facet normal 0.741205 -0.671279 -4.90641e-05
    outer loop
      vertex -37.1045 30.4509 0
      vertex -36.4111 31.216 7.24576
      vertex -36.4782 31.1419 7.38771
    endloop
  endfacet
  facet normal 0.741106 -0.671388 -3.05835e-05
    outer loop
      vertex -37.1045 30.4509 0
      vertex -36.4782 31.1419 7.38771
      vertex -36.5311 31.0835 7.53554
    endloop
  endfacet
  facet normal 0.740944 -0.671567 -1.06946e-06
    outer loop
      vertex -35.1568 32.5998 6.4077
      vertex -37.1045 30.4509 0
      vertex -33.9411 33.9411 0
    endloop
  endfacet
  facet normal 0.740658 -0.671883 4.50916e-05
    outer loop
      vertex -36.5693 31.0414 7.68785
      vertex -37.1045 30.4509 0
      vertex -36.5311 31.0835 7.53554
    endloop
  endfacet
  facet normal 0.74116 -0.671328 -3.24885e-05
    outer loop
      vertex -36.5923 31.016 7.84317
      vertex -37.1045 30.4509 0
      vertex -36.5693 31.0414 7.68785
    endloop
  endfacet
  facet normal 0.741016 -0.671487 -1.15954e-05
    outer loop
      vertex -36.6 31.0075 8
      vertex -37.1045 30.4509 0
      vertex -36.5923 31.016 7.84317
    endloop
  endfacet
  facet normal 0.740933 -0.671579 0
    outer loop
      vertex -37.1045 30.4509 0
      vertex -36.6 31.0075 8
      vertex -37.1045 30.4509 32
    endloop
  endfacet
  facet normal 0.671567 0.740944 -0
    outer loop
      vertex -30.4509 -37.1045 0
      vertex -33.9411 -33.9411 32
      vertex -30.4509 -37.1045 32
    endloop
  endfacet
  facet normal 0.671567 0.740944 0
    outer loop
      vertex -33.9411 -33.9411 32
      vertex -30.4509 -37.1045 0
      vertex -33.9411 -33.9411 0
    endloop
  endfacet
  facet normal -0.941544 -0.336889 0
    outer loop
      vertex 45.9331 13.9337 0
      vertex 44.3462 18.3688 32
      vertex 44.3462 18.3688 0
    endloop
  endfacet
  facet normal -0.941544 -0.336889 0
    outer loop
      vertex 44.3462 18.3688 32
      vertex 45.9331 13.9337 0
      vertex 45.9331 13.9337 32
    endloop
  endfacet
  facet normal -0.857731 0.514099 0
    outer loop
      vertex 39.9105 -26.6674 0
      vertex 42.3322 -22.627 32
      vertex 42.3322 -22.627 0
    endloop
  endfacet
  facet normal -0.857731 0.514099 0
    outer loop
      vertex 42.3322 -22.627 32
      vertex 39.9105 -26.6674 0
      vertex 39.9105 -26.6674 32
    endloop
  endfacet
  facet normal 0.243048 -0.970014 0
    outer loop
      vertex -13.9337 45.9331 6.4
      vertex -13.9337 45.9331 0
      vertex -13.6667 46 6.4
    endloop
  endfacet
  facet normal 0.243048 -0.970014 0
    outer loop
      vertex -13.9337 45.9331 22.4
      vertex -13.9337 45.9331 9.6
      vertex -13.6667 46 22.4
    endloop
  endfacet
  facet normal 0.243048 -0.970014 0
    outer loop
      vertex -13.6667 46 25.6
      vertex -13.9337 45.9331 32
      vertex -13.9337 45.9331 25.6
    endloop
  endfacet
  facet normal 0.242987 -0.97003 -2.71944e-06
    outer loop
      vertex -13.9337 45.9331 32
      vertex -13.6667 46 25.6
      vertex -9.36434 47.0777 32
    endloop
  endfacet
  facet normal 0.242983 -0.97003 0
    outer loop
      vertex -13.6667 46 22.4
      vertex -9.36434 47.0777 32
      vertex -13.6667 46 25.6
    endloop
  endfacet
  facet normal 0.243048 -0.970014 0
    outer loop
      vertex -13.6667 46 9.6
      vertex -13.6667 46 22.4
      vertex -13.9337 45.9331 9.6
    endloop
  endfacet
  facet normal 0.242983 -0.97003 0
    outer loop
      vertex -13.6667 46 22.4
      vertex -13.6667 46 9.6
      vertex -9.36434 47.0777 32
    endloop
  endfacet
  facet normal 0.242983 -0.97003 0
    outer loop
      vertex -9.36434 47.0777 0
      vertex -13.6667 46 9.6
      vertex -13.6667 46 6.4
    endloop
  endfacet
  facet normal 0.242987 -0.97003 2.71944e-06
    outer loop
      vertex -9.36434 47.0777 0
      vertex -13.6667 46 6.4
      vertex -13.9337 45.9331 0
    endloop
  endfacet
  facet normal 0.242983 -0.97003 0
    outer loop
      vertex -13.6667 46 9.6
      vertex -9.36434 47.0777 0
      vertex -9.36434 47.0777 32
    endloop
  endfacet
  facet normal -0.242987 0.97003 0
    outer loop
      vertex 13.9337 -45.9331 0
      vertex 9.36434 -47.0777 32
      vertex 13.9337 -45.9331 32
    endloop
  endfacet
  facet normal -0.242987 0.97003 0
    outer loop
      vertex 9.36434 -47.0777 32
      vertex 13.9337 -45.9331 0
      vertex 9.36434 -47.0777 0
    endloop
  endfacet
  facet normal 0.242987 0.97003 -0
    outer loop
      vertex -9.36434 -47.0777 0
      vertex -13.9337 -45.9331 32
      vertex -9.36434 -47.0777 32
    endloop
  endfacet
  facet normal 0.242987 0.97003 0
    outer loop
      vertex -13.9337 -45.9331 32
      vertex -9.36434 -47.0777 0
      vertex -13.9337 -45.9331 0
    endloop
  endfacet
  facet normal -0.903988 -0.427559 0
    outer loop
      vertex 44.3462 18.3688 0
      vertex 42.3322 22.627 32
      vertex 42.3322 22.627 0
    endloop
  endfacet
  facet normal -0.903988 -0.427559 0
    outer loop
      vertex 42.3322 22.627 32
      vertex 44.3462 18.3688 0
      vertex 44.3462 18.3688 32
    endloop
  endfacet
  facet normal 0.989176 -0.146736 0
    outer loop
      vertex -47.7689 4.70482 32
      vertex -47.0777 9.36434 0
      vertex -47.0777 9.36434 32
    endloop
  endfacet
  facet normal 0.989176 -0.146736 0
    outer loop
      vertex -47.0777 9.36434 0
      vertex -47.7689 4.70482 32
      vertex -47.7689 4.70482 0
    endloop
  endfacet
  facet normal 0.671567 -0.740944 0
    outer loop
      vertex -33.9411 33.9411 25.6
      vertex -30.4509 37.1045 32
      vertex -33.9411 33.9411 32
    endloop
  endfacet
  facet normal 0.671567 -0.740944 0
    outer loop
      vertex -30.4509 37.1045 32
      vertex -33.9411 33.9411 25.6
      vertex -30.4509 37.1045 25.6
    endloop
  endfacet
  facet normal 0.671567 -0.740944 0
    outer loop
      vertex -33.9411 33.9411 0
      vertex -30.4509 37.1045 6.4
      vertex -33.9411 33.9411 6.4
    endloop
  endfacet
  facet normal 0.671567 -0.740944 0
    outer loop
      vertex -30.4509 37.1045 6.4
      vertex -33.9411 33.9411 0
      vertex -30.4509 37.1045 0
    endloop
  endfacet
  facet normal 0.671567 -0.740944 0
    outer loop
      vertex -33.9411 33.9411 9.6
      vertex -30.4509 37.1045 22.4
      vertex -33.9411 33.9411 22.4
    endloop
  endfacet
  facet normal 0.671567 -0.740944 0
    outer loop
      vertex -30.4509 37.1045 22.4
      vertex -33.9411 33.9411 9.6
      vertex -30.4509 37.1045 9.6
    endloop
  endfacet
  facet normal -0.857731 -0.514099 0
    outer loop
      vertex 42.3322 22.627 0
      vertex 39.9105 26.6674 32
      vertex 39.9105 26.6674 0
    endloop
  endfacet
  facet normal -0.857731 -0.514099 0
    outer loop
      vertex 39.9105 26.6674 32
      vertex 42.3322 22.627 0
      vertex 42.3322 22.627 32
    endloop
  endfacet
  facet normal -0.336889 -0.941544 0
    outer loop
      vertex 13.9337 45.9331 0
      vertex 18.3688 44.3462 32
      vertex 13.9337 45.9331 32
    endloop
  endfacet
  facet normal -0.336889 -0.941544 -0
    outer loop
      vertex 18.3688 44.3462 32
      vertex 13.9337 45.9331 0
      vertex 18.3688 44.3462 0
    endloop
  endfacet
  facet normal 0.336889 -0.941544 0
    outer loop
      vertex -18.3688 44.3462 25.6
      vertex -13.9337 45.9331 32
      vertex -18.3688 44.3462 32
    endloop
  endfacet
  facet normal 0.336889 -0.941544 0
    outer loop
      vertex -13.9337 45.9331 32
      vertex -18.3688 44.3462 25.6
      vertex -13.9337 45.9331 25.6
    endloop
  endfacet
  facet normal 0.336889 -0.941544 0
    outer loop
      vertex -18.3688 44.3462 0
      vertex -13.9337 45.9331 6.4
      vertex -18.3688 44.3462 6.4
    endloop
  endfacet
  facet normal 0.336889 -0.941544 0
    outer loop
      vertex -13.9337 45.9331 6.4
      vertex -18.3688 44.3462 0
      vertex -13.9337 45.9331 0
    endloop
  endfacet
  facet normal 0.336889 -0.941544 0
    outer loop
      vertex -18.3688 44.3462 9.6
      vertex -13.9337 45.9331 22.4
      vertex -18.3688 44.3462 22.4
    endloop
  endfacet
  facet normal 0.336889 -0.941544 0
    outer loop
      vertex -13.9337 45.9331 22.4
      vertex -18.3688 44.3462 9.6
      vertex -13.9337 45.9331 9.6
    endloop
  endfacet
  facet normal 0.857731 0.514099 0
    outer loop
      vertex -39.9105 -26.6674 32
      vertex -42.3322 -22.627 0
      vertex -42.3322 -22.627 32
    endloop
  endfacet
  facet normal 0.857731 0.514099 0
    outer loop
      vertex -42.3322 -22.627 0
      vertex -39.9105 -26.6674 32
      vertex -39.9105 -26.6674 0
    endloop
  endfacet
  facet normal 0.514099 0.857731 -0
    outer loop
      vertex -22.627 -42.3322 0
      vertex -26.6674 -39.9105 32
      vertex -22.627 -42.3322 32
    endloop
  endfacet
  facet normal 0.514099 0.857731 0
    outer loop
      vertex -26.6674 -39.9105 32
      vertex -22.627 -42.3322 0
      vertex -26.6674 -39.9105 0
    endloop
  endfacet
  facet normal 0.427559 0.903988 -0
    outer loop
      vertex -18.3688 -44.3462 0
      vertex -22.627 -42.3322 32
      vertex -18.3688 -44.3462 32
    endloop
  endfacet
  facet normal 0.427559 0.903988 0
    outer loop
      vertex -22.627 -42.3322 32
      vertex -18.3688 -44.3462 0
      vertex -22.627 -42.3322 0
    endloop
  endfacet
  facet normal -0.671567 0.740944 0
    outer loop
      vertex 33.9411 -33.9411 0
      vertex 30.4509 -37.1045 32
      vertex 33.9411 -33.9411 32
    endloop
  endfacet
  facet normal -0.671567 0.740944 0
    outer loop
      vertex 30.4509 -37.1045 32
      vertex 33.9411 -33.9411 0
      vertex 30.4509 -37.1045 0
    endloop
  endfacet
  facet normal -0.740944 -0.671567 0
    outer loop
      vertex 37.1045 30.4509 0
      vertex 33.9411 33.9411 32
      vertex 33.9411 33.9411 0
    endloop
  endfacet
  facet normal -0.740944 -0.671567 0
    outer loop
      vertex 33.9411 33.9411 32
      vertex 37.1045 30.4509 0
      vertex 37.1045 30.4509 32
    endloop
  endfacet
  facet normal 0.803211 0.595695 0
    outer loop
      vertex -37.1045 -30.4509 32
      vertex -39.9105 -26.6674 0
      vertex -39.9105 -26.6674 32
    endloop
  endfacet
  facet normal 0.803211 0.595695 0
    outer loop
      vertex -39.9105 -26.6674 0
      vertex -37.1045 -30.4509 32
      vertex -37.1045 -30.4509 0
    endloop
  endfacet
  facet normal 0.989176 0.146736 0
    outer loop
      vertex -47.0777 -9.36434 32
      vertex -47.7689 -4.70482 0
      vertex -47.7689 -4.70482 32
    endloop
  endfacet
  facet normal 0.989176 0.146736 0
    outer loop
      vertex -47.7689 -4.70482 0
      vertex -47.0777 -9.36434 32
      vertex -47.0777 -9.36434 0
    endloop
  endfacet
  facet normal 0.97003 -0.242987 0
    outer loop
      vertex -47.0777 9.36434 32
      vertex -45.9331 13.9337 0
      vertex -45.9331 13.9337 32
    endloop
  endfacet
  facet normal 0.97003 -0.242987 0
    outer loop
      vertex -45.9331 13.9337 0
      vertex -47.0777 9.36434 32
      vertex -47.0777 9.36434 0
    endloop
  endfacet
  facet normal 0.595695 0.803211 -0
    outer loop
      vertex -26.6674 -39.9105 0
      vertex -30.4509 -37.1045 32
      vertex -26.6674 -39.9105 32
    endloop
  endfacet
  facet normal 0.595695 0.803211 0
    outer loop
      vertex -30.4509 -37.1045 32
      vertex -26.6674 -39.9105 0
      vertex -30.4509 -37.1045 0
    endloop
  endfacet
  facet normal -0.941544 0.336889 0
    outer loop
      vertex 44.3462 -18.3688 0
      vertex 45.9331 -13.9337 32
      vertex 45.9331 -13.9337 0
    endloop
  endfacet
  facet normal -0.941544 0.336889 0
    outer loop
      vertex 45.9331 -13.9337 32
      vertex 44.3462 -18.3688 0
      vertex 44.3462 -18.3688 32
    endloop
  endfacet
  facet normal 0.903988 0.427559 0
    outer loop
      vertex -42.3322 -22.627 32
      vertex -44.3462 -18.3688 0
      vertex -44.3462 -18.3688 32
    endloop
  endfacet
  facet normal 0.903988 0.427559 0
    outer loop
      vertex -44.3462 -18.3688 0
      vertex -42.3322 -22.627 32
      vertex -42.3322 -22.627 0
    endloop
  endfacet
  facet normal 0.941544 -0.336889 0
    outer loop
      vertex -45.9331 13.9337 32
      vertex -44.3462 18.3688 0
      vertex -44.3462 18.3688 32
    endloop
  endfacet
  facet normal 0.941544 -0.336889 0
    outer loop
      vertex -44.3462 18.3688 0
      vertex -45.9331 13.9337 32
      vertex -45.9331 13.9337 0
    endloop
  endfacet
  facet normal 0.803211 -0.595695 0
    outer loop
      vertex -39.9105 26.6674 32
      vertex -37.1045 30.4509 0
      vertex -37.1045 30.4509 32
    endloop
  endfacet
  facet normal 0.803211 -0.595695 0
    outer loop
      vertex -37.1045 30.4509 0
      vertex -39.9105 26.6674 32
      vertex -39.9105 26.6674 0
    endloop
  endfacet
  facet normal 0.998796 -0.0490607 0
    outer loop
      vertex -48 0 32
      vertex -47.7689 4.70482 0
      vertex -47.7689 4.70482 32
    endloop
  endfacet
  facet normal 0.998796 -0.0490607 0
    outer loop
      vertex -47.7689 4.70482 0
      vertex -48 0 32
      vertex -48 0 0
    endloop
  endfacet
  facet normal -0.242987 -0.97003 0
    outer loop
      vertex 9.36434 47.0777 0
      vertex 13.9337 45.9331 32
      vertex 9.36434 47.0777 32
    endloop
  endfacet
  facet normal -0.242987 -0.97003 -0
    outer loop
      vertex 13.9337 45.9331 32
      vertex 9.36434 47.0777 0
      vertex 13.9337 45.9331 0
    endloop
  endfacet
  facet normal -0.740944 0.671567 0
    outer loop
      vertex 33.9411 -33.9411 0
      vertex 37.1045 -30.4509 32
      vertex 37.1045 -30.4509 0
    endloop
  endfacet
  facet normal -0.740944 0.671567 0
    outer loop
      vertex 37.1045 -30.4509 32
      vertex 33.9411 -33.9411 0
      vertex 33.9411 -33.9411 32
    endloop
  endfacet
  facet normal -1 0 0
    outer loop
      vertex 9 -51.3726 0
      vertex 9 -47.1317 32
      vertex 9 -47.1317 0
    endloop
  endfacet
  facet normal -1 -0 0
    outer loop
      vertex 9 -47.1317 32
      vertex 9 -51.3726 0
      vertex 9 -51.3726 32
    endloop
  endfacet
  facet normal 1 -0 0
    outer loop
      vertex -9 -51.3726 32
      vertex -9 -47.1317 0
      vertex -9 -47.1317 32
    endloop
  endfacet
  facet normal 1 0 0
    outer loop
      vertex -9 -47.1317 0
      vertex -9 -51.3726 32
      vertex -9 -51.3726 0
    endloop
  endfacet
  facet normal 0 -0.242725 0.970095
    outer loop
      vertex 54.05 8.47897 14.421
      vertex 47.2323 8.3219 14.3817
      vertex 54.05 8.3219 14.3817
    endloop
  endfacet
  facet normal 0 -0.242725 0.970095
    outer loop
      vertex 47.2323 8.3219 14.3817
      vertex 54.05 8.47897 14.421
      vertex 47.209 8.47897 14.421
    endloop
  endfacet
  facet normal -0 -0.970033 -0.242971
    outer loop
      vertex 54.05 9.6183 16.3219
      vertex 47.0239 9.57895 16.479
      vertex 47.0141 9.6183 16.3219
    endloop
  endfacet
  facet normal 0 -0.970033 -0.242971
    outer loop
      vertex 47.0239 9.57895 16.479
      vertex 54.05 9.6183 16.3219
      vertex 54.05 9.57895 16.479
    endloop
  endfacet
  facet normal 0 -0.595464 0.803382
    outer loop
      vertex 54.05 9.04675 14.7245
      vertex 47.1441 8.91669 14.6281
      vertex 54.05 8.91669 14.6281
    endloop
  endfacet
  facet normal 0 -0.595464 0.803382
    outer loop
      vertex 47.1441 8.91669 14.6281
      vertex 54.05 9.04675 14.7245
      vertex 47.1248 9.04675 14.7245
    endloop
  endfacet
  facet normal 0 -0.0487887 0.998809
    outer loop
      vertex 54.05 8.16173 14.3579
      vertex 47.2801 8 14.35
      vertex 54.05 8 14.35
    endloop
  endfacet
  facet normal 0 -0.0487887 0.998809
    outer loop
      vertex 47.2801 8 14.35
      vertex 54.05 8.16173 14.3579
      vertex 47.2561 8.16173 14.3579
    endloop
  endfacet
  facet normal 0 0.857765 0.514042
    outer loop
      vertex 54.05 6.62807 15.0833
      vertex 47.4959 6.54483 15.2222
      vertex 54.05 6.54483 15.2222
    endloop
  endfacet
  facet normal 0 0.857765 0.514042
    outer loop
      vertex 47.4959 6.54483 15.2222
      vertex 54.05 6.62807 15.0833
      vertex 47.4836 6.62807 15.0833
    endloop
  endfacet
  facet normal 0 0.941504 0.337002
    outer loop
      vertex 54.05 6.4756 15.3686
      vertex 47.5143 6.42105 15.521
      vertex 54.05 6.42105 15.521
    endloop
  endfacet
  facet normal 0 0.941504 0.337002
    outer loop
      vertex 47.5143 6.42105 15.521
      vertex 54.05 6.4756 15.3686
      vertex 47.5062 6.4756 15.3686
    endloop
  endfacet
  facet normal 0 0.514369 -0.857569
    outer loop
      vertex 47.416 7.08331 17.3719
      vertex 54.05 7.22219 17.4552
      vertex 54.05 7.08331 17.3719
    endloop
  endfacet
  facet normal 0 0.514369 -0.857569
    outer loop
      vertex 54.05 7.22219 17.4552
      vertex 47.416 7.08331 17.3719
      vertex 47.3955 7.22219 17.4552
    endloop
  endfacet
  facet normal 0 -0.242725 -0.970095
    outer loop
      vertex 47.2323 8.3219 17.6183
      vertex 54.05 8.47897 17.579
      vertex 54.05 8.3219 17.6183
    endloop
  endfacet
  facet normal -0 -0.242725 -0.970095
    outer loop
      vertex 54.05 8.47897 17.579
      vertex 47.2323 8.3219 17.6183
      vertex 47.209 8.47897 17.579
    endloop
  endfacet
  facet normal -0 -0.741018 -0.671486
    outer loop
      vertex 54.05 9.27547 17.0467
      vertex 47.107 9.16673 17.1667
      vertex 47.0909 9.27547 17.0467
    endloop
  endfacet
  facet normal 0 -0.741018 -0.671486
    outer loop
      vertex 47.107 9.16673 17.1667
      vertex 54.05 9.27547 17.0467
      vertex 54.05 9.16673 17.1667
    endloop
  endfacet
  facet normal -0 -0.857738 -0.514087
    outer loop
      vertex 54.05 9.45517 16.7778
      vertex 47.0758 9.37192 16.9167
      vertex 47.0549 9.45517 16.7778
    endloop
  endfacet
  facet normal 0 -0.857738 -0.514087
    outer loop
      vertex 47.0758 9.37192 16.9167
      vertex 54.05 9.45517 16.7778
      vertex 54.05 9.37192 16.9167
    endloop
  endfacet
  facet normal 0 0.98918 0.14671
    outer loop
      vertex 54.05 6.3817 15.6781
      vertex 47.5236 6.35794 15.8383
      vertex 54.05 6.35794 15.8383
    endloop
  endfacet
  facet normal 0 0.98918 0.14671
    outer loop
      vertex 47.5236 6.35794 15.8383
      vertex 54.05 6.3817 15.6781
      vertex 47.5201 6.3817 15.6781
    endloop
  endfacet
  facet normal 0 -0.595464 -0.803382
    outer loop
      vertex 47.1441 8.91669 17.3719
      vertex 54.05 9.04675 17.2755
      vertex 54.05 8.91669 17.3719
    endloop
  endfacet
  facet normal -0 -0.595464 -0.803382
    outer loop
      vertex 54.05 9.04675 17.2755
      vertex 47.1441 8.91669 17.3719
      vertex 47.1248 9.04675 17.2755
    endloop
  endfacet
  facet normal 0 -0.857738 0.514087
    outer loop
      vertex 47.0758 9.37192 15.0833
      vertex 54.05 9.45517 15.2222
      vertex 47.0549 9.45517 15.2222
    endloop
  endfacet
  facet normal 0 -0.857738 0.514087
    outer loop
      vertex 54.05 9.45517 15.2222
      vertex 47.0758 9.37192 15.0833
      vertex 54.05 9.37192 15.0833
    endloop
  endfacet
  facet normal 0 0.857765 -0.514042
    outer loop
      vertex 47.4959 6.54483 16.7778
      vertex 54.05 6.62807 16.9167
      vertex 54.05 6.54483 16.7778
    endloop
  endfacet
  facet normal 0 0.857765 -0.514042
    outer loop
      vertex 54.05 6.62807 16.9167
      vertex 47.4959 6.54483 16.7778
      vertex 47.4836 6.62807 16.9167
    endloop
  endfacet
  facet normal 0 -0.998794 0.0491058
    outer loop
      vertex 47.0081 9.64205 15.8383
      vertex 54.05 9.65 16
      vertex 47.0061 9.65 16
    endloop
  endfacet
  facet normal 0 -0.998794 0.0491058
    outer loop
      vertex 54.05 9.65 16
      vertex 47.0081 9.64205 15.8383
      vertex 54.05 9.64205 15.8383
    endloop
  endfacet
  facet normal 0 -0.989189 0.146649
    outer loop
      vertex 47.0141 9.6183 15.6781
      vertex 54.05 9.64205 15.8383
      vertex 47.0081 9.64205 15.8383
    endloop
  endfacet
  facet normal 0 -0.989189 0.146649
    outer loop
      vertex 54.05 9.64205 15.8383
      vertex 47.0141 9.6183 15.6781
      vertex 54.05 9.6183 15.6781
    endloop
  endfacet
  facet normal 0 -0.337158 -0.941448
    outer loop
      vertex 47.209 8.47897 17.579
      vertex 54.05 8.63143 17.5244
      vertex 54.05 8.47897 17.579
    endloop
  endfacet
  facet normal -0 -0.337158 -0.941448
    outer loop
      vertex 54.05 8.63143 17.5244
      vertex 47.209 8.47897 17.579
      vertex 47.1864 8.63143 17.5244
    endloop
  endfacet
  facet normal 0 -0.941504 0.337002
    outer loop
      vertex 47.0376 9.5244 15.3686
      vertex 54.05 9.57895 15.521
      vertex 47.0239 9.57895 15.521
    endloop
  endfacet
  facet normal 0 -0.941504 0.337002
    outer loop
      vertex 54.05 9.57895 15.521
      vertex 47.0376 9.5244 15.3686
      vertex 54.05 9.5244 15.3686
    endloop
  endfacet
  facet normal 0 0.904018 -0.427494
    outer loop
      vertex 47.5062 6.4756 16.6314
      vertex 54.05 6.54483 16.7778
      vertex 54.05 6.4756 16.6314
    endloop
  endfacet
  facet normal 0 0.904018 -0.427494
    outer loop
      vertex 54.05 6.54483 16.7778
      vertex 47.5062 6.4756 16.6314
      vertex 47.4959 6.54483 16.7778
    endloop
  endfacet
  facet normal 0 0.941504 -0.337002
    outer loop
      vertex 47.5143 6.42105 16.479
      vertex 54.05 6.4756 16.6314
      vertex 54.05 6.42105 16.479
    endloop
  endfacet
  facet normal 0 0.941504 -0.337002
    outer loop
      vertex 54.05 6.4756 16.6314
      vertex 47.5143 6.42105 16.479
      vertex 47.5062 6.4756 16.6314
    endloop
  endfacet
  facet normal 0 -0.802636 0.596469
    outer loop
      vertex 47.0777 9.36434 15.0731
      vertex 54.05 9.37192 15.0833
      vertex 47.0758 9.37192 15.0833
    endloop
  endfacet
  facet normal 1.5478e-06 -0.803142 0.595787
    outer loop
      vertex 47.0909 9.27547 14.9533
      vertex 54.05 9.37192 15.0833
      vertex 47.0777 9.36434 15.0731
    endloop
  endfacet
  facet normal 0 -0.803103 0.59584
    outer loop
      vertex 54.05 9.37192 15.0833
      vertex 47.0909 9.27547 14.9533
      vertex 54.05 9.27547 14.9533
    endloop
  endfacet
  facet normal 0 -0.427414 -0.904056
    outer loop
      vertex 47.1864 8.63143 17.5244
      vertex 54.05 8.7778 17.4552
      vertex 54.05 8.63143 17.5244
    endloop
  endfacet
  facet normal -0 -0.427414 -0.904056
    outer loop
      vertex 54.05 8.7778 17.4552
      vertex 47.1864 8.63143 17.5244
      vertex 47.1647 8.7778 17.4552
    endloop
  endfacet
  facet normal 0 0.595464 0.803382
    outer loop
      vertex 54.05 7.08331 14.6281
      vertex 47.4353 6.95325 14.7245
      vertex 54.05 6.95325 14.7245
    endloop
  endfacet
  facet normal 0 0.595464 0.803382
    outer loop
      vertex 47.4353 6.95325 14.7245
      vertex 54.05 7.08331 14.6281
      vertex 47.416 7.08331 14.6281
    endloop
  endfacet
  facet normal 0 -0.146978 -0.98914
    outer loop
      vertex 47.2561 8.16173 17.6421
      vertex 54.05 8.3219 17.6183
      vertex 54.05 8.16173 17.6421
    endloop
  endfacet
  facet normal -0 -0.146978 -0.98914
    outer loop
      vertex 54.05 8.3219 17.6183
      vertex 47.2561 8.16173 17.6421
      vertex 47.2323 8.3219 17.6183
    endloop
  endfacet
  facet normal 0 0.337158 -0.941448
    outer loop
      vertex 47.3737 7.36857 17.5244
      vertex 54.05 7.52103 17.579
      vertex 54.05 7.36857 17.5244
    endloop
  endfacet
  facet normal 0 0.337158 -0.941448
    outer loop
      vertex 54.05 7.52103 17.579
      vertex 47.3737 7.36857 17.5244
      vertex 47.3511 7.52103 17.579
    endloop
  endfacet
  facet normal -0 -0.904018 -0.427494
    outer loop
      vertex 54.05 9.5244 16.6314
      vertex 47.0549 9.45517 16.7778
      vertex 47.0376 9.5244 16.6314
    endloop
  endfacet
  facet normal 0 -0.904018 -0.427494
    outer loop
      vertex 47.0549 9.45517 16.7778
      vertex 54.05 9.5244 16.6314
      vertex 54.05 9.45517 16.7778
    endloop
  endfacet
  facet normal 0 0.427391 0.904067
    outer loop
      vertex 54.05 7.36857 14.4756
      vertex 47.3955 7.22219 14.5448
      vertex 54.05 7.22219 14.5448
    endloop
  endfacet
  facet normal 0 0.427391 0.904067
    outer loop
      vertex 47.3955 7.22219 14.5448
      vertex 54.05 7.36857 14.4756
      vertex 47.3737 7.36857 14.4756
    endloop
  endfacet
  facet normal 0 0.803073 -0.59588
    outer loop
      vertex 47.4836 6.62807 16.9167
      vertex 54.05 6.72453 17.0467
      vertex 54.05 6.62807 16.9167
    endloop
  endfacet
  facet normal 0 0.803073 -0.59588
    outer loop
      vertex 54.05 6.72453 17.0467
      vertex 47.4836 6.62807 16.9167
      vertex 47.4693 6.72453 17.0467
    endloop
  endfacet
  facet normal 0 -0.514341 -0.857586
    outer loop
      vertex 47.1647 8.7778 17.4552
      vertex 54.05 8.91669 17.3719
      vertex 54.05 8.7778 17.4552
    endloop
  endfacet
  facet normal -0 -0.514341 -0.857586
    outer loop
      vertex 54.05 8.91669 17.3719
      vertex 47.1647 8.7778 17.4552
      vertex 47.1441 8.91669 17.3719
    endloop
  endfacet
  facet normal 0 0.427391 -0.904067
    outer loop
      vertex 47.3955 7.22219 17.4552
      vertex 54.05 7.36857 17.5244
      vertex 54.05 7.22219 17.4552
    endloop
  endfacet
  facet normal 0 0.427391 -0.904067
    outer loop
      vertex 54.05 7.36857 17.5244
      vertex 47.3955 7.22219 17.4552
      vertex 47.3737 7.36857 17.5244
    endloop
  endfacet
  facet normal 0 0.0487887 0.998809
    outer loop
      vertex 54.05 8 14.35
      vertex 47.3041 7.83827 14.3579
      vertex 54.05 7.83827 14.3579
    endloop
  endfacet
  facet normal 0 0.0487887 0.998809
    outer loop
      vertex 47.3041 7.83827 14.3579
      vertex 54.05 8 14.35
      vertex 47.2801 8 14.35
    endloop
  endfacet
  facet normal 0 -0.146978 0.98914
    outer loop
      vertex 54.05 8.3219 14.3817
      vertex 47.2561 8.16173 14.3579
      vertex 54.05 8.16173 14.3579
    endloop
  endfacet
  facet normal 0 -0.146978 0.98914
    outer loop
      vertex 47.2561 8.16173 14.3579
      vertex 54.05 8.3219 14.3817
      vertex 47.2323 8.3219 14.3817
    endloop
  endfacet
  facet normal 0 0.337158 0.941448
    outer loop
      vertex 54.05 7.52103 14.421
      vertex 47.3737 7.36857 14.4756
      vertex 54.05 7.36857 14.4756
    endloop
  endfacet
  facet normal 0 0.337158 0.941448
    outer loop
      vertex 47.3737 7.36857 14.4756
      vertex 54.05 7.52103 14.421
      vertex 47.3511 7.52103 14.421
    endloop
  endfacet
  facet normal 0 0.970033 0.242971
    outer loop
      vertex 54.05 6.42105 15.521
      vertex 47.5201 6.3817 15.6781
      vertex 54.05 6.3817 15.6781
    endloop
  endfacet
  facet normal 0 0.970033 0.242971
    outer loop
      vertex 47.5201 6.3817 15.6781
      vertex 54.05 6.42105 15.521
      vertex 47.5143 6.42105 15.521
    endloop
  endfacet
  facet normal 0 -0.337158 0.941448
    outer loop
      vertex 54.05 8.63143 14.4756
      vertex 47.209 8.47897 14.421
      vertex 54.05 8.47897 14.421
    endloop
  endfacet
  facet normal 0 -0.337158 0.941448
    outer loop
      vertex 47.209 8.47897 14.421
      vertex 54.05 8.63143 14.4756
      vertex 47.1864 8.63143 14.4756
    endloop
  endfacet
  facet normal 0 0.0487887 -0.998809
    outer loop
      vertex 47.3041 7.83827 17.6421
      vertex 54.05 8 17.65
      vertex 54.05 7.83827 17.6421
    endloop
  endfacet
  facet normal 0 0.0487887 -0.998809
    outer loop
      vertex 54.05 8 17.65
      vertex 47.3041 7.83827 17.6421
      vertex 47.2801 8 17.65
    endloop
  endfacet
  facet normal 0 0.146978 0.98914
    outer loop
      vertex 54.05 7.83827 14.3579
      vertex 47.3278 7.6781 14.3817
      vertex 54.05 7.6781 14.3817
    endloop
  endfacet
  facet normal 0 0.146978 0.98914
    outer loop
      vertex 47.3278 7.6781 14.3817
      vertex 54.05 7.83827 14.3579
      vertex 47.3041 7.83827 14.3579
    endloop
  endfacet
  facet normal 0 0.741018 -0.671486
    outer loop
      vertex 47.4693 6.72453 17.0467
      vertex 54.05 6.83327 17.1667
      vertex 54.05 6.72453 17.0467
    endloop
  endfacet
  facet normal 0 0.741018 -0.671486
    outer loop
      vertex 54.05 6.83327 17.1667
      vertex 47.4693 6.72453 17.0467
      vertex 47.4531 6.83327 17.1667
    endloop
  endfacet
  facet normal 0 0.242725 0.970095
    outer loop
      vertex 54.05 7.6781 14.3817
      vertex 47.3511 7.52103 14.421
      vertex 54.05 7.52103 14.421
    endloop
  endfacet
  facet normal 0 0.242725 0.970095
    outer loop
      vertex 47.3511 7.52103 14.421
      vertex 54.05 7.6781 14.3817
      vertex 47.3278 7.6781 14.3817
    endloop
  endfacet
  facet normal 0 -0.427414 0.904056
    outer loop
      vertex 54.05 8.7778 14.5448
      vertex 47.1864 8.63143 14.4756
      vertex 54.05 8.63143 14.4756
    endloop
  endfacet
  facet normal 0 -0.427414 0.904056
    outer loop
      vertex 47.1864 8.63143 14.4756
      vertex 54.05 8.7778 14.5448
      vertex 47.1647 8.7778 14.5448
    endloop
  endfacet
  facet normal 0 -0.741018 0.671486
    outer loop
      vertex 47.107 9.16673 14.8333
      vertex 54.05 9.27547 14.9533
      vertex 47.0909 9.27547 14.9533
    endloop
  endfacet
  facet normal 0 -0.741018 0.671486
    outer loop
      vertex 54.05 9.27547 14.9533
      vertex 47.107 9.16673 14.8333
      vertex 54.05 9.16673 14.8333
    endloop
  endfacet
  facet normal 0 -0.67175 0.740778
    outer loop
      vertex 54.05 9.16673 14.8333
      vertex 47.1248 9.04675 14.7245
      vertex 54.05 9.04675 14.7245
    endloop
  endfacet
  facet normal 0 -0.67175 0.740778
    outer loop
      vertex 47.1248 9.04675 14.7245
      vertex 54.05 9.16673 14.8333
      vertex 47.107 9.16673 14.8333
    endloop
  endfacet
  facet normal -0 -0.941504 -0.337002
    outer loop
      vertex 54.05 9.57895 16.479
      vertex 47.0376 9.5244 16.6314
      vertex 47.0239 9.57895 16.479
    endloop
  endfacet
  facet normal 0 -0.941504 -0.337002
    outer loop
      vertex 47.0376 9.5244 16.6314
      vertex 54.05 9.57895 16.479
      vertex 54.05 9.5244 16.6314
    endloop
  endfacet
  facet normal 0 0.514369 0.857569
    outer loop
      vertex 54.05 7.22219 14.5448
      vertex 47.416 7.08331 14.6281
      vertex 54.05 7.08331 14.6281
    endloop
  endfacet
  facet normal 0 0.514369 0.857569
    outer loop
      vertex 47.416 7.08331 14.6281
      vertex 54.05 7.22219 14.5448
      vertex 47.3955 7.22219 14.5448
    endloop
  endfacet
  facet normal 0 -0.904018 0.427494
    outer loop
      vertex 47.0549 9.45517 15.2222
      vertex 54.05 9.5244 15.3686
      vertex 47.0376 9.5244 15.3686
    endloop
  endfacet
  facet normal 0 -0.904018 0.427494
    outer loop
      vertex 54.05 9.5244 15.3686
      vertex 47.0549 9.45517 15.2222
      vertex 54.05 9.45517 15.2222
    endloop
  endfacet
  facet normal 0 0.98918 -0.14671
    outer loop
      vertex 47.5236 6.35794 16.1617
      vertex 54.05 6.3817 16.3219
      vertex 54.05 6.35794 16.1617
    endloop
  endfacet
  facet normal 0 0.98918 -0.14671
    outer loop
      vertex 54.05 6.3817 16.3219
      vertex 47.5236 6.35794 16.1617
      vertex 47.5201 6.3817 16.3219
    endloop
  endfacet
  facet normal 1.5478e-06 -0.803142 -0.595787
    outer loop
      vertex 54.05 9.37192 16.9167
      vertex 47.0909 9.27547 17.0467
      vertex 47.0777 9.36434 16.9269
    endloop
  endfacet
  facet normal -0 -0.802636 -0.596469
    outer loop
      vertex 54.05 9.37192 16.9167
      vertex 47.0777 9.36434 16.9269
      vertex 47.0758 9.37192 16.9167
    endloop
  endfacet
  facet normal 0 -0.803103 -0.59584
    outer loop
      vertex 47.0909 9.27547 17.0467
      vertex 54.05 9.37192 16.9167
      vertex 54.05 9.27547 17.0467
    endloop
  endfacet
  facet normal 0 0.998797 -0.0490442
    outer loop
      vertex 54.05 6.35 16
      vertex 47.5236 6.35794 16.1617
      vertex 54.05 6.35794 16.1617
    endloop
  endfacet
  facet normal 0 0.998797 -0.0490442
    outer loop
      vertex 47.5236 6.35794 16.1617
      vertex 54.05 6.35 16
      vertex 47.5248 6.35 16
    endloop
  endfacet
  facet normal 0 -0.514341 0.857586
    outer loop
      vertex 54.05 8.91669 14.6281
      vertex 47.1647 8.7778 14.5448
      vertex 54.05 8.7778 14.5448
    endloop
  endfacet
  facet normal 0 -0.514341 0.857586
    outer loop
      vertex 47.1647 8.7778 14.5448
      vertex 54.05 8.91669 14.6281
      vertex 47.1441 8.91669 14.6281
    endloop
  endfacet
  facet normal 0 -0.67175 -0.740778
    outer loop
      vertex 47.1248 9.04675 17.2755
      vertex 54.05 9.16673 17.1667
      vertex 54.05 9.04675 17.2755
    endloop
  endfacet
  facet normal -0 -0.67175 -0.740778
    outer loop
      vertex 54.05 9.16673 17.1667
      vertex 47.1248 9.04675 17.2755
      vertex 47.107 9.16673 17.1667
    endloop
  endfacet
  facet normal 0 0.998797 0.0490442
    outer loop
      vertex 54.05 6.35794 15.8383
      vertex 47.5248 6.35 16
      vertex 54.05 6.35 16
    endloop
  endfacet
  facet normal 0 0.998797 0.0490442
    outer loop
      vertex 47.5248 6.35 16
      vertex 54.05 6.35794 15.8383
      vertex 47.5236 6.35794 15.8383
    endloop
  endfacet
  facet normal -0 -0.989189 -0.146649
    outer loop
      vertex 54.05 9.64205 16.1617
      vertex 47.0141 9.6183 16.3219
      vertex 47.0081 9.64205 16.1617
    endloop
  endfacet
  facet normal 0 -0.989189 -0.146649
    outer loop
      vertex 47.0141 9.6183 16.3219
      vertex 54.05 9.64205 16.1617
      vertex 54.05 9.6183 16.3219
    endloop
  endfacet
  facet normal 0 0.242725 -0.970095
    outer loop
      vertex 47.3511 7.52103 17.579
      vertex 54.05 7.6781 17.6183
      vertex 54.05 7.52103 17.579
    endloop
  endfacet
  facet normal 0 0.242725 -0.970095
    outer loop
      vertex 54.05 7.6781 17.6183
      vertex 47.3511 7.52103 17.579
      vertex 47.3278 7.6781 17.6183
    endloop
  endfacet
  facet normal 0 0.970033 -0.242971
    outer loop
      vertex 47.5201 6.3817 16.3219
      vertex 54.05 6.42105 16.479
      vertex 54.05 6.3817 16.3219
    endloop
  endfacet
  facet normal 0 0.970033 -0.242971
    outer loop
      vertex 54.05 6.42105 16.479
      vertex 47.5201 6.3817 16.3219
      vertex 47.5143 6.42105 16.479
    endloop
  endfacet
  facet normal 0 0.741018 0.671486
    outer loop
      vertex 54.05 6.83327 14.8333
      vertex 47.4693 6.72453 14.9533
      vertex 54.05 6.72453 14.9533
    endloop
  endfacet
  facet normal 0 0.741018 0.671486
    outer loop
      vertex 47.4693 6.72453 14.9533
      vertex 54.05 6.83327 14.8333
      vertex 47.4531 6.83327 14.8333
    endloop
  endfacet
  facet normal 0 -0.970033 0.242971
    outer loop
      vertex 47.0239 9.57895 15.521
      vertex 54.05 9.6183 15.6781
      vertex 47.0141 9.6183 15.6781
    endloop
  endfacet
  facet normal 0 -0.970033 0.242971
    outer loop
      vertex 54.05 9.6183 15.6781
      vertex 47.0239 9.57895 15.521
      vertex 54.05 9.57895 15.521
    endloop
  endfacet
  facet normal 0 0.67175 -0.740778
    outer loop
      vertex 47.4531 6.83327 17.1667
      vertex 54.05 6.95325 17.2755
      vertex 54.05 6.83327 17.1667
    endloop
  endfacet
  facet normal 0 0.67175 -0.740778
    outer loop
      vertex 54.05 6.95325 17.2755
      vertex 47.4531 6.83327 17.1667
      vertex 47.4353 6.95325 17.2755
    endloop
  endfacet
  facet normal 0 0.904018 0.427494
    outer loop
      vertex 54.05 6.54483 15.2222
      vertex 47.5062 6.4756 15.3686
      vertex 54.05 6.4756 15.3686
    endloop
  endfacet
  facet normal 0 0.904018 0.427494
    outer loop
      vertex 47.5062 6.4756 15.3686
      vertex 54.05 6.54483 15.2222
      vertex 47.4959 6.54483 15.2222
    endloop
  endfacet
  facet normal -0 -0.998794 -0.0491058
    outer loop
      vertex 54.05 9.65 16
      vertex 47.0081 9.64205 16.1617
      vertex 47.0061 9.65 16
    endloop
  endfacet
  facet normal 0 -0.998794 -0.0491058
    outer loop
      vertex 47.0081 9.64205 16.1617
      vertex 54.05 9.65 16
      vertex 54.05 9.64205 16.1617
    endloop
  endfacet
  facet normal 0 0.146978 -0.98914
    outer loop
      vertex 47.3278 7.6781 17.6183
      vertex 54.05 7.83827 17.6421
      vertex 54.05 7.6781 17.6183
    endloop
  endfacet
  facet normal 0 0.146978 -0.98914
    outer loop
      vertex 54.05 7.83827 17.6421
      vertex 47.3278 7.6781 17.6183
      vertex 47.3041 7.83827 17.6421
    endloop
  endfacet
  facet normal 0 0.803073 0.59588
    outer loop
      vertex 54.05 6.72453 14.9533
      vertex 47.4836 6.62807 15.0833
      vertex 54.05 6.62807 15.0833
    endloop
  endfacet
  facet normal 0 0.803073 0.59588
    outer loop
      vertex 47.4836 6.62807 15.0833
      vertex 54.05 6.72453 14.9533
      vertex 47.4693 6.72453 14.9533
    endloop
  endfacet
  facet normal 0 0.595464 -0.803382
    outer loop
      vertex 47.4353 6.95325 17.2755
      vertex 54.05 7.08331 17.3719
      vertex 54.05 6.95325 17.2755
    endloop
  endfacet
  facet normal 0 0.595464 -0.803382
    outer loop
      vertex 54.05 7.08331 17.3719
      vertex 47.4353 6.95325 17.2755
      vertex 47.416 7.08331 17.3719
    endloop
  endfacet
  facet normal 0 -0.0487887 -0.998809
    outer loop
      vertex 47.2801 8 17.65
      vertex 54.05 8.16173 17.6421
      vertex 54.05 8 17.65
    endloop
  endfacet
  facet normal -0 -0.0487887 -0.998809
    outer loop
      vertex 54.05 8.16173 17.6421
      vertex 47.2801 8 17.65
      vertex 47.2561 8.16173 17.6421
    endloop
  endfacet
  facet normal 0 0.67175 0.740778
    outer loop
      vertex 54.05 6.95325 14.7245
      vertex 47.4531 6.83327 14.8333
      vertex 54.05 6.83327 14.8333
    endloop
  endfacet
  facet normal 0 0.67175 0.740778
    outer loop
      vertex 47.4531 6.83327 14.8333
      vertex 54.05 6.95325 14.7245
      vertex 47.4353 6.95325 14.7245
    endloop
  endfacet
  facet normal 0 -0.242725 0.970095
    outer loop
      vertex 47.3511 -7.52103 14.421
      vertex 54.05 -7.6781 14.3817
      vertex 54.05 -7.52103 14.421
    endloop
  endfacet
  facet normal 0 -0.242725 0.970095
    outer loop
      vertex 54.05 -7.6781 14.3817
      vertex 47.3511 -7.52103 14.421
      vertex 47.3278 -7.6781 14.3817
    endloop
  endfacet
  facet normal -0 0.904018 0.427494
    outer loop
      vertex 47.0549 -9.45517 15.2222
      vertex 54.05 -9.5244 15.3686
      vertex 54.05 -9.45517 15.2222
    endloop
  endfacet
  facet normal 0 0.904018 0.427494
    outer loop
      vertex 54.05 -9.5244 15.3686
      vertex 47.0549 -9.45517 15.2222
      vertex 47.0376 -9.5244 15.3686
    endloop
  endfacet
  facet normal -0 0.941504 0.337002
    outer loop
      vertex 47.0376 -9.5244 15.3686
      vertex 54.05 -9.57895 15.521
      vertex 54.05 -9.5244 15.3686
    endloop
  endfacet
  facet normal 0 0.941504 0.337002
    outer loop
      vertex 54.05 -9.57895 15.521
      vertex 47.0376 -9.5244 15.3686
      vertex 47.0239 -9.57895 15.521
    endloop
  endfacet
  facet normal 0 -0.941504 0.337002
    outer loop
      vertex 54.05 -6.4756 15.3686
      vertex 47.5143 -6.42105 15.521
      vertex 47.5062 -6.4756 15.3686
    endloop
  endfacet
  facet normal 0 -0.941504 0.337002
    outer loop
      vertex 47.5143 -6.42105 15.521
      vertex 54.05 -6.4756 15.3686
      vertex 54.05 -6.42105 15.521
    endloop
  endfacet
  facet normal 0 -0.595464 0.803382
    outer loop
      vertex 47.4353 -6.95325 14.7245
      vertex 54.05 -7.08331 14.6281
      vertex 54.05 -6.95325 14.7245
    endloop
  endfacet
  facet normal 0 -0.595464 0.803382
    outer loop
      vertex 54.05 -7.08331 14.6281
      vertex 47.4353 -6.95325 14.7245
      vertex 47.416 -7.08331 14.6281
    endloop
  endfacet
  facet normal -0 0.989189 0.146649
    outer loop
      vertex 47.0141 -9.6183 15.6781
      vertex 54.05 -9.64205 15.8383
      vertex 54.05 -9.6183 15.6781
    endloop
  endfacet
  facet normal 0 0.989189 0.146649
    outer loop
      vertex 54.05 -9.64205 15.8383
      vertex 47.0141 -9.6183 15.6781
      vertex 47.0081 -9.64205 15.8383
    endloop
  endfacet
  facet normal 0 -0.0487887 0.998809
    outer loop
      vertex 47.3041 -7.83827 14.3579
      vertex 54.05 -8 14.35
      vertex 54.05 -7.83827 14.3579
    endloop
  endfacet
  facet normal 0 -0.0487887 0.998809
    outer loop
      vertex 54.05 -8 14.35
      vertex 47.3041 -7.83827 14.3579
      vertex 47.2801 -8 14.35
    endloop
  endfacet
  facet normal 0 0.998794 -0.0491058
    outer loop
      vertex 54.05 -9.65 16
      vertex 47.0081 -9.64205 16.1617
      vertex 54.05 -9.64205 16.1617
    endloop
  endfacet
  facet normal 0 0.998794 -0.0491058
    outer loop
      vertex 47.0081 -9.64205 16.1617
      vertex 54.05 -9.65 16
      vertex 47.0061 -9.65 16
    endloop
  endfacet
  facet normal 0 -0.427391 0.904067
    outer loop
      vertex 47.3955 -7.22219 14.5448
      vertex 54.05 -7.36857 14.4756
      vertex 54.05 -7.22219 14.5448
    endloop
  endfacet
  facet normal 0 -0.427391 0.904067
    outer loop
      vertex 54.05 -7.36857 14.4756
      vertex 47.3955 -7.22219 14.5448
      vertex 47.3737 -7.36857 14.4756
    endloop
  endfacet
  facet normal 0 -0.857765 0.514042
    outer loop
      vertex 54.05 -6.62807 15.0833
      vertex 47.4959 -6.54483 15.2222
      vertex 47.4836 -6.62807 15.0833
    endloop
  endfacet
  facet normal 0 -0.857765 0.514042
    outer loop
      vertex 47.4959 -6.54483 15.2222
      vertex 54.05 -6.62807 15.0833
      vertex 54.05 -6.54483 15.2222
    endloop
  endfacet
  facet normal 0 0.989189 -0.146649
    outer loop
      vertex 54.05 -9.64205 16.1617
      vertex 47.0141 -9.6183 16.3219
      vertex 54.05 -9.6183 16.3219
    endloop
  endfacet
  facet normal 0 0.989189 -0.146649
    outer loop
      vertex 47.0141 -9.6183 16.3219
      vertex 54.05 -9.64205 16.1617
      vertex 47.0081 -9.64205 16.1617
    endloop
  endfacet
  facet normal 0 -0.595464 -0.803382
    outer loop
      vertex 54.05 -7.08331 17.3719
      vertex 47.4353 -6.95325 17.2755
      vertex 54.05 -6.95325 17.2755
    endloop
  endfacet
  facet normal 0 -0.595464 -0.803382
    outer loop
      vertex 47.4353 -6.95325 17.2755
      vertex 54.05 -7.08331 17.3719
      vertex 47.416 -7.08331 17.3719
    endloop
  endfacet
  facet normal 0 -0.146978 -0.98914
    outer loop
      vertex 54.05 -7.83827 17.6421
      vertex 47.3278 -7.6781 17.6183
      vertex 54.05 -7.6781 17.6183
    endloop
  endfacet
  facet normal 0 -0.146978 -0.98914
    outer loop
      vertex 47.3278 -7.6781 17.6183
      vertex 54.05 -7.83827 17.6421
      vertex 47.3041 -7.83827 17.6421
    endloop
  endfacet
  facet normal 0 0.741018 -0.671486
    outer loop
      vertex 54.05 -9.27547 17.0467
      vertex 47.107 -9.16673 17.1667
      vertex 54.05 -9.16673 17.1667
    endloop
  endfacet
  facet normal 0 0.741018 -0.671486
    outer loop
      vertex 47.107 -9.16673 17.1667
      vertex 54.05 -9.27547 17.0467
      vertex 47.0909 -9.27547 17.0467
    endloop
  endfacet
  facet normal 0 0.337158 -0.941448
    outer loop
      vertex 54.05 -8.63143 17.5244
      vertex 47.209 -8.47897 17.579
      vertex 54.05 -8.47897 17.579
    endloop
  endfacet
  facet normal 0 0.337158 -0.941448
    outer loop
      vertex 47.209 -8.47897 17.579
      vertex 54.05 -8.63143 17.5244
      vertex 47.1864 -8.63143 17.5244
    endloop
  endfacet
  facet normal -0 0.857738 0.514087
    outer loop
      vertex 47.0758 -9.37192 15.0833
      vertex 54.05 -9.45517 15.2222
      vertex 54.05 -9.37192 15.0833
    endloop
  endfacet
  facet normal 0 0.857738 0.514087
    outer loop
      vertex 54.05 -9.45517 15.2222
      vertex 47.0758 -9.37192 15.0833
      vertex 47.0549 -9.45517 15.2222
    endloop
  endfacet
  facet normal 0 0.941504 -0.337002
    outer loop
      vertex 54.05 -9.57895 16.479
      vertex 47.0376 -9.5244 16.6314
      vertex 54.05 -9.5244 16.6314
    endloop
  endfacet
  facet normal 0 0.941504 -0.337002
    outer loop
      vertex 47.0376 -9.5244 16.6314
      vertex 54.05 -9.57895 16.479
      vertex 47.0239 -9.57895 16.479
    endloop
  endfacet
  facet normal -0 0.67175 0.740778
    outer loop
      vertex 47.1248 -9.04675 14.7245
      vertex 54.05 -9.16673 14.8333
      vertex 54.05 -9.04675 14.7245
    endloop
  endfacet
  facet normal 0 0.67175 0.740778
    outer loop
      vertex 54.05 -9.16673 14.8333
      vertex 47.1248 -9.04675 14.7245
      vertex 47.107 -9.16673 14.8333
    endloop
  endfacet
  facet normal 0 -0.337158 -0.941448
    outer loop
      vertex 54.05 -7.52103 17.579
      vertex 47.3737 -7.36857 17.5244
      vertex 54.05 -7.36857 17.5244
    endloop
  endfacet
  facet normal 0 -0.337158 -0.941448
    outer loop
      vertex 47.3737 -7.36857 17.5244
      vertex 54.05 -7.52103 17.579
      vertex 47.3511 -7.52103 17.579
    endloop
  endfacet
  facet normal 0 0.803103 -0.59584
    outer loop
      vertex 54.05 -9.37192 16.9167
      vertex 47.0909 -9.27547 17.0467
      vertex 54.05 -9.27547 17.0467
    endloop
  endfacet
  facet normal 1.5478e-06 0.803142 -0.595787
    outer loop
      vertex 47.0909 -9.27547 17.0467
      vertex 54.05 -9.37192 16.9167
      vertex 47.0777 -9.36434 16.9269
    endloop
  endfacet
  facet normal 0 0.802636 -0.596469
    outer loop
      vertex 47.0777 -9.36434 16.9269
      vertex 54.05 -9.37192 16.9167
      vertex 47.0758 -9.37192 16.9167
    endloop
  endfacet
  facet normal 0 -0.904018 0.427494
    outer loop
      vertex 54.05 -6.54483 15.2222
      vertex 47.5062 -6.4756 15.3686
      vertex 47.4959 -6.54483 15.2222
    endloop
  endfacet
  facet normal 0 -0.904018 0.427494
    outer loop
      vertex 47.5062 -6.4756 15.3686
      vertex 54.05 -6.54483 15.2222
      vertex 54.05 -6.4756 15.3686
    endloop
  endfacet
  facet normal -0 0.242725 0.970095
    outer loop
      vertex 47.2323 -8.3219 14.3817
      vertex 54.05 -8.47897 14.421
      vertex 54.05 -8.3219 14.3817
    endloop
  endfacet
  facet normal 0 0.242725 0.970095
    outer loop
      vertex 54.05 -8.47897 14.421
      vertex 47.2323 -8.3219 14.3817
      vertex 47.209 -8.47897 14.421
    endloop
  endfacet
  facet normal 0 -0.857765 -0.514042
    outer loop
      vertex 47.4959 -6.54483 16.7778
      vertex 54.05 -6.62807 16.9167
      vertex 47.4836 -6.62807 16.9167
    endloop
  endfacet
  facet normal 0 -0.857765 -0.514042
    outer loop
      vertex 54.05 -6.62807 16.9167
      vertex 47.4959 -6.54483 16.7778
      vertex 54.05 -6.54483 16.7778
    endloop
  endfacet
  facet normal 0 -0.941504 -0.337002
    outer loop
      vertex 47.5143 -6.42105 16.479
      vertex 54.05 -6.4756 16.6314
      vertex 47.5062 -6.4756 16.6314
    endloop
  endfacet
  facet normal 0 -0.941504 -0.337002
    outer loop
      vertex 54.05 -6.4756 16.6314
      vertex 47.5143 -6.42105 16.479
      vertex 54.05 -6.42105 16.479
    endloop
  endfacet
  facet normal 0 0.0487887 -0.998809
    outer loop
      vertex 54.05 -8.16173 17.6421
      vertex 47.2801 -8 17.65
      vertex 54.05 -8 17.65
    endloop
  endfacet
  facet normal 0 0.0487887 -0.998809
    outer loop
      vertex 47.2801 -8 17.65
      vertex 54.05 -8.16173 17.6421
      vertex 47.2561 -8.16173 17.6421
    endloop
  endfacet
  facet normal 0 -0.803073 -0.59588
    outer loop
      vertex 47.4836 -6.62807 16.9167
      vertex 54.05 -6.72453 17.0467
      vertex 47.4693 -6.72453 17.0467
    endloop
  endfacet
  facet normal 0 -0.803073 -0.59588
    outer loop
      vertex 54.05 -6.72453 17.0467
      vertex 47.4836 -6.62807 16.9167
      vertex 54.05 -6.62807 16.9167
    endloop
  endfacet
  facet normal 0 -0.146978 0.98914
    outer loop
      vertex 47.3278 -7.6781 14.3817
      vertex 54.05 -7.83827 14.3579
      vertex 54.05 -7.6781 14.3817
    endloop
  endfacet
  facet normal 0 -0.146978 0.98914
    outer loop
      vertex 54.05 -7.83827 14.3579
      vertex 47.3278 -7.6781 14.3817
      vertex 47.3041 -7.83827 14.3579
    endloop
  endfacet
  facet normal 0 -0.242725 -0.970095
    outer loop
      vertex 54.05 -7.6781 17.6183
      vertex 47.3511 -7.52103 17.579
      vertex 54.05 -7.52103 17.579
    endloop
  endfacet
  facet normal 0 -0.242725 -0.970095
    outer loop
      vertex 47.3511 -7.52103 17.579
      vertex 54.05 -7.6781 17.6183
      vertex 47.3278 -7.6781 17.6183
    endloop
  endfacet
  facet normal 0 -0.741018 0.671486
    outer loop
      vertex 54.05 -6.83327 14.8333
      vertex 47.4693 -6.72453 14.9533
      vertex 47.4531 -6.83327 14.8333
    endloop
  endfacet
  facet normal 0 -0.741018 0.671486
    outer loop
      vertex 47.4693 -6.72453 14.9533
      vertex 54.05 -6.83327 14.8333
      vertex 54.05 -6.72453 14.9533
    endloop
  endfacet
  facet normal 0 0.857738 -0.514087
    outer loop
      vertex 54.05 -9.45517 16.7778
      vertex 47.0758 -9.37192 16.9167
      vertex 54.05 -9.37192 16.9167
    endloop
  endfacet
  facet normal 0 0.857738 -0.514087
    outer loop
      vertex 47.0758 -9.37192 16.9167
      vertex 54.05 -9.45517 16.7778
      vertex 47.0549 -9.45517 16.7778
    endloop
  endfacet
  facet normal -0 0.146978 0.98914
    outer loop
      vertex 47.2561 -8.16173 14.3579
      vertex 54.05 -8.3219 14.3817
      vertex 54.05 -8.16173 14.3579
    endloop
  endfacet
  facet normal 0 0.146978 0.98914
    outer loop
      vertex 54.05 -8.3219 14.3817
      vertex 47.2561 -8.16173 14.3579
      vertex 47.2323 -8.3219 14.3817
    endloop
  endfacet
  facet normal -0 0.0487887 0.998809
    outer loop
      vertex 47.2801 -8 14.35
      vertex 54.05 -8.16173 14.3579
      vertex 54.05 -8 14.35
    endloop
  endfacet
  facet normal 0 0.0487887 0.998809
    outer loop
      vertex 54.05 -8.16173 14.3579
      vertex 47.2801 -8 14.35
      vertex 47.2561 -8.16173 14.3579
    endloop
  endfacet
  facet normal -0 0.337158 0.941448
    outer loop
      vertex 47.209 -8.47897 14.421
      vertex 54.05 -8.63143 14.4756
      vertex 54.05 -8.47897 14.421
    endloop
  endfacet
  facet normal 0 0.337158 0.941448
    outer loop
      vertex 54.05 -8.63143 14.4756
      vertex 47.209 -8.47897 14.421
      vertex 47.1864 -8.63143 14.4756
    endloop
  endfacet
  facet normal 0 -0.98918 -0.14671
    outer loop
      vertex 47.5236 -6.35794 16.1617
      vertex 54.05 -6.3817 16.3219
      vertex 47.5201 -6.3817 16.3219
    endloop
  endfacet
  facet normal 0 -0.98918 -0.14671
    outer loop
      vertex 54.05 -6.3817 16.3219
      vertex 47.5236 -6.35794 16.1617
      vertex 54.05 -6.35794 16.1617
    endloop
  endfacet
  facet normal -0 0.514341 0.857586
    outer loop
      vertex 47.1647 -8.7778 14.5448
      vertex 54.05 -8.91669 14.6281
      vertex 54.05 -8.7778 14.5448
    endloop
  endfacet
  facet normal 0 0.514341 0.857586
    outer loop
      vertex 54.05 -8.91669 14.6281
      vertex 47.1647 -8.7778 14.5448
      vertex 47.1441 -8.91669 14.6281
    endloop
  endfacet
  facet normal 0 -0.337158 0.941448
    outer loop
      vertex 47.3737 -7.36857 14.4756
      vertex 54.05 -7.52103 14.421
      vertex 54.05 -7.36857 14.4756
    endloop
  endfacet
  facet normal 0 -0.337158 0.941448
    outer loop
      vertex 54.05 -7.52103 14.421
      vertex 47.3737 -7.36857 14.4756
      vertex 47.3511 -7.52103 14.421
    endloop
  endfacet
  facet normal 0 0.514341 -0.857586
    outer loop
      vertex 54.05 -8.91669 17.3719
      vertex 47.1647 -8.7778 17.4552
      vertex 54.05 -8.7778 17.4552
    endloop
  endfacet
  facet normal 0 0.514341 -0.857586
    outer loop
      vertex 47.1647 -8.7778 17.4552
      vertex 54.05 -8.91669 17.3719
      vertex 47.1441 -8.91669 17.3719
    endloop
  endfacet
  facet normal 0 -0.67175 -0.740778
    outer loop
      vertex 54.05 -6.95325 17.2755
      vertex 47.4531 -6.83327 17.1667
      vertex 54.05 -6.83327 17.1667
    endloop
  endfacet
  facet normal 0 -0.67175 -0.740778
    outer loop
      vertex 47.4531 -6.83327 17.1667
      vertex 54.05 -6.95325 17.2755
      vertex 47.4353 -6.95325 17.2755
    endloop
  endfacet
  facet normal -0 0.970033 0.242971
    outer loop
      vertex 47.0239 -9.57895 15.521
      vertex 54.05 -9.6183 15.6781
      vertex 54.05 -9.57895 15.521
    endloop
  endfacet
  facet normal 0 0.970033 0.242971
    outer loop
      vertex 54.05 -9.6183 15.6781
      vertex 47.0239 -9.57895 15.521
      vertex 47.0141 -9.6183 15.6781
    endloop
  endfacet
  facet normal 0 -0.803073 0.59588
    outer loop
      vertex 54.05 -6.72453 14.9533
      vertex 47.4836 -6.62807 15.0833
      vertex 47.4693 -6.72453 14.9533
    endloop
  endfacet
  facet normal 0 -0.803073 0.59588
    outer loop
      vertex 47.4836 -6.62807 15.0833
      vertex 54.05 -6.72453 14.9533
      vertex 54.05 -6.62807 15.0833
    endloop
  endfacet
  facet normal 0 -0.998797 0.0490442
    outer loop
      vertex 47.5236 -6.35794 15.8383
      vertex 54.05 -6.35 16
      vertex 47.5248 -6.35 16
    endloop
  endfacet
  facet normal 0 -0.998797 0.0490442
    outer loop
      vertex 54.05 -6.35 16
      vertex 47.5236 -6.35794 15.8383
      vertex 54.05 -6.35794 15.8383
    endloop
  endfacet
  facet normal 0 0.904018 -0.427494
    outer loop
      vertex 54.05 -9.5244 16.6314
      vertex 47.0549 -9.45517 16.7778
      vertex 54.05 -9.45517 16.7778
    endloop
  endfacet
  facet normal 0 0.904018 -0.427494
    outer loop
      vertex 47.0549 -9.45517 16.7778
      vertex 54.05 -9.5244 16.6314
      vertex 47.0376 -9.5244 16.6314
    endloop
  endfacet
  facet normal 0 -0.514369 0.857569
    outer loop
      vertex 47.416 -7.08331 14.6281
      vertex 54.05 -7.22219 14.5448
      vertex 54.05 -7.08331 14.6281
    endloop
  endfacet
  facet normal 0 -0.514369 0.857569
    outer loop
      vertex 54.05 -7.22219 14.5448
      vertex 47.416 -7.08331 14.6281
      vertex 47.3955 -7.22219 14.5448
    endloop
  endfacet
  facet normal 0 -0.741018 -0.671486
    outer loop
      vertex 47.4693 -6.72453 17.0467
      vertex 54.05 -6.83327 17.1667
      vertex 47.4531 -6.83327 17.1667
    endloop
  endfacet
  facet normal 0 -0.741018 -0.671486
    outer loop
      vertex 54.05 -6.83327 17.1667
      vertex 47.4693 -6.72453 17.0467
      vertex 54.05 -6.72453 17.0467
    endloop
  endfacet
  facet normal 0 -0.904018 -0.427494
    outer loop
      vertex 47.5062 -6.4756 16.6314
      vertex 54.05 -6.54483 16.7778
      vertex 47.4959 -6.54483 16.7778
    endloop
  endfacet
  facet normal 0 -0.904018 -0.427494
    outer loop
      vertex 54.05 -6.54483 16.7778
      vertex 47.5062 -6.4756 16.6314
      vertex 54.05 -6.4756 16.6314
    endloop
  endfacet
  facet normal -0 0.595464 0.803382
    outer loop
      vertex 47.1441 -8.91669 14.6281
      vertex 54.05 -9.04675 14.7245
      vertex 54.05 -8.91669 14.6281
    endloop
  endfacet
  facet normal 0 0.595464 0.803382
    outer loop
      vertex 54.05 -9.04675 14.7245
      vertex 47.1441 -8.91669 14.6281
      vertex 47.1248 -9.04675 14.7245
    endloop
  endfacet
  facet normal 0 -0.67175 0.740778
    outer loop
      vertex 47.4531 -6.83327 14.8333
      vertex 54.05 -6.95325 14.7245
      vertex 54.05 -6.83327 14.8333
    endloop
  endfacet
  facet normal 0 -0.67175 0.740778
    outer loop
      vertex 54.05 -6.95325 14.7245
      vertex 47.4531 -6.83327 14.8333
      vertex 47.4353 -6.95325 14.7245
    endloop
  endfacet
  facet normal 0 -0.970033 -0.242971
    outer loop
      vertex 47.5201 -6.3817 16.3219
      vertex 54.05 -6.42105 16.479
      vertex 47.5143 -6.42105 16.479
    endloop
  endfacet
  facet normal 0 -0.970033 -0.242971
    outer loop
      vertex 54.05 -6.42105 16.479
      vertex 47.5201 -6.3817 16.3219
      vertex 54.05 -6.3817 16.3219
    endloop
  endfacet
  facet normal 0 0.595464 -0.803382
    outer loop
      vertex 54.05 -9.04675 17.2755
      vertex 47.1441 -8.91669 17.3719
      vertex 54.05 -8.91669 17.3719
    endloop
  endfacet
  facet normal 0 0.595464 -0.803382
    outer loop
      vertex 47.1441 -8.91669 17.3719
      vertex 54.05 -9.04675 17.2755
      vertex 47.1248 -9.04675 17.2755
    endloop
  endfacet
  facet normal -0 0.998794 0.0491058
    outer loop
      vertex 47.0081 -9.64205 15.8383
      vertex 54.05 -9.65 16
      vertex 54.05 -9.64205 15.8383
    endloop
  endfacet
  facet normal 0 0.998794 0.0491058
    outer loop
      vertex 54.05 -9.65 16
      vertex 47.0081 -9.64205 15.8383
      vertex 47.0061 -9.65 16
    endloop
  endfacet
  facet normal 0 0.242725 -0.970095
    outer loop
      vertex 54.05 -8.47897 17.579
      vertex 47.2323 -8.3219 17.6183
      vertex 54.05 -8.3219 17.6183
    endloop
  endfacet
  facet normal 0 0.242725 -0.970095
    outer loop
      vertex 47.2323 -8.3219 17.6183
      vertex 54.05 -8.47897 17.579
      vertex 47.209 -8.47897 17.579
    endloop
  endfacet
  facet normal 0 0.67175 -0.740778
    outer loop
      vertex 54.05 -9.16673 17.1667
      vertex 47.1248 -9.04675 17.2755
      vertex 54.05 -9.04675 17.2755
    endloop
  endfacet
  facet normal 0 0.67175 -0.740778
    outer loop
      vertex 47.1248 -9.04675 17.2755
      vertex 54.05 -9.16673 17.1667
      vertex 47.107 -9.16673 17.1667
    endloop
  endfacet
  facet normal 0 -0.998797 -0.0490442
    outer loop
      vertex 47.5248 -6.35 16
      vertex 54.05 -6.35794 16.1617
      vertex 47.5236 -6.35794 16.1617
    endloop
  endfacet
  facet normal 0 -0.998797 -0.0490442
    outer loop
      vertex 54.05 -6.35794 16.1617
      vertex 47.5248 -6.35 16
      vertex 54.05 -6.35 16
    endloop
  endfacet
  facet normal 0 0.970033 -0.242971
    outer loop
      vertex 54.05 -9.6183 16.3219
      vertex 47.0239 -9.57895 16.479
      vertex 54.05 -9.57895 16.479
    endloop
  endfacet
  facet normal 0 0.970033 -0.242971
    outer loop
      vertex 47.0239 -9.57895 16.479
      vertex 54.05 -9.6183 16.3219
      vertex 47.0141 -9.6183 16.3219
    endloop
  endfacet
  facet normal 0 -0.970033 0.242971
    outer loop
      vertex 54.05 -6.42105 15.521
      vertex 47.5201 -6.3817 15.6781
      vertex 47.5143 -6.42105 15.521
    endloop
  endfacet
  facet normal 0 -0.970033 0.242971
    outer loop
      vertex 47.5201 -6.3817 15.6781
      vertex 54.05 -6.42105 15.521
      vertex 54.05 -6.3817 15.6781
    endloop
  endfacet
  facet normal 0 -0.98918 0.14671
    outer loop
      vertex 54.05 -6.3817 15.6781
      vertex 47.5236 -6.35794 15.8383
      vertex 47.5201 -6.3817 15.6781
    endloop
  endfacet
  facet normal 0 -0.98918 0.14671
    outer loop
      vertex 47.5236 -6.35794 15.8383
      vertex 54.05 -6.3817 15.6781
      vertex 54.05 -6.35794 15.8383
    endloop
  endfacet
  facet normal 0 0.802636 0.596469
    outer loop
      vertex 54.05 -9.37192 15.0833
      vertex 47.0777 -9.36434 15.0731
      vertex 47.0758 -9.37192 15.0833
    endloop
  endfacet
  facet normal -0 0.803103 0.59584
    outer loop
      vertex 47.0909 -9.27547 14.9533
      vertex 54.05 -9.37192 15.0833
      vertex 54.05 -9.27547 14.9533
    endloop
  endfacet
  facet normal 1.5478e-06 0.803142 0.595787
    outer loop
      vertex 54.05 -9.37192 15.0833
      vertex 47.0909 -9.27547 14.9533
      vertex 47.0777 -9.36434 15.0731
    endloop
  endfacet
  facet normal 0 0.146978 -0.98914
    outer loop
      vertex 54.05 -8.3219 17.6183
      vertex 47.2561 -8.16173 17.6421
      vertex 54.05 -8.16173 17.6421
    endloop
  endfacet
  facet normal 0 0.146978 -0.98914
    outer loop
      vertex 47.2561 -8.16173 17.6421
      vertex 54.05 -8.3219 17.6183
      vertex 47.2323 -8.3219 17.6183
    endloop
  endfacet
  facet normal 0 -0.514369 -0.857569
    outer loop
      vertex 54.05 -7.22219 17.4552
      vertex 47.416 -7.08331 17.3719
      vertex 54.05 -7.08331 17.3719
    endloop
  endfacet
  facet normal 0 -0.514369 -0.857569
    outer loop
      vertex 47.416 -7.08331 17.3719
      vertex 54.05 -7.22219 17.4552
      vertex 47.3955 -7.22219 17.4552
    endloop
  endfacet
  facet normal 0 -0.427391 -0.904067
    outer loop
      vertex 54.05 -7.36857 17.5244
      vertex 47.3955 -7.22219 17.4552
      vertex 54.05 -7.22219 17.4552
    endloop
  endfacet
  facet normal 0 -0.427391 -0.904067
    outer loop
      vertex 47.3955 -7.22219 17.4552
      vertex 54.05 -7.36857 17.5244
      vertex 47.3737 -7.36857 17.5244
    endloop
  endfacet
  facet normal -0 0.427414 0.904056
    outer loop
      vertex 47.1864 -8.63143 14.4756
      vertex 54.05 -8.7778 14.5448
      vertex 54.05 -8.63143 14.4756
    endloop
  endfacet
  facet normal 0 0.427414 0.904056
    outer loop
      vertex 54.05 -8.7778 14.5448
      vertex 47.1864 -8.63143 14.4756
      vertex 47.1647 -8.7778 14.5448
    endloop
  endfacet
  facet normal -0 0.741018 0.671486
    outer loop
      vertex 47.107 -9.16673 14.8333
      vertex 54.05 -9.27547 14.9533
      vertex 54.05 -9.16673 14.8333
    endloop
  endfacet
  facet normal 0 0.741018 0.671486
    outer loop
      vertex 54.05 -9.27547 14.9533
      vertex 47.107 -9.16673 14.8333
      vertex 47.0909 -9.27547 14.9533
    endloop
  endfacet
  facet normal 0 -0.0487887 -0.998809
    outer loop
      vertex 54.05 -8 17.65
      vertex 47.3041 -7.83827 17.6421
      vertex 54.05 -7.83827 17.6421
    endloop
  endfacet
  facet normal 0 -0.0487887 -0.998809
    outer loop
      vertex 47.3041 -7.83827 17.6421
      vertex 54.05 -8 17.65
      vertex 47.2801 -8 17.65
    endloop
  endfacet
  facet normal 0 0.427414 -0.904056
    outer loop
      vertex 54.05 -8.7778 17.4552
      vertex 47.1864 -8.63143 17.5244
      vertex 54.05 -8.63143 17.5244
    endloop
  endfacet
  facet normal 0 0.427414 -0.904056
    outer loop
      vertex 47.1864 -8.63143 17.5244
      vertex 54.05 -8.7778 17.4552
      vertex 47.1647 -8.7778 17.4552
    endloop
  endfacet
  facet normal 1 0 0
    outer loop
      vertex 54.05 10.15 32
      vertex 54.05 9.65 16
      vertex 54.05 10.15 0
    endloop
  endfacet
  facet normal 1 0 0
    outer loop
      vertex 54.05 10.15 32
      vertex 54.05 9.64205 16.1617
      vertex 54.05 9.65 16
    endloop
  endfacet
  facet normal 1 0 0
    outer loop
      vertex 54.05 10.15 32
      vertex 54.05 9.6183 16.3219
      vertex 54.05 9.64205 16.1617
    endloop
  endfacet
  facet normal 1 0 0
    outer loop
      vertex 54.05 10.15 32
      vertex 54.05 9.57895 16.479
      vertex 54.05 9.6183 16.3219
    endloop
  endfacet
  facet normal 1 0 0
    outer loop
      vertex 54.05 10.15 32
      vertex 54.05 9.5244 16.6314
      vertex 54.05 9.57895 16.479
    endloop
  endfacet
  facet normal 1 0 0
    outer loop
      vertex 54.05 10.15 32
      vertex 54.05 9.45517 16.7778
      vertex 54.05 9.5244 16.6314
    endloop
  endfacet
  facet normal 1 0 0
    outer loop
      vertex 54.05 10.15 32
      vertex 54.05 9.37192 16.9167
      vertex 54.05 9.45517 16.7778
    endloop
  endfacet
  facet normal 1 0 0
    outer loop
      vertex 54.05 10.15 32
      vertex 54.05 9.27547 17.0467
      vertex 54.05 9.37192 16.9167
    endloop
  endfacet
  facet normal 1 0 0
    outer loop
      vertex 54.05 10.15 32
      vertex 54.05 9.16673 17.1667
      vertex 54.05 9.27547 17.0467
    endloop
  endfacet
  facet normal 1 0 0
    outer loop
      vertex 54.05 10.15 32
      vertex 54.05 9.04675 17.2755
      vertex 54.05 9.16673 17.1667
    endloop
  endfacet
  facet normal 1 0 0
    outer loop
      vertex 54.05 10.15 32
      vertex 54.05 8.91669 17.3719
      vertex 54.05 9.04675 17.2755
    endloop
  endfacet
  facet normal 1 0 0
    outer loop
      vertex 54.05 10.15 32
      vertex 54.05 8.7778 17.4552
      vertex 54.05 8.91669 17.3719
    endloop
  endfacet
  facet normal 1 0 0
    outer loop
      vertex 54.05 10.15 32
      vertex 54.05 8.63143 17.5244
      vertex 54.05 8.7778 17.4552
    endloop
  endfacet
  facet normal 1 0 0
    outer loop
      vertex 54.05 10.15 32
      vertex 54.05 8.47897 17.579
      vertex 54.05 8.63143 17.5244
    endloop
  endfacet
  facet normal 1 0 0
    outer loop
      vertex 54.05 10.15 32
      vertex 54.05 8.3219 17.6183
      vertex 54.05 8.47897 17.579
    endloop
  endfacet
  facet normal 1 0 0
    outer loop
      vertex 54.05 10.15 32
      vertex 54.05 8.16173 17.6421
      vertex 54.05 8.3219 17.6183
    endloop
  endfacet
  facet normal 1 0 0
    outer loop
      vertex 54.05 10.15 32
      vertex 54.05 8 17.65
      vertex 54.05 8.16173 17.6421
    endloop
  endfacet
  facet normal 1 0 0
    outer loop
      vertex 54.05 10.15 32
      vertex 54.05 7.83827 17.6421
      vertex 54.05 8 17.65
    endloop
  endfacet
  facet normal 1 0 0
    outer loop
      vertex 54.05 10.15 32
      vertex 54.05 7.6781 17.6183
      vertex 54.05 7.83827 17.6421
    endloop
  endfacet
  facet normal 1 0 0
    outer loop
      vertex 54.05 10.15 32
      vertex 54.05 7.52103 17.579
      vertex 54.05 7.6781 17.6183
    endloop
  endfacet
  facet normal 1 0 0
    outer loop
      vertex 54.05 10.15 32
      vertex 54.05 7.36857 17.5244
      vertex 54.05 7.52103 17.579
    endloop
  endfacet
  facet normal 1 0 0
    outer loop
      vertex 54.05 10.15 32
      vertex 54.05 7.22219 17.4552
      vertex 54.05 7.36857 17.5244
    endloop
  endfacet
  facet normal 1 0 0
    outer loop
      vertex 54.05 10.15 32
      vertex 54.05 7.08331 17.3719
      vertex 54.05 7.22219 17.4552
    endloop
  endfacet
  facet normal 1 0 0
    outer loop
      vertex 54.05 10.15 32
      vertex 54.05 6.95325 17.2755
      vertex 54.05 7.08331 17.3719
    endloop
  endfacet
  facet normal 1 0 0
    outer loop
      vertex 54.05 -6.95325 17.2755
      vertex 54.05 6.95325 17.2755
      vertex 54.05 10.15 32
    endloop
  endfacet
  facet normal 1 0 0
    outer loop
      vertex 54.05 6.95325 17.2755
      vertex 54.05 -6.95325 17.2755
      vertex 54.05 6.83327 17.1667
    endloop
  endfacet
  facet normal 1 0 -0
    outer loop
      vertex 54.05 -6.83327 17.1667
      vertex 54.05 6.83327 17.1667
      vertex 54.05 -6.95325 17.2755
    endloop
  endfacet
  facet normal 1 0 0
    outer loop
      vertex 54.05 6.83327 17.1667
      vertex 54.05 -6.83327 17.1667
      vertex 54.05 6.72453 17.0467
    endloop
  endfacet
  facet normal 1 0 -0
    outer loop
      vertex 54.05 -6.72453 17.0467
      vertex 54.05 6.72453 17.0467
      vertex 54.05 -6.83327 17.1667
    endloop
  endfacet
  facet normal 1 0 0
    outer loop
      vertex 54.05 6.72453 17.0467
      vertex 54.05 -6.72453 17.0467
      vertex 54.05 6.62807 16.9167
    endloop
  endfacet
  facet normal 1 0 -0
    outer loop
      vertex 54.05 -6.62807 16.9167
      vertex 54.05 6.62807 16.9167
      vertex 54.05 -6.72453 17.0467
    endloop
  endfacet
  facet normal 1 0 0
    outer loop
      vertex 54.05 6.35794 16.1617
      vertex 54.05 -6.35 16
      vertex 54.05 6.35 16
    endloop
  endfacet
  facet normal 1 0 0
    outer loop
      vertex 54.05 -6.35794 16.1617
      vertex 54.05 6.35794 16.1617
      vertex 54.05 6.3817 16.3219
    endloop
  endfacet
  facet normal 1 0 0
    outer loop
      vertex 54.05 6.62807 16.9167
      vertex 54.05 -6.62807 16.9167
      vertex 54.05 6.54483 16.7778
    endloop
  endfacet
  facet normal 1 0 0
    outer loop
      vertex 54.05 6.35794 16.1617
      vertex 54.05 -6.35794 16.1617
      vertex 54.05 -6.35 16
    endloop
  endfacet
  facet normal 1 0 0
    outer loop
      vertex 54.05 6.3817 16.3219
      vertex 54.05 -6.3817 16.3219
      vertex 54.05 -6.35794 16.1617
    endloop
  endfacet
  facet normal 1 0 0
    outer loop
      vertex 54.05 6.3817 16.3219
      vertex 54.05 -6.42105 16.479
      vertex 54.05 -6.3817 16.3219
    endloop
  endfacet
  facet normal 1 0 0
    outer loop
      vertex 54.05 6.42105 16.479
      vertex 54.05 -6.42105 16.479
      vertex 54.05 6.3817 16.3219
    endloop
  endfacet
  facet normal 1 0 -0
    outer loop
      vertex 54.05 -6.42105 16.479
      vertex 54.05 6.42105 16.479
      vertex 54.05 -6.4756 16.6314
    endloop
  endfacet
  facet normal 1 0 0
    outer loop
      vertex 54.05 6.4756 16.6314
      vertex 54.05 -6.4756 16.6314
      vertex 54.05 6.42105 16.479
    endloop
  endfacet
  facet normal 1 0 -0
    outer loop
      vertex 54.05 -6.4756 16.6314
      vertex 54.05 6.4756 16.6314
      vertex 54.05 -6.54483 16.7778
    endloop
  endfacet
  facet normal 1 0 0
    outer loop
      vertex 54.05 6.54483 16.7778
      vertex 54.05 -6.54483 16.7778
      vertex 54.05 6.4756 16.6314
    endloop
  endfacet
  facet normal 1 0 -0
    outer loop
      vertex 54.05 -6.54483 16.7778
      vertex 54.05 6.54483 16.7778
      vertex 54.05 -6.62807 16.9167
    endloop
  endfacet
  facet normal 1 -0 0
    outer loop
      vertex 54.05 -10.15 32
      vertex 54.05 -6.95325 17.2755
      vertex 54.05 10.15 32
    endloop
  endfacet
  facet normal 1 0 0
    outer loop
      vertex 54.05 -6.95325 17.2755
      vertex 54.05 -10.15 32
      vertex 54.05 -7.08331 17.3719
    endloop
  endfacet
  facet normal 1 0 0
    outer loop
      vertex 54.05 -7.08331 17.3719
      vertex 54.05 -10.15 32
      vertex 54.05 -7.22219 17.4552
    endloop
  endfacet
  facet normal 1 0 0
    outer loop
      vertex 54.05 -7.22219 17.4552
      vertex 54.05 -10.15 32
      vertex 54.05 -7.36857 17.5244
    endloop
  endfacet
  facet normal 1 0 0
    outer loop
      vertex 54.05 -7.36857 17.5244
      vertex 54.05 -10.15 32
      vertex 54.05 -7.52103 17.579
    endloop
  endfacet
  facet normal 1 0 0
    outer loop
      vertex 54.05 -7.52103 17.579
      vertex 54.05 -10.15 32
      vertex 54.05 -7.6781 17.6183
    endloop
  endfacet
  facet normal 1 0 0
    outer loop
      vertex 54.05 -7.6781 17.6183
      vertex 54.05 -10.15 32
      vertex 54.05 -7.83827 17.6421
    endloop
  endfacet
  facet normal 1 0 0
    outer loop
      vertex 54.05 -7.83827 17.6421
      vertex 54.05 -10.15 32
      vertex 54.05 -8 17.65
    endloop
  endfacet
  facet normal 1 0 0
    outer loop
      vertex 54.05 -8 17.65
      vertex 54.05 -10.15 32
      vertex 54.05 -8.16173 17.6421
    endloop
  endfacet
  facet normal 1 0 0
    outer loop
      vertex 54.05 -8.16173 17.6421
      vertex 54.05 -10.15 32
      vertex 54.05 -8.3219 17.6183
    endloop
  endfacet
  facet normal 1 0 0
    outer loop
      vertex 54.05 -8.3219 17.6183
      vertex 54.05 -10.15 32
      vertex 54.05 -8.47897 17.579
    endloop
  endfacet
  facet normal 1 0 0
    outer loop
      vertex 54.05 -8.47897 17.579
      vertex 54.05 -10.15 32
      vertex 54.05 -8.63143 17.5244
    endloop
  endfacet
  facet normal 1 0 0
    outer loop
      vertex 54.05 -8.63143 17.5244
      vertex 54.05 -10.15 32
      vertex 54.05 -8.7778 17.4552
    endloop
  endfacet
  facet normal 1 0 0
    outer loop
      vertex 54.05 -8.7778 17.4552
      vertex 54.05 -10.15 32
      vertex 54.05 -8.91669 17.3719
    endloop
  endfacet
  facet normal 1 0 0
    outer loop
      vertex 54.05 -9.64205 16.1617
      vertex 54.05 -10.15 32
      vertex 54.05 -9.65 16
    endloop
  endfacet
  facet normal 1 0 0
    outer loop
      vertex 54.05 -9.6183 16.3219
      vertex 54.05 -10.15 32
      vertex 54.05 -9.64205 16.1617
    endloop
  endfacet
  facet normal 1 0 0
    outer loop
      vertex 54.05 -9.57895 16.479
      vertex 54.05 -10.15 32
      vertex 54.05 -9.6183 16.3219
    endloop
  endfacet
  facet normal 1 0 0
    outer loop
      vertex 54.05 -9.5244 16.6314
      vertex 54.05 -10.15 32
      vertex 54.05 -9.57895 16.479
    endloop
  endfacet
  facet normal 1 0 0
    outer loop
      vertex 54.05 -9.45517 16.7778
      vertex 54.05 -10.15 32
      vertex 54.05 -9.5244 16.6314
    endloop
  endfacet
  facet normal 1 0 0
    outer loop
      vertex 54.05 -9.37192 16.9167
      vertex 54.05 -10.15 32
      vertex 54.05 -9.45517 16.7778
    endloop
  endfacet
  facet normal 1 0 0
    outer loop
      vertex 54.05 -9.27547 17.0467
      vertex 54.05 -10.15 32
      vertex 54.05 -9.37192 16.9167
    endloop
  endfacet
  facet normal 1 0 0
    outer loop
      vertex 54.05 -9.16673 17.1667
      vertex 54.05 -10.15 32
      vertex 54.05 -9.27547 17.0467
    endloop
  endfacet
  facet normal 1 0 0
    outer loop
      vertex 54.05 -9.04675 17.2755
      vertex 54.05 -10.15 32
      vertex 54.05 -9.16673 17.1667
    endloop
  endfacet
  facet normal 1 0 0
    outer loop
      vertex 54.05 -8.91669 17.3719
      vertex 54.05 -10.15 32
      vertex 54.05 -9.04675 17.2755
    endloop
  endfacet
  facet normal 1 -0 0
    outer loop
      vertex 54.05 9.64205 15.8383
      vertex 54.05 10.15 0
      vertex 54.05 9.65 16
    endloop
  endfacet
  facet normal 1 -0 0
    outer loop
      vertex 54.05 9.6183 15.6781
      vertex 54.05 10.15 0
      vertex 54.05 9.64205 15.8383
    endloop
  endfacet
  facet normal 1 -0 0
    outer loop
      vertex 54.05 9.57895 15.521
      vertex 54.05 10.15 0
      vertex 54.05 9.6183 15.6781
    endloop
  endfacet
  facet normal 1 -0 0
    outer loop
      vertex 54.05 9.5244 15.3686
      vertex 54.05 10.15 0
      vertex 54.05 9.57895 15.521
    endloop
  endfacet
  facet normal 1 -0 0
    outer loop
      vertex 54.05 9.45517 15.2222
      vertex 54.05 10.15 0
      vertex 54.05 9.5244 15.3686
    endloop
  endfacet
  facet normal 1 -0 0
    outer loop
      vertex 54.05 9.37192 15.0833
      vertex 54.05 10.15 0
      vertex 54.05 9.45517 15.2222
    endloop
  endfacet
  facet normal 1 -0 0
    outer loop
      vertex 54.05 9.27547 14.9533
      vertex 54.05 10.15 0
      vertex 54.05 9.37192 15.0833
    endloop
  endfacet
  facet normal 1 -0 0
    outer loop
      vertex 54.05 9.16673 14.8333
      vertex 54.05 10.15 0
      vertex 54.05 9.27547 14.9533
    endloop
  endfacet
  facet normal 1 -0 0
    outer loop
      vertex 54.05 9.04675 14.7245
      vertex 54.05 10.15 0
      vertex 54.05 9.16673 14.8333
    endloop
  endfacet
  facet normal 1 -0 0
    outer loop
      vertex 54.05 8.91669 14.6281
      vertex 54.05 10.15 0
      vertex 54.05 9.04675 14.7245
    endloop
  endfacet
  facet normal 1 -0 0
    outer loop
      vertex 54.05 8.7778 14.5448
      vertex 54.05 10.15 0
      vertex 54.05 8.91669 14.6281
    endloop
  endfacet
  facet normal 1 -0 0
    outer loop
      vertex 54.05 8.63143 14.4756
      vertex 54.05 10.15 0
      vertex 54.05 8.7778 14.5448
    endloop
  endfacet
  facet normal 1 -0 0
    outer loop
      vertex 54.05 8.47897 14.421
      vertex 54.05 10.15 0
      vertex 54.05 8.63143 14.4756
    endloop
  endfacet
  facet normal 1 -0 0
    outer loop
      vertex 54.05 8.3219 14.3817
      vertex 54.05 10.15 0
      vertex 54.05 8.47897 14.421
    endloop
  endfacet
  facet normal 1 -0 0
    outer loop
      vertex 54.05 8.16173 14.3579
      vertex 54.05 10.15 0
      vertex 54.05 8.3219 14.3817
    endloop
  endfacet
  facet normal 1 -0 0
    outer loop
      vertex 54.05 8 14.35
      vertex 54.05 10.15 0
      vertex 54.05 8.16173 14.3579
    endloop
  endfacet
  facet normal 1 0 0
    outer loop
      vertex 54.05 7.83827 14.3579
      vertex 54.05 10.15 0
      vertex 54.05 8 14.35
    endloop
  endfacet
  facet normal 1 0 0
    outer loop
      vertex 54.05 7.6781 14.3817
      vertex 54.05 10.15 0
      vertex 54.05 7.83827 14.3579
    endloop
  endfacet
  facet normal 1 0 0
    outer loop
      vertex 54.05 7.52103 14.421
      vertex 54.05 10.15 0
      vertex 54.05 7.6781 14.3817
    endloop
  endfacet
  facet normal 1 0 0
    outer loop
      vertex 54.05 7.36857 14.4756
      vertex 54.05 10.15 0
      vertex 54.05 7.52103 14.421
    endloop
  endfacet
  facet normal 1 0 0
    outer loop
      vertex 54.05 7.22219 14.5448
      vertex 54.05 10.15 0
      vertex 54.05 7.36857 14.4756
    endloop
  endfacet
  facet normal 1 0 0
    outer loop
      vertex 54.05 7.08331 14.6281
      vertex 54.05 10.15 0
      vertex 54.05 7.22219 14.5448
    endloop
  endfacet
  facet normal 1 0 0
    outer loop
      vertex 54.05 6.95325 14.7245
      vertex 54.05 10.15 0
      vertex 54.05 7.08331 14.6281
    endloop
  endfacet
  facet normal 1 0 0
    outer loop
      vertex 54.05 -6.95325 14.7245
      vertex 54.05 6.95325 14.7245
      vertex 54.05 6.83327 14.8333
    endloop
  endfacet
  facet normal 1 0 0
    outer loop
      vertex 54.05 -6.83327 14.8333
      vertex 54.05 6.83327 14.8333
      vertex 54.05 6.72453 14.9533
    endloop
  endfacet
  facet normal 1 0 0
    outer loop
      vertex 54.05 -6.72453 14.9533
      vertex 54.05 6.72453 14.9533
      vertex 54.05 6.62807 15.0833
    endloop
  endfacet
  facet normal 1 0 0
    outer loop
      vertex 54.05 -6.62807 15.0833
      vertex 54.05 6.62807 15.0833
      vertex 54.05 6.54483 15.2222
    endloop
  endfacet
  facet normal 1 0 0
    outer loop
      vertex 54.05 -6.54483 15.2222
      vertex 54.05 6.54483 15.2222
      vertex 54.05 6.4756 15.3686
    endloop
  endfacet
  facet normal 1 0 0
    outer loop
      vertex 54.05 -6.4756 15.3686
      vertex 54.05 6.4756 15.3686
      vertex 54.05 6.42105 15.521
    endloop
  endfacet
  facet normal 1 0 0
    outer loop
      vertex 54.05 -6.42105 15.521
      vertex 54.05 6.42105 15.521
      vertex 54.05 6.3817 15.6781
    endloop
  endfacet
  facet normal 1 -0 0
    outer loop
      vertex 54.05 -6.35 16
      vertex 54.05 6.35794 15.8383
      vertex 54.05 6.35 16
    endloop
  endfacet
  facet normal 1 0 0
    outer loop
      vertex 54.05 -6.35794 15.8383
      vertex 54.05 6.35794 15.8383
      vertex 54.05 -6.35 16
    endloop
  endfacet
  facet normal 1 0 0
    outer loop
      vertex 54.05 6.35794 15.8383
      vertex 54.05 -6.35794 15.8383
      vertex 54.05 6.3817 15.6781
    endloop
  endfacet
  facet normal 1 0 0
    outer loop
      vertex 54.05 -6.3817 15.6781
      vertex 54.05 6.3817 15.6781
      vertex 54.05 -6.35794 15.8383
    endloop
  endfacet
  facet normal 1 0 0
    outer loop
      vertex 54.05 -6.42105 15.521
      vertex 54.05 6.3817 15.6781
      vertex 54.05 -6.3817 15.6781
    endloop
  endfacet
  facet normal 1 0 0
    outer loop
      vertex 54.05 6.42105 15.521
      vertex 54.05 -6.42105 15.521
      vertex 54.05 -6.4756 15.3686
    endloop
  endfacet
  facet normal 1 0 0
    outer loop
      vertex 54.05 6.4756 15.3686
      vertex 54.05 -6.4756 15.3686
      vertex 54.05 -6.54483 15.2222
    endloop
  endfacet
  facet normal 1 0 0
    outer loop
      vertex 54.05 6.54483 15.2222
      vertex 54.05 -6.54483 15.2222
      vertex 54.05 -6.62807 15.0833
    endloop
  endfacet
  facet normal 1 0 0
    outer loop
      vertex 54.05 6.62807 15.0833
      vertex 54.05 -6.62807 15.0833
      vertex 54.05 -6.72453 14.9533
    endloop
  endfacet
  facet normal 1 0 0
    outer loop
      vertex 54.05 6.72453 14.9533
      vertex 54.05 -6.72453 14.9533
      vertex 54.05 -6.83327 14.8333
    endloop
  endfacet
  facet normal 1 0 0
    outer loop
      vertex 54.05 6.83327 14.8333
      vertex 54.05 -6.83327 14.8333
      vertex 54.05 -6.95325 14.7245
    endloop
  endfacet
  facet normal 1 0 0
    outer loop
      vertex 54.05 6.95325 14.7245
      vertex 54.05 -6.95325 14.7245
      vertex 54.05 10.15 0
    endloop
  endfacet
  facet normal 1 0 0
    outer loop
      vertex 54.05 -10.15 0
      vertex 54.05 -6.95325 14.7245
      vertex 54.05 -7.08331 14.6281
    endloop
  endfacet
  facet normal 1 0 0
    outer loop
      vertex 54.05 -10.15 0
      vertex 54.05 -7.08331 14.6281
      vertex 54.05 -7.22219 14.5448
    endloop
  endfacet
  facet normal 1 0 0
    outer loop
      vertex 54.05 -10.15 0
      vertex 54.05 -7.22219 14.5448
      vertex 54.05 -7.36857 14.4756
    endloop
  endfacet
  facet normal 1 0 0
    outer loop
      vertex 54.05 -10.15 0
      vertex 54.05 -7.36857 14.4756
      vertex 54.05 -7.52103 14.421
    endloop
  endfacet
  facet normal 1 0 0
    outer loop
      vertex 54.05 -10.15 0
      vertex 54.05 -7.52103 14.421
      vertex 54.05 -7.6781 14.3817
    endloop
  endfacet
  facet normal 1 0 0
    outer loop
      vertex 54.05 -10.15 0
      vertex 54.05 -7.6781 14.3817
      vertex 54.05 -7.83827 14.3579
    endloop
  endfacet
  facet normal 1 0 0
    outer loop
      vertex 54.05 -10.15 0
      vertex 54.05 -7.83827 14.3579
      vertex 54.05 -8 14.35
    endloop
  endfacet
  facet normal 1 0 0
    outer loop
      vertex 54.05 -10.15 0
      vertex 54.05 -8 14.35
      vertex 54.05 -8.16173 14.3579
    endloop
  endfacet
  facet normal 1 0 0
    outer loop
      vertex 54.05 -10.15 0
      vertex 54.05 -8.16173 14.3579
      vertex 54.05 -8.3219 14.3817
    endloop
  endfacet
  facet normal 1 0 0
    outer loop
      vertex 54.05 -10.15 0
      vertex 54.05 -8.3219 14.3817
      vertex 54.05 -8.47897 14.421
    endloop
  endfacet
  facet normal 1 0 0
    outer loop
      vertex 54.05 -10.15 0
      vertex 54.05 -8.47897 14.421
      vertex 54.05 -8.63143 14.4756
    endloop
  endfacet
  facet normal 1 0 0
    outer loop
      vertex 54.05 -10.15 0
      vertex 54.05 -8.63143 14.4756
      vertex 54.05 -8.7778 14.5448
    endloop
  endfacet
  facet normal 1 0 0
    outer loop
      vertex 54.05 -10.15 0
      vertex 54.05 -8.7778 14.5448
      vertex 54.05 -8.91669 14.6281
    endloop
  endfacet
  facet normal 1 0 0
    outer loop
      vertex 54.05 -10.15 0
      vertex 54.05 -8.91669 14.6281
      vertex 54.05 -9.04675 14.7245
    endloop
  endfacet
  facet normal 1 0 0
    outer loop
      vertex 54.05 -6.95325 14.7245
      vertex 54.05 -10.15 0
      vertex 54.05 10.15 0
    endloop
  endfacet
  facet normal 1 0 0
    outer loop
      vertex 54.05 -9.16673 14.8333
      vertex 54.05 -10.15 0
      vertex 54.05 -9.04675 14.7245
    endloop
  endfacet
  facet normal 1 0 0
    outer loop
      vertex 54.05 -9.27547 14.9533
      vertex 54.05 -10.15 0
      vertex 54.05 -9.16673 14.8333
    endloop
  endfacet
  facet normal 1 0 0
    outer loop
      vertex 54.05 -9.37192 15.0833
      vertex 54.05 -10.15 0
      vertex 54.05 -9.27547 14.9533
    endloop
  endfacet
  facet normal 1 0 0
    outer loop
      vertex 54.05 -9.45517 15.2222
      vertex 54.05 -10.15 0
      vertex 54.05 -9.37192 15.0833
    endloop
  endfacet
  facet normal 1 0 0
    outer loop
      vertex 54.05 -9.5244 15.3686
      vertex 54.05 -10.15 0
      vertex 54.05 -9.45517 15.2222
    endloop
  endfacet
  facet normal 1 0 0
    outer loop
      vertex 54.05 -9.57895 15.521
      vertex 54.05 -10.15 0
      vertex 54.05 -9.5244 15.3686
    endloop
  endfacet
  facet normal 1 0 0
    outer loop
      vertex 54.05 -9.6183 15.6781
      vertex 54.05 -10.15 0
      vertex 54.05 -9.57895 15.521
    endloop
  endfacet
  facet normal 1 0 0
    outer loop
      vertex 54.05 -9.64205 15.8383
      vertex 54.05 -10.15 0
      vertex 54.05 -9.6183 15.6781
    endloop
  endfacet
  facet normal 1 0 0
    outer loop
      vertex 54.05 -9.65 16
      vertex 54.05 -10.15 0
      vertex 54.05 -9.64205 15.8383
    endloop
  endfacet
  facet normal 1 0 0
    outer loop
      vertex 54.05 -10.15 0
      vertex 54.05 -9.65 16
      vertex 54.05 -10.15 32
    endloop
  endfacet
  facet normal 0 -1 0
    outer loop
      vertex 54.05 10.15 0
      vertex 66.2 10.15 32
      vertex 54.05 10.15 32
    endloop
  endfacet
  facet normal 0 -1 -0
    outer loop
      vertex 66.2 10.15 32
      vertex 54.05 10.15 0
      vertex 66.2 10.15 0
    endloop
  endfacet
  facet normal 0 1 -0
    outer loop
      vertex 66.2 -10.15 0
      vertex 54.05 -10.15 32
      vertex 66.2 -10.15 32
    endloop
  endfacet
  facet normal 0 1 0
    outer loop
      vertex 54.05 -10.15 32
      vertex 66.2 -10.15 0
      vertex 54.05 -10.15 0
    endloop
  endfacet
endsolid OpenSCAD_Model
