solid OpenSCAD_Model
  facet normal 0.427566 -0.903984 0
    outer loop
      vertex 16.9146 -40.8355 0
      vertex 20.8357 -38.9809 32
      vertex 16.9146 -40.8355 32
    endloop
  endfacet
  facet normal 0.427566 -0.903984 0
    outer loop
      vertex 20.8357 -38.9809 32
      vertex 16.9146 -40.8355 0
      vertex 20.8357 -38.9809 0
    endloop
  endfacet
  facet normal -0.595698 0.803209 0
    outer loop
      vertex -24.5562 36.751 0
      vertex -28.0402 34.1671 6.4
      vertex -24.5562 36.751 6.4
    endloop
  endfacet
  facet normal -0.595698 0.803209 0
    outer loop
      vertex -28.0402 34.1671 6.4
      vertex -24.5562 36.751 0
      vertex -28.0402 34.1671 0
    endloop
  endfacet
  facet normal -0.595698 0.803209 0
    outer loop
      vertex -24.5562 36.751 25.6
      vertex -28.0402 34.1671 32
      vertex -24.5562 36.751 32
    endloop
  endfacet
  facet normal -0.595698 0.803209 0
    outer loop
      vertex -28.0402 34.1671 32
      vertex -24.5562 36.751 25.6
      vertex -28.0402 34.1671 25.6
    endloop
  endfacet
  facet normal -0.595698 0.803209 0
    outer loop
      vertex -24.5562 36.751 9.6
      vertex -28.0402 34.1671 22.4
      vertex -24.5562 36.751 22.4
    endloop
  endfacet
  facet normal -0.595698 0.803209 0
    outer loop
      vertex -28.0402 34.1671 22.4
      vertex -24.5562 36.751 9.6
      vertex -28.0402 34.1671 9.6
    endloop
  endfacet
  facet normal 0.242969 0.970034 -0
    outer loop
      vertex 12.8306 42.2968 0
      vertex 8.62299 43.3507 32
      vertex 12.8306 42.2968 32
    endloop
  endfacet
  facet normal 0.242969 0.970034 0
    outer loop
      vertex 8.62299 43.3507 32
      vertex 12.8306 42.2968 0
      vertex 8.62299 43.3507 0
    endloop
  endfacet
  facet normal -0.903984 0.427566 0
    outer loop
      vertex -40.8355 16.9146 0
      vertex -38.9809 20.8357 32
      vertex -38.9809 20.8357 0
    endloop
  endfacet
  facet normal -0.903984 0.427566 0
    outer loop
      vertex -38.9809 20.8357 32
      vertex -40.8355 16.9146 0
      vertex -40.8355 16.9146 32
    endloop
  endfacet
  facet normal -0.970034 0.242969 0
    outer loop
      vertex -43.3507 8.62299 0
      vertex -42.2968 12.8306 32
      vertex -42.2968 12.8306 0
    endloop
  endfacet
  facet normal -0.970034 0.242969 0
    outer loop
      vertex -42.2968 12.8306 32
      vertex -43.3507 8.62299 0
      vertex -43.3507 8.62299 32
    endloop
  endfacet
  facet normal 0.514089 -0.857737 0
    outer loop
      vertex 20.8357 -38.9809 0
      vertex 24.5562 -36.751 32
      vertex 20.8357 -38.9809 32
    endloop
  endfacet
  facet normal 0.514089 -0.857737 0
    outer loop
      vertex 24.5562 -36.751 32
      vertex 20.8357 -38.9809 0
      vertex 24.5562 -36.751 0
    endloop
  endfacet
  facet normal 0.242977 -0.970032 0
    outer loop
      vertex 9 -43.2563 0
      vertex 12.8306 -42.2968 32
      vertex 9 -43.2563 32
    endloop
  endfacet
  facet normal 0.242977 -0.970032 0
    outer loop
      vertex 12.8306 -42.2968 32
      vertex 9 -43.2563 0
      vertex 12.8306 -42.2968 0
    endloop
  endfacet
  facet normal 0.0490596 0.998796 -0
    outer loop
      vertex 4.33236 43.9872 0
      vertex 0 44.2 32
      vertex 4.33236 43.9872 32
    endloop
  endfacet
  facet normal 0.0490596 0.998796 0
    outer loop
      vertex 0 44.2 32
      vertex 4.33236 43.9872 0
      vertex 0 44.2 0
    endloop
  endfacet
  facet normal 0.146741 0.989175 -0
    outer loop
      vertex 8.62299 43.3507 0
      vertex 4.33236 43.9872 32
      vertex 8.62299 43.3507 32
    endloop
  endfacet
  facet normal 0.146741 0.989175 0
    outer loop
      vertex 4.33236 43.9872 32
      vertex 8.62299 43.3507 0
      vertex 4.33236 43.9872 0
    endloop
  endfacet
  facet normal 0.427566 0.903984 -0
    outer loop
      vertex 20.8357 38.9809 0
      vertex 16.9146 40.8355 32
      vertex 20.8357 38.9809 32
    endloop
  endfacet
  facet normal 0.427566 0.903984 0
    outer loop
      vertex 16.9146 40.8355 32
      vertex 20.8357 38.9809 0
      vertex 16.9146 40.8355 0
    endloop
  endfacet
  facet normal -0 0 1
    outer loop
      vertex 36.9552 15.3073 32
      vertex 42.2 13.101 32
      vertex 40.8355 16.9146 32
    endloop
  endfacet
  facet normal 0 0 1
    outer loop
      vertex 42.2 13.101 32
      vertex 40 0 32
      vertex 42.2 -13.101 32
    endloop
  endfacet
  facet normal -0 0 1
    outer loop
      vertex 39.8074 -3.92068 32
      vertex 42.2 -13.101 32
      vertex 40 0 32
    endloop
  endfacet
  facet normal 0 0 1
    outer loop
      vertex 42.2 13.101 32
      vertex 39.8074 3.92068 32
      vertex 40 0 32
    endloop
  endfacet
  facet normal 0 0 1
    outer loop
      vertex 42.2 13.101 32
      vertex 39.2314 7.80361 32
      vertex 39.8074 3.92068 32
    endloop
  endfacet
  facet normal 0 0 1
    outer loop
      vertex 36.9552 15.3073 32
      vertex 40.8355 16.9146 32
      vertex 38.9809 20.8357 32
    endloop
  endfacet
  facet normal 0 0 1
    outer loop
      vertex 42.2 13.101 32
      vertex 38.2776 11.6114 32
      vertex 39.2314 7.80361 32
    endloop
  endfacet
  facet normal 0 0 1
    outer loop
      vertex 42.2 13.101 32
      vertex 36.9552 15.3073 32
      vertex 38.2776 11.6114 32
    endloop
  endfacet
  facet normal 0 0 1
    outer loop
      vertex 35.2768 18.8559 32
      vertex 38.9809 20.8357 32
      vertex 36.751 24.5562 32
    endloop
  endfacet
  facet normal 0 0 1
    outer loop
      vertex 38.9809 20.8357 32
      vertex 35.2768 18.8559 32
      vertex 36.9552 15.3073 32
    endloop
  endfacet
  facet normal 0 0 1
    outer loop
      vertex 33.2588 22.2228 32
      vertex 36.751 24.5562 32
      vertex 34.1671 28.0402 32
    endloop
  endfacet
  facet normal 0 0 1
    outer loop
      vertex 36.751 24.5562 32
      vertex 33.2588 22.2228 32
      vertex 35.2768 18.8559 32
    endloop
  endfacet
  facet normal 0 0 1
    outer loop
      vertex 30.9204 25.3757 32
      vertex 34.1671 28.0402 32
      vertex 31.2541 31.2541 32
    endloop
  endfacet
  facet normal 0 0 1
    outer loop
      vertex 34.1671 28.0402 32
      vertex 30.9204 25.3757 32
      vertex 33.2588 22.2228 32
    endloop
  endfacet
  facet normal 0 0 1
    outer loop
      vertex 31.2541 31.2541 32
      vertex 28.2843 28.2843 32
      vertex 30.9204 25.3757 32
    endloop
  endfacet
  facet normal 0 0 1
    outer loop
      vertex 28.0402 34.1671 32
      vertex 28.2843 28.2843 32
      vertex 31.2541 31.2541 32
    endloop
  endfacet
  facet normal 0 0 1
    outer loop
      vertex 28.0402 34.1671 32
      vertex 25.3757 30.9204 32
      vertex 28.2843 28.2843 32
    endloop
  endfacet
  facet normal 0 0 1
    outer loop
      vertex 24.5562 36.751 32
      vertex 25.3757 30.9204 32
      vertex 28.0402 34.1671 32
    endloop
  endfacet
  facet normal 0 0 1
    outer loop
      vertex 24.5562 36.751 32
      vertex 22.2228 33.2588 32
      vertex 25.3757 30.9204 32
    endloop
  endfacet
  facet normal 0 0 1
    outer loop
      vertex 20.8357 38.9809 32
      vertex 22.2228 33.2588 32
      vertex 24.5562 36.751 32
    endloop
  endfacet
  facet normal 0 0 1
    outer loop
      vertex 20.8357 38.9809 32
      vertex 18.8559 35.2768 32
      vertex 22.2228 33.2588 32
    endloop
  endfacet
  facet normal 0 0 1
    outer loop
      vertex 16.9146 40.8355 32
      vertex 18.8559 35.2768 32
      vertex 20.8357 38.9809 32
    endloop
  endfacet
  facet normal 0 0 1
    outer loop
      vertex 16.9146 40.8355 32
      vertex 15.3073 36.9552 32
      vertex 18.8559 35.2768 32
    endloop
  endfacet
  facet normal 0 0 1
    outer loop
      vertex 12.8306 42.2968 32
      vertex 15.3073 36.9552 32
      vertex 16.9146 40.8355 32
    endloop
  endfacet
  facet normal 0 0 1
    outer loop
      vertex 12.8306 42.2968 32
      vertex 11.6114 38.2776 32
      vertex 15.3073 36.9552 32
    endloop
  endfacet
  facet normal 0 0 1
    outer loop
      vertex 8.62299 43.3507 32
      vertex 11.6114 38.2776 32
      vertex 12.8306 42.2968 32
    endloop
  endfacet
  facet normal 0 0 1
    outer loop
      vertex 8.62299 43.3507 32
      vertex 7.80361 39.2314 32
      vertex 11.6114 38.2776 32
    endloop
  endfacet
  facet normal 0 0 1
    outer loop
      vertex 4.33236 43.9872 32
      vertex 7.80361 39.2314 32
      vertex 8.62299 43.3507 32
    endloop
  endfacet
  facet normal 0 0 1
    outer loop
      vertex 4.33236 43.9872 32
      vertex 3.92068 39.8074 32
      vertex 7.80361 39.2314 32
    endloop
  endfacet
  facet normal 0 0 1
    outer loop
      vertex 0 44.2 32
      vertex 3.92068 39.8074 32
      vertex 4.33236 43.9872 32
    endloop
  endfacet
  facet normal 0 0 1
    outer loop
      vertex 0 44.2 32
      vertex 0 40 32
      vertex 3.92068 39.8074 32
    endloop
  endfacet
  facet normal 0 0 1
    outer loop
      vertex 0 44.2 32
      vertex -3.92068 39.8074 32
      vertex 0 40 32
    endloop
  endfacet
  facet normal -0 0 1
    outer loop
      vertex -4.33236 43.9872 32
      vertex -3.92068 39.8074 32
      vertex 0 44.2 32
    endloop
  endfacet
  facet normal 0 0 1
    outer loop
      vertex -4.33236 43.9872 32
      vertex -7.80361 39.2314 32
      vertex -3.92068 39.8074 32
    endloop
  endfacet
  facet normal -0 0 1
    outer loop
      vertex -8.62299 43.3507 32
      vertex -7.80361 39.2314 32
      vertex -4.33236 43.9872 32
    endloop
  endfacet
  facet normal 0 0 1
    outer loop
      vertex -8.62299 43.3507 32
      vertex -11.6114 38.2776 32
      vertex -7.80361 39.2314 32
    endloop
  endfacet
  facet normal -0 0 1
    outer loop
      vertex -12.8306 42.2968 32
      vertex -11.6114 38.2776 32
      vertex -8.62299 43.3507 32
    endloop
  endfacet
  facet normal 0 0 1
    outer loop
      vertex -12.8306 42.2968 32
      vertex -15.3073 36.9552 32
      vertex -11.6114 38.2776 32
    endloop
  endfacet
  facet normal -0 0 1
    outer loop
      vertex -16.9146 40.8355 32
      vertex -15.3073 36.9552 32
      vertex -12.8306 42.2968 32
    endloop
  endfacet
  facet normal 0 0 1
    outer loop
      vertex -16.9146 40.8355 32
      vertex -18.8559 35.2768 32
      vertex -15.3073 36.9552 32
    endloop
  endfacet
  facet normal -0 0 1
    outer loop
      vertex -20.8357 38.9809 32
      vertex -18.8559 35.2768 32
      vertex -16.9146 40.8355 32
    endloop
  endfacet
  facet normal 0 0 1
    outer loop
      vertex -20.8357 38.9809 32
      vertex -22.2228 33.2588 32
      vertex -18.8559 35.2768 32
    endloop
  endfacet
  facet normal -0 0 1
    outer loop
      vertex -24.5562 36.751 32
      vertex -22.2228 33.2588 32
      vertex -20.8357 38.9809 32
    endloop
  endfacet
  facet normal 0 0 1
    outer loop
      vertex -24.5562 36.751 32
      vertex -25.3757 30.9204 32
      vertex -22.2228 33.2588 32
    endloop
  endfacet
  facet normal -0 0 1
    outer loop
      vertex -28.0402 34.1671 32
      vertex -25.3757 30.9204 32
      vertex -24.5562 36.751 32
    endloop
  endfacet
  facet normal 0 0 1
    outer loop
      vertex -28.0402 34.1671 32
      vertex -28.2843 28.2843 32
      vertex -25.3757 30.9204 32
    endloop
  endfacet
  facet normal -0 0 1
    outer loop
      vertex -31.2541 31.2541 32
      vertex -28.2843 28.2843 32
      vertex -28.0402 34.1671 32
    endloop
  endfacet
  facet normal 0 0 1
    outer loop
      vertex -28.2843 28.2843 32
      vertex -31.2541 31.2541 32
      vertex -30.9204 25.3757 32
    endloop
  endfacet
  facet normal -0 0 1
    outer loop
      vertex -34.1671 28.0402 32
      vertex -30.9204 25.3757 32
      vertex -31.2541 31.2541 32
    endloop
  endfacet
  facet normal 0 0 1
    outer loop
      vertex -30.9204 25.3757 32
      vertex -34.1671 28.0402 32
      vertex -33.2588 22.2228 32
    endloop
  endfacet
  facet normal -0 0 1
    outer loop
      vertex -36.751 24.5562 32
      vertex -33.2588 22.2228 32
      vertex -34.1671 28.0402 32
    endloop
  endfacet
  facet normal 0 0 1
    outer loop
      vertex -33.2588 22.2228 32
      vertex -36.751 24.5562 32
      vertex -35.2768 18.8559 32
    endloop
  endfacet
  facet normal -0 0 1
    outer loop
      vertex -38.9809 20.8357 32
      vertex -35.2768 18.8559 32
      vertex -36.751 24.5562 32
    endloop
  endfacet
  facet normal 0 0 1
    outer loop
      vertex -35.2768 18.8559 32
      vertex -38.9809 20.8357 32
      vertex -36.9552 15.3073 32
    endloop
  endfacet
  facet normal -0 0 1
    outer loop
      vertex -40.8355 16.9146 32
      vertex -36.9552 15.3073 32
      vertex -38.9809 20.8357 32
    endloop
  endfacet
  facet normal 0 0 1
    outer loop
      vertex -36.9552 15.3073 32
      vertex -40.8355 16.9146 32
      vertex -38.2776 11.6114 32
    endloop
  endfacet
  facet normal -0 0 1
    outer loop
      vertex -42.2968 12.8306 32
      vertex -38.2776 11.6114 32
      vertex -40.8355 16.9146 32
    endloop
  endfacet
  facet normal 0 0 1
    outer loop
      vertex -38.2776 11.6114 32
      vertex -42.2968 12.8306 32
      vertex -39.2314 7.80361 32
    endloop
  endfacet
  facet normal -0 0 1
    outer loop
      vertex -43.3507 8.62299 32
      vertex -39.2314 7.80361 32
      vertex -42.2968 12.8306 32
    endloop
  endfacet
  facet normal -0 0 1
    outer loop
      vertex 39.2314 -7.80361 32
      vertex 42.2 -13.101 32
      vertex 39.8074 -3.92068 32
    endloop
  endfacet
  facet normal -0 0 1
    outer loop
      vertex 38.2776 -11.6114 32
      vertex 42.2 -13.101 32
      vertex 39.2314 -7.80361 32
    endloop
  endfacet
  facet normal 0 0 1
    outer loop
      vertex 36.9552 -15.3073 32
      vertex 42.2 -13.101 32
      vertex 38.2776 -11.6114 32
    endloop
  endfacet
  facet normal 0 0 1
    outer loop
      vertex 42.2 -13.101 32
      vertex 36.9552 -15.3073 32
      vertex 40.8355 -16.9146 32
    endloop
  endfacet
  facet normal 0 0 1
    outer loop
      vertex 40.8355 -16.9146 32
      vertex 36.9552 -15.3073 32
      vertex 38.9809 -20.8357 32
    endloop
  endfacet
  facet normal -0 0 1
    outer loop
      vertex 35.2768 -18.8559 32
      vertex 38.9809 -20.8357 32
      vertex 36.9552 -15.3073 32
    endloop
  endfacet
  facet normal 0 0 1
    outer loop
      vertex 38.9809 -20.8357 32
      vertex 35.2768 -18.8559 32
      vertex 36.751 -24.5562 32
    endloop
  endfacet
  facet normal -0 0 1
    outer loop
      vertex 33.2588 -22.2228 32
      vertex 36.751 -24.5562 32
      vertex 35.2768 -18.8559 32
    endloop
  endfacet
  facet normal 0 0 1
    outer loop
      vertex 36.751 -24.5562 32
      vertex 33.2588 -22.2228 32
      vertex 34.1671 -28.0402 32
    endloop
  endfacet
  facet normal -0 0 1
    outer loop
      vertex 30.9204 -25.3757 32
      vertex 34.1671 -28.0402 32
      vertex 33.2588 -22.2228 32
    endloop
  endfacet
  facet normal 0 0 1
    outer loop
      vertex 34.1671 -28.0402 32
      vertex 30.9204 -25.3757 32
      vertex 31.2541 -31.2541 32
    endloop
  endfacet
  facet normal -0 0 1
    outer loop
      vertex 28.2843 -28.2843 32
      vertex 31.2541 -31.2541 32
      vertex 30.9204 -25.3757 32
    endloop
  endfacet
  facet normal 0 0 1
    outer loop
      vertex 28.2843 -28.2843 32
      vertex 28.0402 -34.1671 32
      vertex 31.2541 -31.2541 32
    endloop
  endfacet
  facet normal -0 0 1
    outer loop
      vertex 25.3757 -30.9204 32
      vertex 28.0402 -34.1671 32
      vertex 28.2843 -28.2843 32
    endloop
  endfacet
  facet normal 0 0 1
    outer loop
      vertex 25.3757 -30.9204 32
      vertex 24.5562 -36.751 32
      vertex 28.0402 -34.1671 32
    endloop
  endfacet
  facet normal -0 0 1
    outer loop
      vertex 22.2228 -33.2588 32
      vertex 24.5562 -36.751 32
      vertex 25.3757 -30.9204 32
    endloop
  endfacet
  facet normal 0 0 1
    outer loop
      vertex 22.2228 -33.2588 32
      vertex 20.8357 -38.9809 32
      vertex 24.5562 -36.751 32
    endloop
  endfacet
  facet normal -0 0 1
    outer loop
      vertex 18.8559 -35.2768 32
      vertex 20.8357 -38.9809 32
      vertex 22.2228 -33.2588 32
    endloop
  endfacet
  facet normal 0 0 1
    outer loop
      vertex 18.8559 -35.2768 32
      vertex 16.9146 -40.8355 32
      vertex 20.8357 -38.9809 32
    endloop
  endfacet
  facet normal -0 0 1
    outer loop
      vertex 15.3073 -36.9552 32
      vertex 16.9146 -40.8355 32
      vertex 18.8559 -35.2768 32
    endloop
  endfacet
  facet normal 0 0 1
    outer loop
      vertex 15.3073 -36.9552 32
      vertex 12.8306 -42.2968 32
      vertex 16.9146 -40.8355 32
    endloop
  endfacet
  facet normal -0 0 1
    outer loop
      vertex 11.6114 -38.2776 32
      vertex 12.8306 -42.2968 32
      vertex 15.3073 -36.9552 32
    endloop
  endfacet
  facet normal -0 0 1
    outer loop
      vertex 9 -38.9317 32
      vertex 12.8306 -42.2968 32
      vertex 11.6114 -38.2776 32
    endloop
  endfacet
  facet normal 0 0 1
    outer loop
      vertex 12.8306 -42.2968 32
      vertex 9 -38.9317 32
      vertex 9 -43.2563 32
    endloop
  endfacet
  facet normal 0 0 1
    outer loop
      vertex 58.2 14 32
      vertex 46.05 10.15 32
      vertex 58.2 10.15 32
    endloop
  endfacet
  facet normal -0 0 1
    outer loop
      vertex 42.2 13.101 32
      vertex 46.05 10.15 32
      vertex 42.2 14 32
    endloop
  endfacet
  facet normal -0 0 1
    outer loop
      vertex 42.2 14 32
      vertex 46.05 10.15 32
      vertex 58.2 14 32
    endloop
  endfacet
  facet normal -0 0 1
    outer loop
      vertex 46.05 -10.15 32
      vertex 58.2 -14 32
      vertex 58.2 -10.15 32
    endloop
  endfacet
  facet normal 0 0 1
    outer loop
      vertex 46.05 10.15 32
      vertex 42.2 13.101 32
      vertex 46.05 -10.15 32
    endloop
  endfacet
  facet normal 0 0 1
    outer loop
      vertex 42.2 -13.101 32
      vertex 46.05 -10.15 32
      vertex 42.2 13.101 32
    endloop
  endfacet
  facet normal 0 0 1
    outer loop
      vertex 42.2 -14 32
      vertex 46.05 -10.15 32
      vertex 42.2 -13.101 32
    endloop
  endfacet
  facet normal 0 0 1
    outer loop
      vertex 46.05 -10.15 32
      vertex 42.2 -14 32
      vertex 58.2 -14 32
    endloop
  endfacet
  facet normal 0 0 1
    outer loop
      vertex -12.8306 -42.2968 32
      vertex -9 -38.9317 32
      vertex -11.6114 -38.2776 32
    endloop
  endfacet
  facet normal 0 0 1
    outer loop
      vertex -9 -38.9317 32
      vertex -12.8306 -42.2968 32
      vertex -9 -43.2563 32
    endloop
  endfacet
  facet normal 0 0 1
    outer loop
      vertex -15.3073 -36.9552 32
      vertex -12.8306 -42.2968 32
      vertex -11.6114 -38.2776 32
    endloop
  endfacet
  facet normal 0 0 1
    outer loop
      vertex -15.3073 -36.9552 32
      vertex -16.9146 -40.8355 32
      vertex -12.8306 -42.2968 32
    endloop
  endfacet
  facet normal 0 0 1
    outer loop
      vertex -18.8559 -35.2768 32
      vertex -16.9146 -40.8355 32
      vertex -15.3073 -36.9552 32
    endloop
  endfacet
  facet normal 0 0 1
    outer loop
      vertex -18.8559 -35.2768 32
      vertex -20.8357 -38.9809 32
      vertex -16.9146 -40.8355 32
    endloop
  endfacet
  facet normal 0 0 1
    outer loop
      vertex -22.2228 -33.2588 32
      vertex -20.8357 -38.9809 32
      vertex -18.8559 -35.2768 32
    endloop
  endfacet
  facet normal 0 0 1
    outer loop
      vertex -22.2228 -33.2588 32
      vertex -24.5562 -36.751 32
      vertex -20.8357 -38.9809 32
    endloop
  endfacet
  facet normal 0 0 1
    outer loop
      vertex -25.3757 -30.9204 32
      vertex -24.5562 -36.751 32
      vertex -22.2228 -33.2588 32
    endloop
  endfacet
  facet normal 0 0 1
    outer loop
      vertex -25.3757 -30.9204 32
      vertex -28.0402 -34.1671 32
      vertex -24.5562 -36.751 32
    endloop
  endfacet
  facet normal 0 0 1
    outer loop
      vertex -28.2843 -28.2843 32
      vertex -28.0402 -34.1671 32
      vertex -25.3757 -30.9204 32
    endloop
  endfacet
  facet normal 0 0 1
    outer loop
      vertex -31.2541 -31.2541 32
      vertex -28.2843 -28.2843 32
      vertex -30.9204 -25.3757 32
    endloop
  endfacet
  facet normal 0 0 1
    outer loop
      vertex -28.2843 -28.2843 32
      vertex -31.2541 -31.2541 32
      vertex -28.0402 -34.1671 32
    endloop
  endfacet
  facet normal 0 0 1
    outer loop
      vertex -34.1671 -28.0402 32
      vertex -30.9204 -25.3757 32
      vertex -33.2588 -22.2228 32
    endloop
  endfacet
  facet normal 0 0 1
    outer loop
      vertex -30.9204 -25.3757 32
      vertex -34.1671 -28.0402 32
      vertex -31.2541 -31.2541 32
    endloop
  endfacet
  facet normal 0 0 1
    outer loop
      vertex -36.751 -24.5562 32
      vertex -33.2588 -22.2228 32
      vertex -35.2768 -18.8559 32
    endloop
  endfacet
  facet normal 0 0 1
    outer loop
      vertex -33.2588 -22.2228 32
      vertex -36.751 -24.5562 32
      vertex -34.1671 -28.0402 32
    endloop
  endfacet
  facet normal 0 0 1
    outer loop
      vertex -38.9809 -20.8357 32
      vertex -35.2768 -18.8559 32
      vertex -36.9552 -15.3073 32
    endloop
  endfacet
  facet normal 0 0 1
    outer loop
      vertex -40.8355 -16.9146 32
      vertex -36.9552 -15.3073 32
      vertex -38.2776 -11.6114 32
    endloop
  endfacet
  facet normal 0 0 1
    outer loop
      vertex -35.2768 -18.8559 32
      vertex -38.9809 -20.8357 32
      vertex -36.751 -24.5562 32
    endloop
  endfacet
  facet normal 0 0 1
    outer loop
      vertex -42.2968 -12.8306 32
      vertex -38.2776 -11.6114 32
      vertex -39.2314 -7.80361 32
    endloop
  endfacet
  facet normal 0 0 1
    outer loop
      vertex -43.3507 -8.62299 32
      vertex -39.2314 -7.80361 32
      vertex -39.8074 -3.92068 32
    endloop
  endfacet
  facet normal 0 0 1
    outer loop
      vertex -43.9872 -4.33236 32
      vertex -39.8074 -3.92068 32
      vertex -40 0 32
    endloop
  endfacet
  facet normal 0 0 1
    outer loop
      vertex -39.2314 7.80361 32
      vertex -43.3507 8.62299 32
      vertex -39.8074 3.92068 32
    endloop
  endfacet
  facet normal 0 0 1
    outer loop
      vertex -36.9552 -15.3073 32
      vertex -40.8355 -16.9146 32
      vertex -38.9809 -20.8357 32
    endloop
  endfacet
  facet normal -0 0 1
    outer loop
      vertex -43.9872 4.33236 32
      vertex -39.8074 3.92068 32
      vertex -43.3507 8.62299 32
    endloop
  endfacet
  facet normal 0 0 1
    outer loop
      vertex -38.2776 -11.6114 32
      vertex -42.2968 -12.8306 32
      vertex -40.8355 -16.9146 32
    endloop
  endfacet
  facet normal 0 0 1
    outer loop
      vertex -39.8074 3.92068 32
      vertex -43.9872 4.33236 32
      vertex -40 0 32
    endloop
  endfacet
  facet normal 0 0 1
    outer loop
      vertex -39.2314 -7.80361 32
      vertex -43.3507 -8.62299 32
      vertex -42.2968 -12.8306 32
    endloop
  endfacet
  facet normal 0 0 1
    outer loop
      vertex -44.2 0 32
      vertex -40 0 32
      vertex -43.9872 4.33236 32
    endloop
  endfacet
  facet normal 0 0 1
    outer loop
      vertex -39.8074 -3.92068 32
      vertex -43.9872 -4.33236 32
      vertex -43.3507 -8.62299 32
    endloop
  endfacet
  facet normal 0 0 1
    outer loop
      vertex -40 0 32
      vertex -44.2 0 32
      vertex -43.9872 -4.33236 32
    endloop
  endfacet
  facet normal 0.803209 -0.595698 0
    outer loop
      vertex 34.1671 -28.0402 32
      vertex 36.751 -24.5562 0
      vertex 36.751 -24.5562 32
    endloop
  endfacet
  facet normal 0.803209 -0.595698 0
    outer loop
      vertex 36.751 -24.5562 0
      vertex 34.1671 -28.0402 32
      vertex 34.1671 -28.0402 0
    endloop
  endfacet
  facet normal -0.740941 -0.67157 0
    outer loop
      vertex -31.2541 -31.2541 0
      vertex -34.1671 -28.0402 32
      vertex -34.1671 -28.0402 0
    endloop
  endfacet
  facet normal -0.740941 -0.67157 0
    outer loop
      vertex -34.1671 -28.0402 32
      vertex -31.2541 -31.2541 0
      vertex -31.2541 -31.2541 32
    endloop
  endfacet
  facet normal -0.514089 0.857737 5.72396e-07
    outer loop
      vertex -20.8357 38.9809 32
      vertex -22.4723 38 25.6
      vertex -24.5562 36.751 32
    endloop
  endfacet
  facet normal -0.514087 0.857738 0
    outer loop
      vertex -20.8357 38.9809 32
      vertex -22.4723 38 22.4
      vertex -22.4723 38 25.6
    endloop
  endfacet
  facet normal -0.51409 0.857736 0
    outer loop
      vertex -22.4723 38 22.4
      vertex -22.4723 38 9.6
      vertex -24.5562 36.751 22.4
    endloop
  endfacet
  facet normal -0.514087 0.857738 0
    outer loop
      vertex -20.8357 38.9809 32
      vertex -22.4723 38 9.6
      vertex -22.4723 38 22.4
    endloop
  endfacet
  facet normal -0.514087 0.857738 0
    outer loop
      vertex -20.8357 38.9809 0
      vertex -22.4723 38 9.6
      vertex -20.8357 38.9809 32
    endloop
  endfacet
  facet normal -0.514087 0.857738 0
    outer loop
      vertex -22.4723 38 9.6
      vertex -20.8357 38.9809 0
      vertex -22.4723 38 6.4
    endloop
  endfacet
  facet normal -0.514089 0.857737 -5.72396e-07
    outer loop
      vertex -24.5562 36.751 0
      vertex -22.4723 38 6.4
      vertex -20.8357 38.9809 0
    endloop
  endfacet
  facet normal -0.51409 0.857736 0
    outer loop
      vertex -22.4723 38 6.4
      vertex -24.5562 36.751 0
      vertex -24.5562 36.751 6.4
    endloop
  endfacet
  facet normal -0.51409 0.857736 0
    outer loop
      vertex -24.5562 36.751 32
      vertex -22.4723 38 25.6
      vertex -24.5562 36.751 25.6
    endloop
  endfacet
  facet normal -0.51409 0.857736 0
    outer loop
      vertex -24.5562 36.751 22.4
      vertex -22.4723 38 9.6
      vertex -24.5562 36.751 9.6
    endloop
  endfacet
  facet normal 0.595698 -0.803209 0
    outer loop
      vertex 24.5562 -36.751 0
      vertex 28.0402 -34.1671 32
      vertex 24.5562 -36.751 32
    endloop
  endfacet
  facet normal 0.595698 -0.803209 0
    outer loop
      vertex 28.0402 -34.1671 32
      vertex 24.5562 -36.751 0
      vertex 28.0402 -34.1671 0
    endloop
  endfacet
  facet normal 0.595698 0.803209 -0
    outer loop
      vertex 28.0402 34.1671 0
      vertex 24.5562 36.751 32
      vertex 28.0402 34.1671 32
    endloop
  endfacet
  facet normal 0.595698 0.803209 0
    outer loop
      vertex 24.5562 36.751 32
      vertex 28.0402 34.1671 0
      vertex 24.5562 36.751 0
    endloop
  endfacet
  facet normal -0.989175 0.146741 0
    outer loop
      vertex -43.9872 4.33236 0
      vertex -43.3507 8.62299 32
      vertex -43.3507 8.62299 0
    endloop
  endfacet
  facet normal -0.989175 0.146741 0
    outer loop
      vertex -43.3507 8.62299 32
      vertex -43.9872 4.33236 0
      vertex -43.9872 4.33236 32
    endloop
  endfacet
  facet normal -0.857737 0.514089 0
    outer loop
      vertex -38.9809 20.8357 0
      vertex -36.751 24.5562 32
      vertex -36.751 24.5562 0
    endloop
  endfacet
  facet normal -0.857737 0.514089 0
    outer loop
      vertex -36.751 24.5562 32
      vertex -38.9809 20.8357 0
      vertex -38.9809 20.8357 32
    endloop
  endfacet
  facet normal -0.941542 -0.336894 0
    outer loop
      vertex -40.8355 -16.9146 0
      vertex -42.2968 -12.8306 32
      vertex -42.2968 -12.8306 0
    endloop
  endfacet
  facet normal -0.941542 -0.336894 0
    outer loop
      vertex -42.2968 -12.8306 32
      vertex -40.8355 -16.9146 0
      vertex -40.8355 -16.9146 32
    endloop
  endfacet
  facet normal -0.146741 0.989175 0
    outer loop
      vertex -4.33236 43.9872 0
      vertex -8.62299 43.3507 32
      vertex -4.33236 43.9872 32
    endloop
  endfacet
  facet normal -0.146741 0.989175 0
    outer loop
      vertex -8.62299 43.3507 32
      vertex -4.33236 43.9872 0
      vertex -8.62299 43.3507 0
    endloop
  endfacet
  facet normal 0.803209 0.595698 0
    outer loop
      vertex 36.751 24.5562 32
      vertex 34.1671 28.0402 0
      vertex 34.1671 28.0402 32
    endloop
  endfacet
  facet normal 0.803209 0.595698 0
    outer loop
      vertex 34.1671 28.0402 0
      vertex 36.751 24.5562 32
      vertex 36.751 24.5562 0
    endloop
  endfacet
  facet normal -0.970034 -0.242969 0
    outer loop
      vertex -42.2968 -12.8306 0
      vertex -43.3507 -8.62299 32
      vertex -43.3507 -8.62299 0
    endloop
  endfacet
  facet normal -0.970034 -0.242969 0
    outer loop
      vertex -43.3507 -8.62299 32
      vertex -42.2968 -12.8306 0
      vertex -42.2968 -12.8306 32
    endloop
  endfacet
  facet normal -0.998796 -0.0490596 0
    outer loop
      vertex -43.9872 -4.33236 0
      vertex -44.2 0 32
      vertex -44.2 0 0
    endloop
  endfacet
  facet normal -0.998796 -0.0490596 0
    outer loop
      vertex -44.2 0 32
      vertex -43.9872 -4.33236 0
      vertex -43.9872 -4.33236 32
    endloop
  endfacet
  facet normal 0.514089 0.857737 -0
    outer loop
      vertex 24.5562 36.751 0
      vertex 20.8357 38.9809 32
      vertex 24.5562 36.751 32
    endloop
  endfacet
  facet normal 0.514089 0.857737 0
    outer loop
      vertex 20.8357 38.9809 32
      vertex 24.5562 36.751 0
      vertex 20.8357 38.9809 0
    endloop
  endfacet
  facet normal 0.903984 -0.427566 0
    outer loop
      vertex 38.9809 -20.8357 32
      vertex 40.8355 -16.9146 0
      vertex 40.8355 -16.9146 32
    endloop
  endfacet
  facet normal 0.903984 -0.427566 0
    outer loop
      vertex 40.8355 -16.9146 0
      vertex 38.9809 -20.8357 32
      vertex 38.9809 -20.8357 0
    endloop
  endfacet
  facet normal 0.857737 0.514089 0
    outer loop
      vertex 38.9809 20.8357 32
      vertex 36.751 24.5562 0
      vertex 36.751 24.5562 32
    endloop
  endfacet
  facet normal 0.857737 0.514089 0
    outer loop
      vertex 36.751 24.5562 0
      vertex 38.9809 20.8357 32
      vertex 38.9809 20.8357 0
    endloop
  endfacet
  facet normal 0.740941 0.67157 0
    outer loop
      vertex 34.1671 28.0402 32
      vertex 31.2541 31.2541 0
      vertex 31.2541 31.2541 32
    endloop
  endfacet
  facet normal 0.740941 0.67157 0
    outer loop
      vertex 31.2541 31.2541 0
      vertex 34.1671 28.0402 32
      vertex 34.1671 28.0402 0
    endloop
  endfacet
  facet normal -0.0490596 0.998796 0
    outer loop
      vertex 0 44.2 0
      vertex -4.33236 43.9872 32
      vertex 0 44.2 32
    endloop
  endfacet
  facet normal -0.0490596 0.998796 0
    outer loop
      vertex -4.33236 43.9872 32
      vertex 0 44.2 0
      vertex -4.33236 43.9872 0
    endloop
  endfacet
  facet normal -0.740987 0.671519 0
    outer loop
      vertex -31.2541 31.2541 0
      vertex -31.3121 31.1901 6.43074
      vertex -31.2541 31.2541 6.42214
    endloop
  endfacet
  facet normal -0.740856 0.671663 2.61018e-06
    outer loop
      vertex -31.2541 31.2541 0
      vertex -31.4645 31.022 6.46889
      vertex -31.3121 31.1901 6.43074
    endloop
  endfacet
  facet normal -0.74101 0.671495 -8.42769e-06
    outer loop
      vertex -31.2541 31.2541 0
      vertex -31.6123 30.8589 6.52179
      vertex -31.4645 31.022 6.46889
    endloop
  endfacet
  facet normal -0.740941 0.67157 -4.87824e-08
    outer loop
      vertex -34.1671 28.0402 0
      vertex -31.6123 30.8589 6.52179
      vertex -31.2541 31.2541 0
    endloop
  endfacet
  facet normal -0.741017 0.671486 6.62016e-05
    outer loop
      vertex -31.6123 30.8589 6.52179
      vertex -34.1671 28.0402 0
      vertex -31.7542 30.7023 6.58893
    endloop
  endfacet
  facet normal -0.740914 0.6716 -1.73314e-05
    outer loop
      vertex -31.7542 30.7023 6.58893
      vertex -34.1671 28.0402 0
      vertex -31.8889 30.5537 6.66965
    endloop
  endfacet
  facet normal -0.740891 0.671625 -3.48707e-05
    outer loop
      vertex -31.8889 30.5537 6.66965
      vertex -34.1671 28.0402 0
      vertex -32.015 30.4146 6.76318
    endloop
  endfacet
  facet normal -0.740893 0.671623 -3.34562e-05
    outer loop
      vertex -32.015 30.4146 6.76318
      vertex -34.1671 28.0402 0
      vertex -32.1314 30.2862 6.86863
    endloop
  endfacet
  facet normal -0.740969 0.671539 1.64322e-05
    outer loop
      vertex -32.1314 30.2862 6.86863
      vertex -34.1671 28.0402 0
      vertex -32.2368 30.1699 6.98497
    endloop
  endfacet
  facet normal -0.74078 0.671748 -9.95446e-05
    outer loop
      vertex -32.2368 30.1699 6.98497
      vertex -34.1671 28.0402 0
      vertex -32.3304 30.0667 7.11109
    endloop
  endfacet
  facet normal -0.741112 0.671381 9.10911e-05
    outer loop
      vertex -32.3304 30.0667 7.11109
      vertex -34.1671 28.0402 0
      vertex -32.4111 29.9776 7.24576
    endloop
  endfacet
  facet normal -0.741147 0.671343 0.000109594
    outer loop
      vertex -32.4111 29.9776 7.24576
      vertex -34.1671 28.0402 0
      vertex -32.4782 29.9035 7.38771
    endloop
  endfacet
  facet normal -0.740712 0.671823 -0.000110873
    outer loop
      vertex -32.4782 29.9035 7.38771
      vertex -34.1671 28.0402 0
      vertex -32.5311 29.8452 7.53554
    endloop
  endfacet
  facet normal -0.740947 0.671564 0
    outer loop
      vertex -34.1671 28.0402 32
      vertex -32.5923 29.7777 23.8432
      vertex -34.1671 28.0402 0
    endloop
  endfacet
  facet normal -0.740981 0.671526 1.54026e-05
    outer loop
      vertex -32.5923 29.7777 7.84317
      vertex -34.1671 28.0402 0
      vertex -32.6 29.7692 8
    endloop
  endfacet
  facet normal -0.741079 0.671418 5.91176e-05
    outer loop
      vertex -32.5693 29.8031 7.68785
      vertex -34.1671 28.0402 0
      vertex -32.5923 29.7777 7.84317
    endloop
  endfacet
  facet normal -0.740746 0.671785 -9.43186e-05
    outer loop
      vertex -32.5311 29.8452 7.53554
      vertex -34.1671 28.0402 0
      vertex -32.5693 29.8031 7.68785
    endloop
  endfacet
  facet normal -0.740987 0.671519 0
    outer loop
      vertex -31.3121 31.1901 9.56926
      vertex -31.2541 31.2541 22.4221
      vertex -31.2541 31.2541 9.57786
    endloop
  endfacet
  facet normal -0.740987 0.671519 0
    outer loop
      vertex -31.3121 31.1901 9.56926
      vertex -31.3121 31.1901 22.4307
      vertex -31.2541 31.2541 22.4221
    endloop
  endfacet
  facet normal -0.740857 0.671663 0
    outer loop
      vertex -31.4645 31.022 9.5311
      vertex -31.3121 31.1901 22.4307
      vertex -31.3121 31.1901 9.56926
    endloop
  endfacet
  facet normal -0.740857 0.671663 0
    outer loop
      vertex -31.4645 31.022 9.5311
      vertex -31.4645 31.022 22.4689
      vertex -31.3121 31.1901 22.4307
    endloop
  endfacet
  facet normal -0.741008 0.671496 0
    outer loop
      vertex -31.6123 30.8589 9.47821
      vertex -31.4645 31.022 22.4689
      vertex -31.4645 31.022 9.5311
    endloop
  endfacet
  facet normal -0.741008 0.671496 0
    outer loop
      vertex -31.6123 30.8589 9.47821
      vertex -31.6123 30.8589 22.5218
      vertex -31.4645 31.022 22.4689
    endloop
  endfacet
  facet normal -0.741031 0.671471 0
    outer loop
      vertex -31.7542 30.7023 9.41107
      vertex -31.6123 30.8589 22.5218
      vertex -31.6123 30.8589 9.47821
    endloop
  endfacet
  facet normal -0.741031 0.671471 0
    outer loop
      vertex -31.7542 30.7023 9.41107
      vertex -31.7542 30.7023 22.5889
      vertex -31.6123 30.8589 22.5218
    endloop
  endfacet
  facet normal -0.740909 0.671605 0
    outer loop
      vertex -31.8889 30.5537 9.33035
      vertex -31.7542 30.7023 22.5889
      vertex -31.7542 30.7023 9.41107
    endloop
  endfacet
  facet normal -0.740909 0.671605 0
    outer loop
      vertex -31.8889 30.5537 9.33035
      vertex -31.8889 30.5537 22.6696
      vertex -31.7542 30.7023 22.5889
    endloop
  endfacet
  facet normal -0.740879 0.671638 0
    outer loop
      vertex -32.015 30.4146 9.23682
      vertex -31.8889 30.5537 22.6696
      vertex -31.8889 30.5537 9.33035
    endloop
  endfacet
  facet normal -0.740879 0.671638 0
    outer loop
      vertex -32.015 30.4146 9.23682
      vertex -32.015 30.4146 22.7632
      vertex -31.8889 30.5537 22.6696
    endloop
  endfacet
  facet normal -0.740879 0.671638 0
    outer loop
      vertex -32.1314 30.2862 9.13137
      vertex -32.015 30.4146 22.7632
      vertex -32.015 30.4146 9.23682
    endloop
  endfacet
  facet normal -0.740879 0.671638 0
    outer loop
      vertex -32.1314 30.2862 9.13137
      vertex -32.1314 30.2862 22.8686
      vertex -32.015 30.4146 22.7632
    endloop
  endfacet
  facet normal -0.740977 0.67153 0
    outer loop
      vertex -32.2368 30.1699 9.01503
      vertex -32.1314 30.2862 22.8686
      vertex -32.1314 30.2862 9.13137
    endloop
  endfacet
  facet normal -0.740977 0.67153 0
    outer loop
      vertex -32.2368 30.1699 9.01503
      vertex -32.2368 30.1699 22.985
      vertex -32.1314 30.2862 22.8686
    endloop
  endfacet
  facet normal -0.740719 0.671815 0
    outer loop
      vertex -32.3304 30.0667 8.88891
      vertex -32.2368 30.1699 22.985
      vertex -32.2368 30.1699 9.01503
    endloop
  endfacet
  facet normal -0.740719 0.671815 0
    outer loop
      vertex -32.3304 30.0667 8.88891
      vertex -32.3304 30.0667 23.1111
      vertex -32.2368 30.1699 22.985
    endloop
  endfacet
  facet normal -0.741181 0.671305 0
    outer loop
      vertex -32.4111 29.9776 8.75423
      vertex -32.3304 30.0667 23.1111
      vertex -32.3304 30.0667 8.88891
    endloop
  endfacet
  facet normal -0.741181 0.671305 0
    outer loop
      vertex -32.4111 29.9776 8.75423
      vertex -32.4111 29.9776 23.2458
      vertex -32.3304 30.0667 23.1111
    endloop
  endfacet
  facet normal -0.741251 0.671228 0
    outer loop
      vertex -32.4782 29.9035 8.61229
      vertex -32.4111 29.9776 23.2458
      vertex -32.4111 29.9776 8.75423
    endloop
  endfacet
  facet normal -0.741251 0.671228 0
    outer loop
      vertex -32.4782 29.9035 8.61229
      vertex -32.4782 29.9035 23.3877
      vertex -32.4111 29.9776 23.2458
    endloop
  endfacet
  facet normal -0.740572 0.671977 0
    outer loop
      vertex -32.5311 29.8452 8.46445
      vertex -32.4782 29.9035 23.3877
      vertex -32.4782 29.9035 8.61229
    endloop
  endfacet
  facet normal -0.740572 0.671977 0
    outer loop
      vertex -32.5311 29.8452 8.46445
      vertex -32.5311 29.8452 23.5355
      vertex -32.4782 29.9035 23.3877
    endloop
  endfacet
  facet normal -0.740577 0.671972 0
    outer loop
      vertex -32.5693 29.8031 8.31214
      vertex -32.5311 29.8452 23.5355
      vertex -32.5311 29.8452 8.46445
    endloop
  endfacet
  facet normal -0.740577 0.671972 0
    outer loop
      vertex -32.5693 29.8031 8.31214
      vertex -32.5693 29.8031 23.6879
      vertex -32.5311 29.8452 23.5355
    endloop
  endfacet
  facet normal -0.741259 0.671219 0
    outer loop
      vertex -32.5923 29.7777 8.15683
      vertex -32.5693 29.8031 23.6879
      vertex -32.5693 29.8031 8.31214
    endloop
  endfacet
  facet normal -0.741259 0.671219 0
    outer loop
      vertex -32.5923 29.7777 8.15683
      vertex -32.5923 29.7777 23.8432
      vertex -32.5693 29.8031 23.6879
    endloop
  endfacet
  facet normal -0.740886 0.67163 -2.57101e-05
    outer loop
      vertex -34.1671 28.0402 0
      vertex -32.5923 29.7777 8.15683
      vertex -32.6 29.7692 8
    endloop
  endfacet
  facet normal -0.740947 0.671564 0
    outer loop
      vertex -32.5923 29.7777 8.15683
      vertex -34.1671 28.0402 0
      vertex -32.5923 29.7777 23.8432
    endloop
  endfacet
  facet normal -0.740987 0.671519 0
    outer loop
      vertex -31.3121 31.1901 25.5693
      vertex -31.2541 31.2541 32
      vertex -31.2541 31.2541 25.5779
    endloop
  endfacet
  facet normal -0.740856 0.671663 -2.61021e-06
    outer loop
      vertex -31.4645 31.022 25.5311
      vertex -31.2541 31.2541 32
      vertex -31.3121 31.1901 25.5693
    endloop
  endfacet
  facet normal -0.74101 0.671495 8.42767e-06
    outer loop
      vertex -31.6123 30.8589 25.4782
      vertex -31.2541 31.2541 32
      vertex -31.4645 31.022 25.5311
    endloop
  endfacet
  facet normal -0.741017 0.671486 -6.62077e-05
    outer loop
      vertex -34.1671 28.0402 32
      vertex -31.6123 30.8589 25.4782
      vertex -31.7542 30.7023 25.4111
    endloop
  endfacet
  facet normal -0.740914 0.6716 1.73323e-05
    outer loop
      vertex -34.1671 28.0402 32
      vertex -31.7542 30.7023 25.4111
      vertex -31.8889 30.5537 25.3304
    endloop
  endfacet
  facet normal -0.740891 0.671625 3.48657e-05
    outer loop
      vertex -34.1671 28.0402 32
      vertex -31.8889 30.5537 25.3304
      vertex -32.015 30.4146 25.2368
    endloop
  endfacet
  facet normal -0.740893 0.671623 3.34597e-05
    outer loop
      vertex -34.1671 28.0402 32
      vertex -32.015 30.4146 25.2368
      vertex -32.1314 30.2862 25.1314
    endloop
  endfacet
  facet normal -0.740969 0.671539 -1.64302e-05
    outer loop
      vertex -34.1671 28.0402 32
      vertex -32.1314 30.2862 25.1314
      vertex -32.2368 30.1699 25.015
    endloop
  endfacet
  facet normal -0.74078 0.671748 9.95486e-05
    outer loop
      vertex -34.1671 28.0402 32
      vertex -32.2368 30.1699 25.015
      vertex -32.3304 30.0667 24.8889
    endloop
  endfacet
  facet normal -0.741112 0.671381 -9.10849e-05
    outer loop
      vertex -34.1671 28.0402 32
      vertex -32.3304 30.0667 24.8889
      vertex -32.4111 29.9776 24.7542
    endloop
  endfacet
  facet normal -0.741147 0.671343 -0.000109607
    outer loop
      vertex -34.1671 28.0402 32
      vertex -32.4111 29.9776 24.7542
      vertex -32.4782 29.9035 24.6123
    endloop
  endfacet
  facet normal -0.740712 0.671823 0.000110881
    outer loop
      vertex -34.1671 28.0402 32
      vertex -32.4782 29.9035 24.6123
      vertex -32.5311 29.8452 24.4645
    endloop
  endfacet
  facet normal -0.740746 0.671785 9.4293e-05
    outer loop
      vertex -34.1671 28.0402 32
      vertex -32.5311 29.8452 24.4645
      vertex -32.5693 29.8031 24.3121
    endloop
  endfacet
  facet normal -0.740886 0.67163 2.57167e-05
    outer loop
      vertex -32.5923 29.7777 23.8432
      vertex -34.1671 28.0402 32
      vertex -32.6 29.7692 24
    endloop
  endfacet
  facet normal -0.740941 0.67157 4.87823e-08
    outer loop
      vertex -31.6123 30.8589 25.4782
      vertex -34.1671 28.0402 32
      vertex -31.2541 31.2541 32
    endloop
  endfacet
  facet normal -0.741079 0.671418 -5.91219e-05
    outer loop
      vertex -32.5923 29.7777 24.1568
      vertex -34.1671 28.0402 32
      vertex -32.5693 29.8031 24.3121
    endloop
  endfacet
  facet normal -0.740981 0.671526 -1.54049e-05
    outer loop
      vertex -32.6 29.7692 24
      vertex -34.1671 28.0402 32
      vertex -32.5923 29.7777 24.1568
    endloop
  endfacet
  facet normal -0.67157 -0.740941 0
    outer loop
      vertex -31.2541 -31.2541 0
      vertex -28.0402 -34.1671 32
      vertex -31.2541 -31.2541 32
    endloop
  endfacet
  facet normal -0.67157 -0.740941 -0
    outer loop
      vertex -28.0402 -34.1671 32
      vertex -31.2541 -31.2541 0
      vertex -28.0402 -34.1671 0
    endloop
  endfacet
  facet normal 0.941546 0.336884 0
    outer loop
      vertex 42.2 13.101 32
      vertex 40.8355 16.9146 0
      vertex 40.8355 16.9146 32
    endloop
  endfacet
  facet normal 0.941546 0.336884 0
    outer loop
      vertex 40.8355 16.9146 0
      vertex 42.2 13.101 32
      vertex 42.2 13.101 0
    endloop
  endfacet
  facet normal 0.857737 -0.514089 0
    outer loop
      vertex 36.751 -24.5562 32
      vertex 38.9809 -20.8357 0
      vertex 38.9809 -20.8357 32
    endloop
  endfacet
  facet normal 0.857737 -0.514089 0
    outer loop
      vertex 38.9809 -20.8357 0
      vertex 36.751 -24.5562 32
      vertex 36.751 -24.5562 0
    endloop
  endfacet
  facet normal 0.67157 0.740941 -0
    outer loop
      vertex 31.2541 31.2541 0
      vertex 28.0402 34.1671 32
      vertex 31.2541 31.2541 32
    endloop
  endfacet
  facet normal 0.67157 0.740941 0
    outer loop
      vertex 28.0402 34.1671 32
      vertex 31.2541 31.2541 0
      vertex 28.0402 34.1671 0
    endloop
  endfacet
  facet normal -0.242969 0.970034 0
    outer loop
      vertex -8.62299 43.3507 0
      vertex -12.8306 42.2968 32
      vertex -8.62299 43.3507 32
    endloop
  endfacet
  facet normal -0.242969 0.970034 0
    outer loop
      vertex -12.8306 42.2968 32
      vertex -8.62299 43.3507 0
      vertex -12.8306 42.2968 0
    endloop
  endfacet
  facet normal 0.336894 -0.941542 0
    outer loop
      vertex 12.8306 -42.2968 0
      vertex 16.9146 -40.8355 32
      vertex 12.8306 -42.2968 32
    endloop
  endfacet
  facet normal 0.336894 -0.941542 0
    outer loop
      vertex 16.9146 -40.8355 32
      vertex 12.8306 -42.2968 0
      vertex 16.9146 -40.8355 0
    endloop
  endfacet
  facet normal -0.427566 0.903984 0
    outer loop
      vertex -16.9146 40.8355 0
      vertex -20.8357 38.9809 32
      vertex -16.9146 40.8355 32
    endloop
  endfacet
  facet normal -0.427566 0.903984 0
    outer loop
      vertex -20.8357 38.9809 32
      vertex -16.9146 40.8355 0
      vertex -20.8357 38.9809 0
    endloop
  endfacet
  facet normal 0.903984 0.427566 0
    outer loop
      vertex 40.8355 16.9146 32
      vertex 38.9809 20.8357 0
      vertex 38.9809 20.8357 32
    endloop
  endfacet
  facet normal 0.903984 0.427566 0
    outer loop
      vertex 38.9809 20.8357 0
      vertex 40.8355 16.9146 32
      vertex 40.8355 16.9146 0
    endloop
  endfacet
  facet normal -0.671572 0.740939 0
    outer loop
      vertex -28.0402 34.1671 6.4
      vertex -28.0402 34.1671 0
      vertex -31 31.4844 6.4
    endloop
  endfacet
  facet normal -0.67157 0.740941 1.1574e-06
    outer loop
      vertex -31.2541 31.2541 0
      vertex -31 31.4844 6.4
      vertex -28.0402 34.1671 0
    endloop
  endfacet
  facet normal -0.671519 0.740987 -2.52774e-06
    outer loop
      vertex -31 31.4844 6.4
      vertex -31.2541 31.2541 0
      vertex -31.1568 31.3423 6.4077
    endloop
  endfacet
  facet normal -0.671611 0.740904 0
    outer loop
      vertex -31.1568 31.3423 6.4077
      vertex -31.2541 31.2541 0
      vertex -31.2541 31.2541 6.42214
    endloop
  endfacet
  facet normal -0.671572 0.740939 0
    outer loop
      vertex -31 31.4844 25.6
      vertex -28.0402 34.1671 32
      vertex -28.0402 34.1671 25.6
    endloop
  endfacet
  facet normal -0.67157 0.740941 -1.1574e-06
    outer loop
      vertex -28.0402 34.1671 32
      vertex -31 31.4844 25.6
      vertex -31.2541 31.2541 32
    endloop
  endfacet
  facet normal -0.671519 0.740987 2.52774e-06
    outer loop
      vertex -31.1568 31.3423 25.5923
      vertex -31.2541 31.2541 32
      vertex -31 31.4844 25.6
    endloop
  endfacet
  facet normal -0.671611 0.740904 0
    outer loop
      vertex -31.2541 31.2541 32
      vertex -31.1568 31.3423 25.5923
      vertex -31.2541 31.2541 25.5779
    endloop
  endfacet
  facet normal -0.671572 0.740939 0
    outer loop
      vertex -28.0402 34.1671 22.4
      vertex -28.0402 34.1671 9.6
      vertex -31 31.4844 22.4
    endloop
  endfacet
  facet normal -0.671572 0.740939 0
    outer loop
      vertex -31 31.4844 9.6
      vertex -31 31.4844 22.4
      vertex -28.0402 34.1671 9.6
    endloop
  endfacet
  facet normal -0.671519 0.740987 0
    outer loop
      vertex -31 31.4844 22.4
      vertex -31 31.4844 9.6
      vertex -31.1568 31.3423 22.4077
    endloop
  endfacet
  facet normal -0.671519 0.740987 0
    outer loop
      vertex -31.1568 31.3423 9.59229
      vertex -31.1568 31.3423 22.4077
      vertex -31 31.4844 9.6
    endloop
  endfacet
  facet normal -0.671611 0.740904 0
    outer loop
      vertex -31.1568 31.3423 22.4077
      vertex -31.1568 31.3423 9.59229
      vertex -31.2541 31.2541 22.4221
    endloop
  endfacet
  facet normal -0.671611 0.740904 0
    outer loop
      vertex -31.2541 31.2541 22.4221
      vertex -31.1568 31.3423 9.59229
      vertex -31.2541 31.2541 9.57786
    endloop
  endfacet
  facet normal 0.336894 0.941542 -0
    outer loop
      vertex 16.9146 40.8355 0
      vertex 12.8306 42.2968 32
      vertex 16.9146 40.8355 32
    endloop
  endfacet
  facet normal 0.336894 0.941542 0
    outer loop
      vertex 12.8306 42.2968 32
      vertex 16.9146 40.8355 0
      vertex 12.8306 42.2968 0
    endloop
  endfacet
  facet normal -0.336894 0.941542 0
    outer loop
      vertex -12.8306 42.2968 0
      vertex -16.9146 40.8355 32
      vertex -12.8306 42.2968 32
    endloop
  endfacet
  facet normal -0.336894 0.941542 0
    outer loop
      vertex -16.9146 40.8355 32
      vertex -12.8306 42.2968 0
      vertex -16.9146 40.8355 0
    endloop
  endfacet
  facet normal -0.857737 -0.514089 0
    outer loop
      vertex -36.751 -24.5562 0
      vertex -38.9809 -20.8357 32
      vertex -38.9809 -20.8357 0
    endloop
  endfacet
  facet normal -0.857737 -0.514089 0
    outer loop
      vertex -38.9809 -20.8357 32
      vertex -36.751 -24.5562 0
      vertex -36.751 -24.5562 32
    endloop
  endfacet
  facet normal -0.514089 -0.857737 0
    outer loop
      vertex -24.5562 -36.751 0
      vertex -20.8357 -38.9809 32
      vertex -24.5562 -36.751 32
    endloop
  endfacet
  facet normal -0.514089 -0.857737 -0
    outer loop
      vertex -20.8357 -38.9809 32
      vertex -24.5562 -36.751 0
      vertex -20.8357 -38.9809 0
    endloop
  endfacet
  facet normal -0.427566 -0.903984 0
    outer loop
      vertex -20.8357 -38.9809 0
      vertex -16.9146 -40.8355 32
      vertex -20.8357 -38.9809 32
    endloop
  endfacet
  facet normal -0.427566 -0.903984 -0
    outer loop
      vertex -16.9146 -40.8355 32
      vertex -20.8357 -38.9809 0
      vertex -16.9146 -40.8355 0
    endloop
  endfacet
  facet normal -0.803209 -0.595698 0
    outer loop
      vertex -34.1671 -28.0402 0
      vertex -36.751 -24.5562 32
      vertex -36.751 -24.5562 0
    endloop
  endfacet
  facet normal -0.803209 -0.595698 0
    outer loop
      vertex -36.751 -24.5562 32
      vertex -34.1671 -28.0402 0
      vertex -34.1671 -28.0402 32
    endloop
  endfacet
  facet normal -0.242977 -0.970032 0
    outer loop
      vertex -12.8306 -42.2968 0
      vertex -9 -43.2563 32
      vertex -12.8306 -42.2968 32
    endloop
  endfacet
  facet normal -0.242977 -0.970032 -0
    outer loop
      vertex -9 -43.2563 32
      vertex -12.8306 -42.2968 0
      vertex -9 -43.2563 0
    endloop
  endfacet
  facet normal -0.336894 -0.941542 0
    outer loop
      vertex -16.9146 -40.8355 0
      vertex -12.8306 -42.2968 32
      vertex -16.9146 -40.8355 32
    endloop
  endfacet
  facet normal -0.336894 -0.941542 -0
    outer loop
      vertex -12.8306 -42.2968 32
      vertex -16.9146 -40.8355 0
      vertex -12.8306 -42.2968 0
    endloop
  endfacet
  facet normal -0.989175 -0.146741 0
    outer loop
      vertex -43.3507 -8.62299 0
      vertex -43.9872 -4.33236 32
      vertex -43.9872 -4.33236 0
    endloop
  endfacet
  facet normal -0.989175 -0.146741 0
    outer loop
      vertex -43.9872 -4.33236 32
      vertex -43.3507 -8.62299 0
      vertex -43.3507 -8.62299 32
    endloop
  endfacet
  facet normal -0.595698 -0.803209 0
    outer loop
      vertex -28.0402 -34.1671 0
      vertex -24.5562 -36.751 32
      vertex -28.0402 -34.1671 32
    endloop
  endfacet
  facet normal -0.595698 -0.803209 -0
    outer loop
      vertex -24.5562 -36.751 32
      vertex -28.0402 -34.1671 0
      vertex -24.5562 -36.751 0
    endloop
  endfacet
  facet normal -0.903984 -0.427566 0
    outer loop
      vertex -38.9809 -20.8357 0
      vertex -40.8355 -16.9146 32
      vertex -40.8355 -16.9146 0
    endloop
  endfacet
  facet normal -0.903984 -0.427566 0
    outer loop
      vertex -40.8355 -16.9146 32
      vertex -38.9809 -20.8357 0
      vertex -38.9809 -20.8357 32
    endloop
  endfacet
  facet normal -0.941542 0.336894 0
    outer loop
      vertex -42.2968 12.8306 0
      vertex -40.8355 16.9146 32
      vertex -40.8355 16.9146 0
    endloop
  endfacet
  facet normal -0.941542 0.336894 0
    outer loop
      vertex -40.8355 16.9146 32
      vertex -42.2968 12.8306 0
      vertex -42.2968 12.8306 32
    endloop
  endfacet
  facet normal 0.941546 -0.336884 0
    outer loop
      vertex 40.8355 -16.9146 32
      vertex 42.2 -13.101 0
      vertex 42.2 -13.101 32
    endloop
  endfacet
  facet normal 0.941546 -0.336884 0
    outer loop
      vertex 42.2 -13.101 0
      vertex 40.8355 -16.9146 32
      vertex 40.8355 -16.9146 0
    endloop
  endfacet
  facet normal -0.803209 0.595698 0
    outer loop
      vertex -36.751 24.5562 0
      vertex -34.1671 28.0402 32
      vertex -34.1671 28.0402 0
    endloop
  endfacet
  facet normal -0.803209 0.595698 0
    outer loop
      vertex -34.1671 28.0402 32
      vertex -36.751 24.5562 0
      vertex -36.751 24.5562 32
    endloop
  endfacet
  facet normal -0.998796 0.0490596 0
    outer loop
      vertex -44.2 0 0
      vertex -43.9872 4.33236 32
      vertex -43.9872 4.33236 0
    endloop
  endfacet
  facet normal -0.998796 0.0490596 0
    outer loop
      vertex -43.9872 4.33236 32
      vertex -44.2 0 0
      vertex -44.2 0 32
    endloop
  endfacet
  facet normal 0.740941 -0.67157 0
    outer loop
      vertex 31.2541 -31.2541 32
      vertex 34.1671 -28.0402 0
      vertex 34.1671 -28.0402 32
    endloop
  endfacet
  facet normal 0.740941 -0.67157 0
    outer loop
      vertex 34.1671 -28.0402 0
      vertex 31.2541 -31.2541 32
      vertex 31.2541 -31.2541 0
    endloop
  endfacet
  facet normal 0.67157 -0.740941 0
    outer loop
      vertex 28.0402 -34.1671 0
      vertex 31.2541 -31.2541 32
      vertex 28.0402 -34.1671 32
    endloop
  endfacet
  facet normal 0.67157 -0.740941 0
    outer loop
      vertex 31.2541 -31.2541 32
      vertex 28.0402 -34.1671 0
      vertex 31.2541 -31.2541 0
    endloop
  endfacet
  facet normal 0 0 -1
    outer loop
      vertex -12.8306 -42.2968 0
      vertex -9 -38.9317 0
      vertex -9 -43.2563 0
    endloop
  endfacet
  facet normal -0 0 -1
    outer loop
      vertex -9 -38.9317 0
      vertex -12.8306 -42.2968 0
      vertex -11.6114 -38.2776 0
    endloop
  endfacet
  facet normal 0 0 -1
    outer loop
      vertex -12.8306 -42.2968 0
      vertex -15.3073 -36.9552 0
      vertex -11.6114 -38.2776 0
    endloop
  endfacet
  facet normal 0 0 -1
    outer loop
      vertex -16.9146 -40.8355 0
      vertex -15.3073 -36.9552 0
      vertex -12.8306 -42.2968 0
    endloop
  endfacet
  facet normal 0 0 -1
    outer loop
      vertex -16.9146 -40.8355 0
      vertex -18.8559 -35.2768 0
      vertex -15.3073 -36.9552 0
    endloop
  endfacet
  facet normal 0 0 -1
    outer loop
      vertex -20.8357 -38.9809 0
      vertex -18.8559 -35.2768 0
      vertex -16.9146 -40.8355 0
    endloop
  endfacet
  facet normal 0 0 -1
    outer loop
      vertex -20.8357 -38.9809 0
      vertex -22.2228 -33.2588 0
      vertex -18.8559 -35.2768 0
    endloop
  endfacet
  facet normal 0 0 -1
    outer loop
      vertex -24.5562 -36.751 0
      vertex -22.2228 -33.2588 0
      vertex -20.8357 -38.9809 0
    endloop
  endfacet
  facet normal 0 0 -1
    outer loop
      vertex -24.5562 -36.751 0
      vertex -25.3757 -30.9204 0
      vertex -22.2228 -33.2588 0
    endloop
  endfacet
  facet normal 0 0 -1
    outer loop
      vertex -28.0402 -34.1671 0
      vertex -25.3757 -30.9204 0
      vertex -24.5562 -36.751 0
    endloop
  endfacet
  facet normal 0 0 -1
    outer loop
      vertex -28.0402 -34.1671 0
      vertex -28.2843 -28.2843 0
      vertex -25.3757 -30.9204 0
    endloop
  endfacet
  facet normal 0 0 -1
    outer loop
      vertex -31.2541 -31.2541 0
      vertex -28.2843 -28.2843 0
      vertex -28.0402 -34.1671 0
    endloop
  endfacet
  facet normal -0 0 -1
    outer loop
      vertex -28.2843 -28.2843 0
      vertex -31.2541 -31.2541 0
      vertex -30.9204 -25.3757 0
    endloop
  endfacet
  facet normal 0 0 -1
    outer loop
      vertex -34.1671 -28.0402 0
      vertex -30.9204 -25.3757 0
      vertex -31.2541 -31.2541 0
    endloop
  endfacet
  facet normal -0 0 -1
    outer loop
      vertex -30.9204 -25.3757 0
      vertex -34.1671 -28.0402 0
      vertex -33.2588 -22.2228 0
    endloop
  endfacet
  facet normal 0 0 -1
    outer loop
      vertex -36.751 -24.5562 0
      vertex -33.2588 -22.2228 0
      vertex -34.1671 -28.0402 0
    endloop
  endfacet
  facet normal -0 0 -1
    outer loop
      vertex -33.2588 -22.2228 0
      vertex -36.751 -24.5562 0
      vertex -35.2768 -18.8559 0
    endloop
  endfacet
  facet normal 0 0 -1
    outer loop
      vertex -38.9809 -20.8357 0
      vertex -35.2768 -18.8559 0
      vertex -36.751 -24.5562 0
    endloop
  endfacet
  facet normal -0 0 -1
    outer loop
      vertex -35.2768 -18.8559 0
      vertex -38.9809 -20.8357 0
      vertex -36.9552 -15.3073 0
    endloop
  endfacet
  facet normal 0 0 -1
    outer loop
      vertex -40.8355 -16.9146 0
      vertex -36.9552 -15.3073 0
      vertex -38.9809 -20.8357 0
    endloop
  endfacet
  facet normal -0 0 -1
    outer loop
      vertex -36.9552 -15.3073 0
      vertex -40.8355 -16.9146 0
      vertex -38.2776 -11.6114 0
    endloop
  endfacet
  facet normal 0 0 -1
    outer loop
      vertex -42.2968 -12.8306 0
      vertex -38.2776 -11.6114 0
      vertex -40.8355 -16.9146 0
    endloop
  endfacet
  facet normal -0 0 -1
    outer loop
      vertex -38.2776 -11.6114 0
      vertex -42.2968 -12.8306 0
      vertex -39.2314 -7.80361 0
    endloop
  endfacet
  facet normal 0 0 -1
    outer loop
      vertex -43.3507 -8.62299 0
      vertex -39.2314 -7.80361 0
      vertex -42.2968 -12.8306 0
    endloop
  endfacet
  facet normal 0 0 -1
    outer loop
      vertex 58.2 -14 0
      vertex 46.05 -10.15 0
      vertex 58.2 -10.15 0
    endloop
  endfacet
  facet normal 0 0 -1
    outer loop
      vertex 42.2 -13.101 0
      vertex 46.05 -10.15 0
      vertex 42.2 -14 0
    endloop
  endfacet
  facet normal 0 0 -1
    outer loop
      vertex 42.2 -14 0
      vertex 46.05 -10.15 0
      vertex 58.2 -14 0
    endloop
  endfacet
  facet normal 0 0 -1
    outer loop
      vertex 46.05 10.15 0
      vertex 58.2 14 0
      vertex 58.2 10.15 0
    endloop
  endfacet
  facet normal 0 0 -1
    outer loop
      vertex 39.2314 -7.80361 0
      vertex 46.05 -10.15 0
      vertex 42.2 -13.101 0
    endloop
  endfacet
  facet normal 0 -0 -1
    outer loop
      vertex 40 0 0
      vertex 46.05 -10.15 0
      vertex 39.8074 -3.92068 0
    endloop
  endfacet
  facet normal 0 0 -1
    outer loop
      vertex 42.2 14 0
      vertex 46.05 10.15 0
      vertex 42.2 13.101 0
    endloop
  endfacet
  facet normal 0 0 -1
    outer loop
      vertex 46.05 10.15 0
      vertex 42.2 14 0
      vertex 58.2 14 0
    endloop
  endfacet
  facet normal 0 0 -1
    outer loop
      vertex 36.9552 -15.3073 0
      vertex 42.2 -13.101 0
      vertex 40.8355 -16.9146 0
    endloop
  endfacet
  facet normal 0 0 -1
    outer loop
      vertex 39.8074 3.92068 0
      vertex 46.05 10.15 0
      vertex 40 0 0
    endloop
  endfacet
  facet normal 0 0 -1
    outer loop
      vertex 39.2314 7.80361 0
      vertex 46.05 10.15 0
      vertex 39.8074 3.92068 0
    endloop
  endfacet
  facet normal 0 0 -1
    outer loop
      vertex 46.05 -10.15 0
      vertex 40 0 0
      vertex 46.05 10.15 0
    endloop
  endfacet
  facet normal 0 0 -1
    outer loop
      vertex 46.05 -10.15 0
      vertex 39.2314 -7.80361 0
      vertex 39.8074 -3.92068 0
    endloop
  endfacet
  facet normal 0 0 -1
    outer loop
      vertex 36.9552 -15.3073 0
      vertex 40.8355 -16.9146 0
      vertex 38.9809 -20.8357 0
    endloop
  endfacet
  facet normal 0 0 -1
    outer loop
      vertex 42.2 -13.101 0
      vertex 38.2776 -11.6114 0
      vertex 39.2314 -7.80361 0
    endloop
  endfacet
  facet normal -0 0 -1
    outer loop
      vertex 42.2 -13.101 0
      vertex 36.9552 -15.3073 0
      vertex 38.2776 -11.6114 0
    endloop
  endfacet
  facet normal 0 0 -1
    outer loop
      vertex 35.2768 -18.8559 0
      vertex 38.9809 -20.8357 0
      vertex 36.751 -24.5562 0
    endloop
  endfacet
  facet normal 0 0 -1
    outer loop
      vertex 38.9809 -20.8357 0
      vertex 35.2768 -18.8559 0
      vertex 36.9552 -15.3073 0
    endloop
  endfacet
  facet normal 0 0 -1
    outer loop
      vertex 33.2588 -22.2228 0
      vertex 36.751 -24.5562 0
      vertex 34.1671 -28.0402 0
    endloop
  endfacet
  facet normal 0 0 -1
    outer loop
      vertex 36.751 -24.5562 0
      vertex 33.2588 -22.2228 0
      vertex 35.2768 -18.8559 0
    endloop
  endfacet
  facet normal 0 0 -1
    outer loop
      vertex 30.9204 -25.3757 0
      vertex 34.1671 -28.0402 0
      vertex 31.2541 -31.2541 0
    endloop
  endfacet
  facet normal 0 0 -1
    outer loop
      vertex 34.1671 -28.0402 0
      vertex 30.9204 -25.3757 0
      vertex 33.2588 -22.2228 0
    endloop
  endfacet
  facet normal 0 0 -1
    outer loop
      vertex 31.2541 -31.2541 0
      vertex 28.2843 -28.2843 0
      vertex 30.9204 -25.3757 0
    endloop
  endfacet
  facet normal 0 0 -1
    outer loop
      vertex 28.0402 -34.1671 0
      vertex 28.2843 -28.2843 0
      vertex 31.2541 -31.2541 0
    endloop
  endfacet
  facet normal 0 0 -1
    outer loop
      vertex 28.0402 -34.1671 0
      vertex 25.3757 -30.9204 0
      vertex 28.2843 -28.2843 0
    endloop
  endfacet
  facet normal 0 0 -1
    outer loop
      vertex 24.5562 -36.751 0
      vertex 25.3757 -30.9204 0
      vertex 28.0402 -34.1671 0
    endloop
  endfacet
  facet normal 0 0 -1
    outer loop
      vertex 24.5562 -36.751 0
      vertex 22.2228 -33.2588 0
      vertex 25.3757 -30.9204 0
    endloop
  endfacet
  facet normal 0 0 -1
    outer loop
      vertex 20.8357 -38.9809 0
      vertex 22.2228 -33.2588 0
      vertex 24.5562 -36.751 0
    endloop
  endfacet
  facet normal 0 0 -1
    outer loop
      vertex 20.8357 -38.9809 0
      vertex 18.8559 -35.2768 0
      vertex 22.2228 -33.2588 0
    endloop
  endfacet
  facet normal 0 0 -1
    outer loop
      vertex 16.9146 -40.8355 0
      vertex 18.8559 -35.2768 0
      vertex 20.8357 -38.9809 0
    endloop
  endfacet
  facet normal 0 0 -1
    outer loop
      vertex 16.9146 -40.8355 0
      vertex 15.3073 -36.9552 0
      vertex 18.8559 -35.2768 0
    endloop
  endfacet
  facet normal 0 0 -1
    outer loop
      vertex 12.8306 -42.2968 0
      vertex 15.3073 -36.9552 0
      vertex 16.9146 -40.8355 0
    endloop
  endfacet
  facet normal 0 0 -1
    outer loop
      vertex 12.8306 -42.2968 0
      vertex 11.6114 -38.2776 0
      vertex 15.3073 -36.9552 0
    endloop
  endfacet
  facet normal 0 0 -1
    outer loop
      vertex 9 -38.9317 0
      vertex 12.8306 -42.2968 0
      vertex 9 -43.2563 0
    endloop
  endfacet
  facet normal 0 0 -1
    outer loop
      vertex 12.8306 -42.2968 0
      vertex 9 -38.9317 0
      vertex 11.6114 -38.2776 0
    endloop
  endfacet
  facet normal -0 0 -1
    outer loop
      vertex 46.05 10.15 0
      vertex 39.2314 7.80361 0
      vertex 42.2 13.101 0
    endloop
  endfacet
  facet normal 0 0 -1
    outer loop
      vertex 38.2776 11.6114 0
      vertex 42.2 13.101 0
      vertex 39.2314 7.80361 0
    endloop
  endfacet
  facet normal 0 0 -1
    outer loop
      vertex 36.9552 15.3073 0
      vertex 42.2 13.101 0
      vertex 38.2776 11.6114 0
    endloop
  endfacet
  facet normal 0 0 -1
    outer loop
      vertex 42.2 13.101 0
      vertex 36.9552 15.3073 0
      vertex 40.8355 16.9146 0
    endloop
  endfacet
  facet normal -0 0 -1
    outer loop
      vertex 40.8355 16.9146 0
      vertex 36.9552 15.3073 0
      vertex 38.9809 20.8357 0
    endloop
  endfacet
  facet normal 0 0 -1
    outer loop
      vertex 35.2768 18.8559 0
      vertex 38.9809 20.8357 0
      vertex 36.9552 15.3073 0
    endloop
  endfacet
  facet normal -0 0 -1
    outer loop
      vertex 38.9809 20.8357 0
      vertex 35.2768 18.8559 0
      vertex 36.751 24.5562 0
    endloop
  endfacet
  facet normal 0 0 -1
    outer loop
      vertex 33.2588 22.2228 0
      vertex 36.751 24.5562 0
      vertex 35.2768 18.8559 0
    endloop
  endfacet
  facet normal -0 0 -1
    outer loop
      vertex 36.751 24.5562 0
      vertex 33.2588 22.2228 0
      vertex 34.1671 28.0402 0
    endloop
  endfacet
  facet normal 0 0 -1
    outer loop
      vertex 30.9204 25.3757 0
      vertex 34.1671 28.0402 0
      vertex 33.2588 22.2228 0
    endloop
  endfacet
  facet normal -0 0 -1
    outer loop
      vertex 34.1671 28.0402 0
      vertex 30.9204 25.3757 0
      vertex 31.2541 31.2541 0
    endloop
  endfacet
  facet normal 0 0 -1
    outer loop
      vertex 28.2843 28.2843 0
      vertex 31.2541 31.2541 0
      vertex 30.9204 25.3757 0
    endloop
  endfacet
  facet normal 0 0 -1
    outer loop
      vertex 28.2843 28.2843 0
      vertex 28.0402 34.1671 0
      vertex 31.2541 31.2541 0
    endloop
  endfacet
  facet normal 0 0 -1
    outer loop
      vertex 25.3757 30.9204 0
      vertex 28.0402 34.1671 0
      vertex 28.2843 28.2843 0
    endloop
  endfacet
  facet normal 0 0 -1
    outer loop
      vertex 25.3757 30.9204 0
      vertex 24.5562 36.751 0
      vertex 28.0402 34.1671 0
    endloop
  endfacet
  facet normal 0 0 -1
    outer loop
      vertex 22.2228 33.2588 0
      vertex 24.5562 36.751 0
      vertex 25.3757 30.9204 0
    endloop
  endfacet
  facet normal 0 0 -1
    outer loop
      vertex 22.2228 33.2588 0
      vertex 20.8357 38.9809 0
      vertex 24.5562 36.751 0
    endloop
  endfacet
  facet normal 0 0 -1
    outer loop
      vertex 18.8559 35.2768 0
      vertex 20.8357 38.9809 0
      vertex 22.2228 33.2588 0
    endloop
  endfacet
  facet normal 0 0 -1
    outer loop
      vertex 18.8559 35.2768 0
      vertex 16.9146 40.8355 0
      vertex 20.8357 38.9809 0
    endloop
  endfacet
  facet normal 0 0 -1
    outer loop
      vertex 15.3073 36.9552 0
      vertex 16.9146 40.8355 0
      vertex 18.8559 35.2768 0
    endloop
  endfacet
  facet normal 0 0 -1
    outer loop
      vertex 15.3073 36.9552 0
      vertex 12.8306 42.2968 0
      vertex 16.9146 40.8355 0
    endloop
  endfacet
  facet normal 0 0 -1
    outer loop
      vertex 11.6114 38.2776 0
      vertex 12.8306 42.2968 0
      vertex 15.3073 36.9552 0
    endloop
  endfacet
  facet normal 0 0 -1
    outer loop
      vertex 11.6114 38.2776 0
      vertex 8.62299 43.3507 0
      vertex 12.8306 42.2968 0
    endloop
  endfacet
  facet normal 0 0 -1
    outer loop
      vertex 7.80361 39.2314 0
      vertex 8.62299 43.3507 0
      vertex 11.6114 38.2776 0
    endloop
  endfacet
  facet normal 0 0 -1
    outer loop
      vertex 7.80361 39.2314 0
      vertex 4.33236 43.9872 0
      vertex 8.62299 43.3507 0
    endloop
  endfacet
  facet normal 0 0 -1
    outer loop
      vertex 3.92068 39.8074 0
      vertex 4.33236 43.9872 0
      vertex 7.80361 39.2314 0
    endloop
  endfacet
  facet normal 0 0 -1
    outer loop
      vertex 0 40 0
      vertex 4.33236 43.9872 0
      vertex 3.92068 39.8074 0
    endloop
  endfacet
  facet normal 0 0 -1
    outer loop
      vertex 0 40 0
      vertex 0 44.2 0
      vertex 4.33236 43.9872 0
    endloop
  endfacet
  facet normal 0 0 -1
    outer loop
      vertex -3.92068 39.8074 0
      vertex 0 44.2 0
      vertex 0 40 0
    endloop
  endfacet
  facet normal 0 0 -1
    outer loop
      vertex -3.92068 39.8074 0
      vertex -4.33236 43.9872 0
      vertex 0 44.2 0
    endloop
  endfacet
  facet normal 0 0 -1
    outer loop
      vertex -7.80361 39.2314 0
      vertex -4.33236 43.9872 0
      vertex -3.92068 39.8074 0
    endloop
  endfacet
  facet normal 0 0 -1
    outer loop
      vertex -7.80361 39.2314 0
      vertex -8.62299 43.3507 0
      vertex -4.33236 43.9872 0
    endloop
  endfacet
  facet normal 0 0 -1
    outer loop
      vertex -11.6114 38.2776 0
      vertex -8.62299 43.3507 0
      vertex -7.80361 39.2314 0
    endloop
  endfacet
  facet normal 0 0 -1
    outer loop
      vertex -11.6114 38.2776 0
      vertex -12.8306 42.2968 0
      vertex -8.62299 43.3507 0
    endloop
  endfacet
  facet normal 0 0 -1
    outer loop
      vertex -15.3073 36.9552 0
      vertex -12.8306 42.2968 0
      vertex -11.6114 38.2776 0
    endloop
  endfacet
  facet normal 0 0 -1
    outer loop
      vertex -15.3073 36.9552 0
      vertex -16.9146 40.8355 0
      vertex -12.8306 42.2968 0
    endloop
  endfacet
  facet normal 0 0 -1
    outer loop
      vertex -18.8559 35.2768 0
      vertex -16.9146 40.8355 0
      vertex -15.3073 36.9552 0
    endloop
  endfacet
  facet normal 0 0 -1
    outer loop
      vertex -18.8559 35.2768 0
      vertex -20.8357 38.9809 0
      vertex -16.9146 40.8355 0
    endloop
  endfacet
  facet normal 0 0 -1
    outer loop
      vertex -22.2228 33.2588 0
      vertex -20.8357 38.9809 0
      vertex -18.8559 35.2768 0
    endloop
  endfacet
  facet normal 0 0 -1
    outer loop
      vertex -22.2228 33.2588 0
      vertex -24.5562 36.751 0
      vertex -20.8357 38.9809 0
    endloop
  endfacet
  facet normal 0 0 -1
    outer loop
      vertex -25.3757 30.9204 0
      vertex -24.5562 36.751 0
      vertex -22.2228 33.2588 0
    endloop
  endfacet
  facet normal 0 0 -1
    outer loop
      vertex -25.3757 30.9204 0
      vertex -28.0402 34.1671 0
      vertex -24.5562 36.751 0
    endloop
  endfacet
  facet normal 0 0 -1
    outer loop
      vertex -28.2843 28.2843 0
      vertex -28.0402 34.1671 0
      vertex -25.3757 30.9204 0
    endloop
  endfacet
  facet normal 0 0 -1
    outer loop
      vertex -31.2541 31.2541 0
      vertex -28.2843 28.2843 0
      vertex -30.9204 25.3757 0
    endloop
  endfacet
  facet normal 0 0 -1
    outer loop
      vertex -28.2843 28.2843 0
      vertex -31.2541 31.2541 0
      vertex -28.0402 34.1671 0
    endloop
  endfacet
  facet normal 0 0 -1
    outer loop
      vertex -34.1671 28.0402 0
      vertex -30.9204 25.3757 0
      vertex -33.2588 22.2228 0
    endloop
  endfacet
  facet normal 0 0 -1
    outer loop
      vertex -30.9204 25.3757 0
      vertex -34.1671 28.0402 0
      vertex -31.2541 31.2541 0
    endloop
  endfacet
  facet normal 0 0 -1
    outer loop
      vertex -36.751 24.5562 0
      vertex -33.2588 22.2228 0
      vertex -35.2768 18.8559 0
    endloop
  endfacet
  facet normal 0 0 -1
    outer loop
      vertex -33.2588 22.2228 0
      vertex -36.751 24.5562 0
      vertex -34.1671 28.0402 0
    endloop
  endfacet
  facet normal 0 0 -1
    outer loop
      vertex -38.9809 20.8357 0
      vertex -35.2768 18.8559 0
      vertex -36.9552 15.3073 0
    endloop
  endfacet
  facet normal 0 0 -1
    outer loop
      vertex -40.8355 16.9146 0
      vertex -36.9552 15.3073 0
      vertex -38.2776 11.6114 0
    endloop
  endfacet
  facet normal 0 0 -1
    outer loop
      vertex -35.2768 18.8559 0
      vertex -38.9809 20.8357 0
      vertex -36.751 24.5562 0
    endloop
  endfacet
  facet normal 0 0 -1
    outer loop
      vertex -42.2968 12.8306 0
      vertex -38.2776 11.6114 0
      vertex -39.2314 7.80361 0
    endloop
  endfacet
  facet normal 0 0 -1
    outer loop
      vertex -43.3507 8.62299 0
      vertex -39.2314 7.80361 0
      vertex -39.8074 3.92068 0
    endloop
  endfacet
  facet normal 0 0 -1
    outer loop
      vertex -43.9872 4.33236 0
      vertex -39.8074 3.92068 0
      vertex -40 0 0
    endloop
  endfacet
  facet normal -0 0 -1
    outer loop
      vertex -39.2314 -7.80361 0
      vertex -43.3507 -8.62299 0
      vertex -39.8074 -3.92068 0
    endloop
  endfacet
  facet normal 0 0 -1
    outer loop
      vertex -36.9552 15.3073 0
      vertex -40.8355 16.9146 0
      vertex -38.9809 20.8357 0
    endloop
  endfacet
  facet normal 0 0 -1
    outer loop
      vertex -43.9872 -4.33236 0
      vertex -39.8074 -3.92068 0
      vertex -43.3507 -8.62299 0
    endloop
  endfacet
  facet normal 0 0 -1
    outer loop
      vertex -38.2776 11.6114 0
      vertex -42.2968 12.8306 0
      vertex -40.8355 16.9146 0
    endloop
  endfacet
  facet normal -0 0 -1
    outer loop
      vertex -39.8074 -3.92068 0
      vertex -43.9872 -4.33236 0
      vertex -40 0 0
    endloop
  endfacet
  facet normal 0 0 -1
    outer loop
      vertex -39.2314 7.80361 0
      vertex -43.3507 8.62299 0
      vertex -42.2968 12.8306 0
    endloop
  endfacet
  facet normal 0 0 -1
    outer loop
      vertex -44.2 0 0
      vertex -40 0 0
      vertex -43.9872 -4.33236 0
    endloop
  endfacet
  facet normal 0 0 -1
    outer loop
      vertex -39.8074 3.92068 0
      vertex -43.9872 4.33236 0
      vertex -43.3507 8.62299 0
    endloop
  endfacet
  facet normal 0 0 -1
    outer loop
      vertex -40 0 0
      vertex -44.2 0 0
      vertex -43.9872 4.33236 0
    endloop
  endfacet
  facet normal 1 -0 0
    outer loop
      vertex 58.2 10.15 32
      vertex 58.2 14 0
      vertex 58.2 14 32
    endloop
  endfacet
  facet normal 1 0 0
    outer loop
      vertex 58.2 14 0
      vertex 58.2 10.15 32
      vertex 58.2 10.15 0
    endloop
  endfacet
  facet normal 1 -0 0
    outer loop
      vertex 58.2 -14 32
      vertex 58.2 -10.15 0
      vertex 58.2 -10.15 32
    endloop
  endfacet
  facet normal 1 0 0
    outer loop
      vertex 58.2 -10.15 0
      vertex 58.2 -14 32
      vertex 58.2 -14 0
    endloop
  endfacet
  facet normal -1 0 0
    outer loop
      vertex 42.2 13.101 0
      vertex 42.2 14 32
      vertex 42.2 14 0
    endloop
  endfacet
  facet normal -1 -0 0
    outer loop
      vertex 42.2 14 32
      vertex 42.2 13.101 0
      vertex 42.2 13.101 32
    endloop
  endfacet
  facet normal -1 0 0
    outer loop
      vertex 42.2 -14 0
      vertex 42.2 -13.101 32
      vertex 42.2 -13.101 0
    endloop
  endfacet
  facet normal -1 -0 0
    outer loop
      vertex 42.2 -13.101 32
      vertex 42.2 -14 0
      vertex 42.2 -14 32
    endloop
  endfacet
  facet normal 0 1 -0
    outer loop
      vertex 58.2 14 0
      vertex 42.2 14 32
      vertex 58.2 14 32
    endloop
  endfacet
  facet normal 0 1 0
    outer loop
      vertex 42.2 14 32
      vertex 58.2 14 0
      vertex 42.2 14 0
    endloop
  endfacet
  facet normal 0 -1 0
    outer loop
      vertex 42.2 -14 0
      vertex 58.2 -14 32
      vertex 42.2 -14 32
    endloop
  endfacet
  facet normal 0 -1 -0
    outer loop
      vertex 58.2 -14 32
      vertex 42.2 -14 0
      vertex 58.2 -14 0
    endloop
  endfacet
  facet normal 0.147383 -0.000658437 0.989079
    outer loop
      vertex -31.3121 31.1901 6.43074
      vertex -31.1568 31.3423 6.4077
      vertex -31.2541 31.2541 6.42214
    endloop
  endfacet
  facet normal 0.146752 0 0.989173
    outer loop
      vertex -31.1568 31.3423 6.4077
      vertex -31.3121 31.1901 6.43074
      vertex -31.1568 25.057 6.4077
    endloop
  endfacet
  facet normal 0.146752 0 0.989173
    outer loop
      vertex -31.1568 25.057 6.4077
      vertex -31.3121 31.1901 6.43074
      vertex -31.3121 24.8475 6.43074
    endloop
  endfacet
  facet normal 0.90407 0 -0.427385
    outer loop
      vertex -32.4111 23.3658 8.75423
      vertex -32.4782 29.9035 8.61229
      vertex -32.4111 29.9776 8.75423
    endloop
  endfacet
  facet normal 0.90407 0 -0.427385
    outer loop
      vertex -32.4782 29.9035 8.61229
      vertex -32.4111 23.3658 8.75423
      vertex -32.4782 23.2753 8.61229
    endloop
  endfacet
  facet normal -0 0 1
    outer loop
      vertex -22.4723 38 6.4
      vertex -15.3073 36.9552 6.4
      vertex -12.3873 38 6.4
    endloop
  endfacet
  facet normal 0 0 1
    outer loop
      vertex -22.4723 38 6.4
      vertex -18.8559 35.2768 6.4
      vertex -15.3073 36.9552 6.4
    endloop
  endfacet
  facet normal 0 0 1
    outer loop
      vertex -22.4723 38 6.4
      vertex -22.2228 33.2588 6.4
      vertex -18.8559 35.2768 6.4
    endloop
  endfacet
  facet normal -0 0 1
    outer loop
      vertex -24.5562 36.751 6.4
      vertex -22.2228 33.2588 6.4
      vertex -22.4723 38 6.4
    endloop
  endfacet
  facet normal 0 0 1
    outer loop
      vertex -24.5562 36.751 6.4
      vertex -25.3757 30.9204 6.4
      vertex -22.2228 33.2588 6.4
    endloop
  endfacet
  facet normal -0 0 1
    outer loop
      vertex -28.0402 34.1671 6.4
      vertex -25.3757 30.9204 6.4
      vertex -24.5562 36.751 6.4
    endloop
  endfacet
  facet normal -0 0 1
    outer loop
      vertex -31 31.4844 6.4
      vertex -25.3757 30.9204 6.4
      vertex -28.0402 34.1671 6.4
    endloop
  endfacet
  facet normal 0 0 1
    outer loop
      vertex -25.3757 30.9204 6.4
      vertex -31 31.4844 6.4
      vertex -28.2843 28.2843 6.4
    endloop
  endfacet
  facet normal 0 0 1
    outer loop
      vertex -28.2843 28.2843 6.4
      vertex -31 31.4844 6.4
      vertex -30.9204 25.3757 6.4
    endloop
  endfacet
  facet normal 0 0 1
    outer loop
      vertex -30.9204 25.3757 6.4
      vertex -31 31.4844 6.4
      vertex -31 25.2684 6.4
    endloop
  endfacet
  facet normal 0.336982 0 0.941511
    outer loop
      vertex -31.6123 30.8589 6.52179
      vertex -31.4645 24.6422 6.46889
      vertex -31.4645 31.022 6.46889
    endloop
  endfacet
  facet normal 0.336982 0 0.941511
    outer loop
      vertex -31.4645 24.6422 6.46889
      vertex -31.6123 30.8589 6.52179
      vertex -31.6123 24.4428 6.52179
    endloop
  endfacet
  facet normal 0.671388 0 -0.741106
    outer loop
      vertex -32.1314 30.2862 9.13137
      vertex -32.015 23.8998 9.23682
      vertex -32.1314 23.743 9.13137
    endloop
  endfacet
  facet normal 0.671388 0 -0.741106
    outer loop
      vertex -32.015 23.8998 9.23682
      vertex -32.1314 30.2862 9.13137
      vertex -32.015 30.4146 9.23682
    endloop
  endfacet
  facet normal 0.803015 0 0.595958
    outer loop
      vertex -32.3304 30.0667 7.11109
      vertex -32.2368 23.6008 6.98497
      vertex -32.2368 30.1699 6.98497
    endloop
  endfacet
  facet normal 0.803015 0 0.595958
    outer loop
      vertex -32.2368 23.6008 6.98497
      vertex -32.3304 30.0667 7.11109
      vertex -32.3304 23.4747 7.11109
    endloop
  endfacet
  facet normal 0.741092 0 -0.671404
    outer loop
      vertex -32.1314 23.743 9.13137
      vertex -32.2368 30.1699 9.01503
      vertex -32.1314 30.2862 9.13137
    endloop
  endfacet
  facet normal 0.741092 0 -0.671404
    outer loop
      vertex -32.2368 30.1699 9.01503
      vertex -32.1314 23.743 9.13137
      vertex -32.2368 23.6008 9.01503
    endloop
  endfacet
  facet normal 0.989213 0 0.146484
    outer loop
      vertex -32.5923 29.7777 7.84317
      vertex -32.5693 23.1525 7.68785
      vertex -32.5693 29.8031 7.68785
    endloop
  endfacet
  facet normal 0.989213 0 0.146484
    outer loop
      vertex -32.5693 23.1525 7.68785
      vertex -32.5923 29.7777 7.84317
      vertex -32.5923 23.1215 7.84317
    endloop
  endfacet
  facet normal 0.969959 0 -0.24327
    outer loop
      vertex -32.5311 23.204 8.46445
      vertex -32.5693 29.8031 8.31214
      vertex -32.5311 29.8452 8.46445
    endloop
  endfacet
  facet normal 0.969959 0 -0.24327
    outer loop
      vertex -32.5693 29.8031 8.31214
      vertex -32.5311 23.204 8.46445
      vertex -32.5693 23.1525 8.31214
    endloop
  endfacet
  facet normal 0.998797 0 -0.0490387
    outer loop
      vertex -32.5923 23.1215 8.15683
      vertex -32.6 29.7692 8
      vertex -32.5923 29.7777 8.15683
    endloop
  endfacet
  facet normal 0.998797 0 -0.0490387
    outer loop
      vertex -32.6 29.7692 8
      vertex -32.5923 23.1215 8.15683
      vertex -32.6 23.1111 8
    endloop
  endfacet
  facet normal 0.0491116 0 -0.998793
    outer loop
      vertex -31.1568 31.3423 9.59229
      vertex -31 25.2684 9.6
      vertex -31.1568 25.057 9.59229
    endloop
  endfacet
  facet normal 0.0491116 0 -0.998793
    outer loop
      vertex -31 25.2684 9.6
      vertex -31.1568 31.3423 9.59229
      vertex -31 31.4844 9.6
    endloop
  endfacet
  facet normal 0.904081 0 0.427361
    outer loop
      vertex -32.4782 29.9035 7.38771
      vertex -32.4111 23.3658 7.24576
      vertex -32.4111 29.9776 7.24576
    endloop
  endfacet
  facet normal 0.904081 0 0.427361
    outer loop
      vertex -32.4111 23.3658 7.24576
      vertex -32.4782 29.9035 7.38771
      vertex -32.4782 23.2753 7.38771
    endloop
  endfacet
  facet normal 0 0 -1
    outer loop
      vertex -15.3073 36.9552 9.6
      vertex -22.4723 38 9.6
      vertex -12.3873 38 9.6
    endloop
  endfacet
  facet normal 0 0 -1
    outer loop
      vertex -18.8559 35.2768 9.6
      vertex -22.4723 38 9.6
      vertex -15.3073 36.9552 9.6
    endloop
  endfacet
  facet normal 0 0 -1
    outer loop
      vertex -22.2228 33.2588 9.6
      vertex -22.4723 38 9.6
      vertex -18.8559 35.2768 9.6
    endloop
  endfacet
  facet normal 0 0 -1
    outer loop
      vertex -22.2228 33.2588 9.6
      vertex -24.5562 36.751 9.6
      vertex -22.4723 38 9.6
    endloop
  endfacet
  facet normal 0 0 -1
    outer loop
      vertex -25.3757 30.9204 9.6
      vertex -24.5562 36.751 9.6
      vertex -22.2228 33.2588 9.6
    endloop
  endfacet
  facet normal 0 0 -1
    outer loop
      vertex -25.3757 30.9204 9.6
      vertex -28.0402 34.1671 9.6
      vertex -24.5562 36.751 9.6
    endloop
  endfacet
  facet normal 0 0 -1
    outer loop
      vertex -31 31.4844 9.6
      vertex -25.3757 30.9204 9.6
      vertex -28.2843 28.2843 9.6
    endloop
  endfacet
  facet normal 0 0 -1
    outer loop
      vertex -31 31.4844 9.6
      vertex -28.2843 28.2843 9.6
      vertex -30.9204 25.3757 9.6
    endloop
  endfacet
  facet normal 0 0 -1
    outer loop
      vertex -31 31.4844 9.6
      vertex -30.9204 25.3757 9.6
      vertex -31 25.2684 9.6
    endloop
  endfacet
  facet normal 0 0 -1
    outer loop
      vertex -25.3757 30.9204 9.6
      vertex -31 31.4844 9.6
      vertex -28.0402 34.1671 9.6
    endloop
  endfacet
  facet normal 0.94154 0 -0.336901
    outer loop
      vertex -32.4782 23.2753 8.61229
      vertex -32.5311 29.8452 8.46445
      vertex -32.4782 29.9035 8.61229
    endloop
  endfacet
  facet normal 0.94154 0 -0.336901
    outer loop
      vertex -32.5311 29.8452 8.46445
      vertex -32.4782 23.2753 8.61229
      vertex -32.5311 23.204 8.46445
    endloop
  endfacet
  facet normal 0.998797 0 0.0490387
    outer loop
      vertex -32.6 29.7692 8
      vertex -32.5923 23.1215 7.84317
      vertex -32.5923 29.7777 7.84317
    endloop
  endfacet
  facet normal 0.998797 0 0.0490387
    outer loop
      vertex -32.5923 23.1215 7.84317
      vertex -32.6 29.7692 8
      vertex -32.6 23.1111 8
    endloop
  endfacet
  facet normal 0.941533 0 0.336921
    outer loop
      vertex -32.5311 29.8452 7.53554
      vertex -32.4782 23.2753 7.38771
      vertex -32.4782 29.9035 7.38771
    endloop
  endfacet
  facet normal 0.941533 0 0.336921
    outer loop
      vertex -32.4782 23.2753 7.38771
      vertex -32.5311 29.8452 7.53554
      vertex -32.5311 23.204 7.53554
    endloop
  endfacet
  facet normal 0.969959 0 0.24327
    outer loop
      vertex -32.5693 29.8031 7.68785
      vertex -32.5311 23.204 7.53554
      vertex -32.5311 29.8452 7.53554
    endloop
  endfacet
  facet normal 0.969959 0 0.24327
    outer loop
      vertex -32.5311 23.204 7.53554
      vertex -32.5693 29.8031 7.68785
      vertex -32.5693 23.1525 7.68785
    endloop
  endfacet
  facet normal 0.595732 0 -0.803184
    outer loop
      vertex -32.015 30.4146 9.23682
      vertex -31.8889 24.0699 9.33035
      vertex -32.015 23.8998 9.23682
    endloop
  endfacet
  facet normal 0.595732 0 -0.803184
    outer loop
      vertex -31.8889 24.0699 9.33035
      vertex -32.015 30.4146 9.23682
      vertex -31.8889 30.5537 9.33035
    endloop
  endfacet
  facet normal 0.803015 0 -0.595958
    outer loop
      vertex -32.2368 23.6008 9.01503
      vertex -32.3304 30.0667 8.88891
      vertex -32.2368 30.1699 9.01503
    endloop
  endfacet
  facet normal 0.803015 0 -0.595958
    outer loop
      vertex -32.3304 30.0667 8.88891
      vertex -32.2368 23.6008 9.01503
      vertex -32.3304 23.4747 8.88891
    endloop
  endfacet
  facet normal 0.857796 0 -0.51399
    outer loop
      vertex -32.3304 23.4747 8.88891
      vertex -32.4111 29.9776 8.75423
      vertex -32.3304 30.0667 8.88891
    endloop
  endfacet
  facet normal 0.857796 0 -0.51399
    outer loop
      vertex -32.4111 29.9776 8.75423
      vertex -32.3304 23.4747 8.88891
      vertex -32.4111 23.3658 8.75423
    endloop
  endfacet
  facet normal 0.049048 0 0.998796
    outer loop
      vertex -31.1568 31.3423 6.4077
      vertex -31 25.2684 6.4
      vertex -31 31.4844 6.4
    endloop
  endfacet
  facet normal 0.049048 0 0.998796
    outer loop
      vertex -31 25.2684 6.4
      vertex -31.1568 31.3423 6.4077
      vertex -31.1568 25.057 6.4077
    endloop
  endfacet
  facet normal 0.857779 0 0.514018
    outer loop
      vertex -32.4111 29.9776 7.24576
      vertex -32.3304 23.4747 7.11109
      vertex -32.3304 30.0667 7.11109
    endloop
  endfacet
  facet normal 0.857779 0 0.514018
    outer loop
      vertex -32.3304 23.4747 7.11109
      vertex -32.4111 29.9776 7.24576
      vertex -32.4111 23.3658 7.24576
    endloop
  endfacet
  facet normal 0.989212 0 -0.146493
    outer loop
      vertex -32.5693 23.1525 8.31214
      vertex -32.5923 29.7777 8.15683
      vertex -32.5693 29.8031 8.31214
    endloop
  endfacet
  facet normal 0.989212 0 -0.146493
    outer loop
      vertex -32.5923 29.7777 8.15683
      vertex -32.5693 23.1525 8.31214
      vertex -32.5923 23.1215 8.15683
    endloop
  endfacet
  facet normal 0.146689 0 -0.989183
    outer loop
      vertex -31.3121 31.1901 9.56926
      vertex -31.1568 31.3423 9.59229
      vertex -31.1568 25.057 9.59229
    endloop
  endfacet
  facet normal 0.146689 0 -0.989183
    outer loop
      vertex -31.3121 31.1901 9.56926
      vertex -31.1568 25.057 9.59229
      vertex -31.3121 24.8475 9.56926
    endloop
  endfacet
  facet normal 0.146826 -0.000142377 -0.989162
    outer loop
      vertex -31.1568 31.3423 9.59229
      vertex -31.3121 31.1901 9.56926
      vertex -31.2541 31.2541 9.57786
    endloop
  endfacet
  facet normal 0.242835 0 0.970068
    outer loop
      vertex -31.4645 31.022 6.46889
      vertex -31.3121 24.8475 6.43074
      vertex -31.3121 31.1901 6.43074
    endloop
  endfacet
  facet normal 0.242835 0 0.970068
    outer loop
      vertex -31.3121 24.8475 6.43074
      vertex -31.4645 31.022 6.46889
      vertex -31.4645 24.6422 6.46889
    endloop
  endfacet
  facet normal 0.427692 0 0.903925
    outer loop
      vertex -31.7542 30.7023 6.58893
      vertex -31.6123 24.4428 6.52179
      vertex -31.6123 30.8589 6.52179
    endloop
  endfacet
  facet normal 0.427692 0 0.903925
    outer loop
      vertex -31.6123 24.4428 6.52179
      vertex -31.7542 30.7023 6.58893
      vertex -31.7542 24.2515 6.58893
    endloop
  endfacet
  facet normal 0.514027 0 0.857774
    outer loop
      vertex -31.8889 30.5537 6.66965
      vertex -31.7542 24.2515 6.58893
      vertex -31.7542 30.7023 6.58893
    endloop
  endfacet
  facet normal 0.514027 0 0.857774
    outer loop
      vertex -31.7542 24.2515 6.58893
      vertex -31.8889 30.5537 6.66965
      vertex -31.8889 24.0699 6.66965
    endloop
  endfacet
  facet normal 0.671388 0 0.741106
    outer loop
      vertex -32.1314 30.2862 6.86863
      vertex -32.015 23.8998 6.76318
      vertex -32.015 30.4146 6.76318
    endloop
  endfacet
  facet normal 0.671388 0 0.741106
    outer loop
      vertex -32.015 23.8998 6.76318
      vertex -32.1314 30.2862 6.86863
      vertex -32.1314 23.743 6.86863
    endloop
  endfacet
  facet normal 0.595732 0 0.803184
    outer loop
      vertex -32.015 30.4146 6.76318
      vertex -31.8889 24.0699 6.66965
      vertex -31.8889 30.5537 6.66965
    endloop
  endfacet
  facet normal 0.595732 0 0.803184
    outer loop
      vertex -31.8889 24.0699 6.66965
      vertex -32.015 30.4146 6.76318
      vertex -32.015 23.8998 6.76318
    endloop
  endfacet
  facet normal 0.336926 0 -0.941531
    outer loop
      vertex -31.6123 30.8589 9.47821
      vertex -31.4645 24.6422 9.5311
      vertex -31.6123 24.4428 9.47821
    endloop
  endfacet
  facet normal 0.336926 0 -0.941531
    outer loop
      vertex -31.4645 24.6422 9.5311
      vertex -31.6123 30.8589 9.47821
      vertex -31.4645 31.022 9.5311
    endloop
  endfacet
  facet normal 0.741092 0 0.671404
    outer loop
      vertex -32.2368 30.1699 6.98497
      vertex -32.1314 23.743 6.86863
      vertex -32.1314 30.2862 6.86863
    endloop
  endfacet
  facet normal 0.741092 0 0.671404
    outer loop
      vertex -32.1314 23.743 6.86863
      vertex -32.2368 30.1699 6.98497
      vertex -32.2368 23.6008 6.98497
    endloop
  endfacet
  facet normal 0.514027 0 -0.857774
    outer loop
      vertex -31.8889 30.5537 9.33035
      vertex -31.7542 24.2515 9.41107
      vertex -31.8889 24.0699 9.33035
    endloop
  endfacet
  facet normal 0.514027 0 -0.857774
    outer loop
      vertex -31.7542 24.2515 9.41107
      vertex -31.8889 30.5537 9.33035
      vertex -31.7542 30.7023 9.41107
    endloop
  endfacet
  facet normal 0.427692 0 -0.903925
    outer loop
      vertex -31.7542 30.7023 9.41107
      vertex -31.6123 24.4428 9.47821
      vertex -31.7542 24.2515 9.41107
    endloop
  endfacet
  facet normal 0.427692 0 -0.903925
    outer loop
      vertex -31.6123 24.4428 9.47821
      vertex -31.7542 30.7023 9.41107
      vertex -31.6123 30.8589 9.47821
    endloop
  endfacet
  facet normal 0.242895 0 -0.970053
    outer loop
      vertex -31.4645 31.022 9.5311
      vertex -31.3121 24.8475 9.56926
      vertex -31.4645 24.6422 9.5311
    endloop
  endfacet
  facet normal 0.242895 0 -0.970053
    outer loop
      vertex -31.3121 24.8475 9.56926
      vertex -31.4645 31.022 9.5311
      vertex -31.3121 31.1901 9.56926
    endloop
  endfacet
  facet normal 0 -1 0
    outer loop
      vertex -22.4723 38 6.4
      vertex -12.3873 38 9.6
      vertex -22.4723 38 9.6
    endloop
  endfacet
  facet normal 0 -1 -0
    outer loop
      vertex -12.3873 38 9.6
      vertex -22.4723 38 6.4
      vertex -12.3873 38 6.4
    endloop
  endfacet
  facet normal 0.145154 0.00140632 0.989408
    outer loop
      vertex -31.3121 31.1901 22.4307
      vertex -31.1568 31.3423 22.4077
      vertex -31.2541 31.2541 22.4221
    endloop
  endfacet
  facet normal 0.146502 0 0.98921
    outer loop
      vertex -31.1568 31.3423 22.4077
      vertex -31.3121 31.1901 22.4307
      vertex -31.1568 25.057 22.4077
    endloop
  endfacet
  facet normal 0.146502 0 0.98921
    outer loop
      vertex -31.1568 25.057 22.4077
      vertex -31.3121 31.1901 22.4307
      vertex -31.3121 24.8475 22.4307
    endloop
  endfacet
  facet normal 0.904023 0 -0.427484
    outer loop
      vertex -32.4111 23.3658 24.7542
      vertex -32.4782 29.9035 24.6123
      vertex -32.4111 29.9776 24.7542
    endloop
  endfacet
  facet normal 0.904023 0 -0.427484
    outer loop
      vertex -32.4782 29.9035 24.6123
      vertex -32.4111 23.3658 24.7542
      vertex -32.4782 23.2753 24.6123
    endloop
  endfacet
  facet normal -0 0 1
    outer loop
      vertex -22.4723 38 22.4
      vertex -15.3073 36.9552 22.4
      vertex -12.3873 38 22.4
    endloop
  endfacet
  facet normal 0 0 1
    outer loop
      vertex -22.4723 38 22.4
      vertex -18.8559 35.2768 22.4
      vertex -15.3073 36.9552 22.4
    endloop
  endfacet
  facet normal 0 0 1
    outer loop
      vertex -22.4723 38 22.4
      vertex -22.2228 33.2588 22.4
      vertex -18.8559 35.2768 22.4
    endloop
  endfacet
  facet normal -0 0 1
    outer loop
      vertex -24.5562 36.751 22.4
      vertex -22.2228 33.2588 22.4
      vertex -22.4723 38 22.4
    endloop
  endfacet
  facet normal 0 0 1
    outer loop
      vertex -24.5562 36.751 22.4
      vertex -25.3757 30.9204 22.4
      vertex -22.2228 33.2588 22.4
    endloop
  endfacet
  facet normal -0 0 1
    outer loop
      vertex -28.0402 34.1671 22.4
      vertex -25.3757 30.9204 22.4
      vertex -24.5562 36.751 22.4
    endloop
  endfacet
  facet normal -0 0 1
    outer loop
      vertex -31 31.4844 22.4
      vertex -25.3757 30.9204 22.4
      vertex -28.0402 34.1671 22.4
    endloop
  endfacet
  facet normal 0 0 1
    outer loop
      vertex -25.3757 30.9204 22.4
      vertex -31 31.4844 22.4
      vertex -28.2843 28.2843 22.4
    endloop
  endfacet
  facet normal 0 0 1
    outer loop
      vertex -28.2843 28.2843 22.4
      vertex -31 31.4844 22.4
      vertex -30.9204 25.3757 22.4
    endloop
  endfacet
  facet normal 0 0 1
    outer loop
      vertex -30.9204 25.3757 22.4
      vertex -31 31.4844 22.4
      vertex -31 25.2684 22.4
    endloop
  endfacet
  facet normal 0.336982 0 0.941511
    outer loop
      vertex -31.6123 30.8589 22.5218
      vertex -31.4645 24.6422 22.4689
      vertex -31.4645 31.022 22.4689
    endloop
  endfacet
  facet normal 0.336982 0 0.941511
    outer loop
      vertex -31.4645 24.6422 22.4689
      vertex -31.6123 30.8589 22.5218
      vertex -31.6123 24.4428 22.5218
    endloop
  endfacet
  facet normal 0.671213 0 -0.741264
    outer loop
      vertex -32.1314 30.2862 25.1314
      vertex -32.015 23.8998 25.2368
      vertex -32.1314 23.743 25.1314
    endloop
  endfacet
  facet normal 0.671213 0 -0.741264
    outer loop
      vertex -32.015 23.8998 25.2368
      vertex -32.1314 30.2862 25.1314
      vertex -32.015 30.4146 25.2368
    endloop
  endfacet
  facet normal 0.80297 0 0.596019
    outer loop
      vertex -32.3304 30.0667 23.1111
      vertex -32.2368 23.6008 22.985
      vertex -32.2368 30.1699 22.985
    endloop
  endfacet
  facet normal 0.80297 0 0.596019
    outer loop
      vertex -32.2368 23.6008 22.985
      vertex -32.3304 30.0667 23.1111
      vertex -32.3304 23.4747 23.1111
    endloop
  endfacet
  facet normal 0.741264 0 -0.671213
    outer loop
      vertex -32.1314 23.743 25.1314
      vertex -32.2368 30.1699 25.015
      vertex -32.1314 30.2862 25.1314
    endloop
  endfacet
  facet normal 0.741264 0 -0.671213
    outer loop
      vertex -32.2368 30.1699 25.015
      vertex -32.1314 23.743 25.1314
      vertex -32.2368 23.6008 25.015
    endloop
  endfacet
  facet normal 0.98921 0 0.146502
    outer loop
      vertex -32.5923 29.7777 23.8432
      vertex -32.5693 23.1525 23.6879
      vertex -32.5693 29.8031 23.6879
    endloop
  endfacet
  facet normal 0.98921 0 0.146502
    outer loop
      vertex -32.5693 23.1525 23.6879
      vertex -32.5923 29.7777 23.8432
      vertex -32.5923 23.1215 23.8432
    endloop
  endfacet
  facet normal 0.969993 0 -0.243135
    outer loop
      vertex -32.5311 23.204 24.4645
      vertex -32.5693 29.8031 24.3121
      vertex -32.5311 29.8452 24.4645
    endloop
  endfacet
  facet normal 0.969993 0 -0.243135
    outer loop
      vertex -32.5693 29.8031 24.3121
      vertex -32.5311 23.204 24.4645
      vertex -32.5693 23.1525 24.3121
    endloop
  endfacet
  facet normal 0.998796 0 -0.049048
    outer loop
      vertex -32.5923 23.1215 24.1568
      vertex -32.6 29.7692 24
      vertex -32.5923 29.7777 24.1568
    endloop
  endfacet
  facet normal 0.998796 0 -0.049048
    outer loop
      vertex -32.6 29.7692 24
      vertex -32.5923 23.1215 24.1568
      vertex -32.6 23.1111 24
    endloop
  endfacet
  facet normal 0.049048 0 -0.998796
    outer loop
      vertex -31.1568 31.3423 25.5923
      vertex -31 25.2684 25.6
      vertex -31.1568 25.057 25.5923
    endloop
  endfacet
  facet normal 0.049048 0 -0.998796
    outer loop
      vertex -31 25.2684 25.6
      vertex -31.1568 31.3423 25.5923
      vertex -31 31.4844 25.6
    endloop
  endfacet
  facet normal 0.904023 0 0.427484
    outer loop
      vertex -32.4782 29.9035 23.3877
      vertex -32.4111 23.3658 23.2458
      vertex -32.4111 29.9776 23.2458
    endloop
  endfacet
  facet normal 0.904023 0 0.427484
    outer loop
      vertex -32.4111 23.3658 23.2458
      vertex -32.4782 29.9035 23.3877
      vertex -32.4782 23.2753 23.3877
    endloop
  endfacet
  facet normal 0 0 -1
    outer loop
      vertex -15.3073 36.9552 25.6
      vertex -22.4723 38 25.6
      vertex -12.3873 38 25.6
    endloop
  endfacet
  facet normal 0 0 -1
    outer loop
      vertex -18.8559 35.2768 25.6
      vertex -22.4723 38 25.6
      vertex -15.3073 36.9552 25.6
    endloop
  endfacet
  facet normal 0 0 -1
    outer loop
      vertex -22.2228 33.2588 25.6
      vertex -22.4723 38 25.6
      vertex -18.8559 35.2768 25.6
    endloop
  endfacet
  facet normal 0 0 -1
    outer loop
      vertex -22.2228 33.2588 25.6
      vertex -24.5562 36.751 25.6
      vertex -22.4723 38 25.6
    endloop
  endfacet
  facet normal 0 0 -1
    outer loop
      vertex -25.3757 30.9204 25.6
      vertex -24.5562 36.751 25.6
      vertex -22.2228 33.2588 25.6
    endloop
  endfacet
  facet normal 0 0 -1
    outer loop
      vertex -25.3757 30.9204 25.6
      vertex -28.0402 34.1671 25.6
      vertex -24.5562 36.751 25.6
    endloop
  endfacet
  facet normal 0 0 -1
    outer loop
      vertex -31 31.4844 25.6
      vertex -25.3757 30.9204 25.6
      vertex -28.2843 28.2843 25.6
    endloop
  endfacet
  facet normal 0 0 -1
    outer loop
      vertex -31 31.4844 25.6
      vertex -28.2843 28.2843 25.6
      vertex -30.9204 25.3757 25.6
    endloop
  endfacet
  facet normal 0 0 -1
    outer loop
      vertex -31 31.4844 25.6
      vertex -30.9204 25.3757 25.6
      vertex -31 25.2684 25.6
    endloop
  endfacet
  facet normal 0 0 -1
    outer loop
      vertex -25.3757 30.9204 25.6
      vertex -31 31.4844 25.6
      vertex -28.0402 34.1671 25.6
    endloop
  endfacet
  facet normal 0.941511 0 -0.336982
    outer loop
      vertex -32.4782 23.2753 24.6123
      vertex -32.5311 29.8452 24.4645
      vertex -32.4782 29.9035 24.6123
    endloop
  endfacet
  facet normal 0.941511 0 -0.336982
    outer loop
      vertex -32.5311 29.8452 24.4645
      vertex -32.4782 23.2753 24.6123
      vertex -32.5311 23.204 24.4645
    endloop
  endfacet
  facet normal 0.998796 0 0.049048
    outer loop
      vertex -32.6 29.7692 24
      vertex -32.5923 23.1215 23.8432
      vertex -32.5923 29.7777 23.8432
    endloop
  endfacet
  facet normal 0.998796 0 0.049048
    outer loop
      vertex -32.5923 23.1215 23.8432
      vertex -32.6 29.7692 24
      vertex -32.6 23.1111 24
    endloop
  endfacet
  facet normal 0.941511 0 0.336982
    outer loop
      vertex -32.5311 29.8452 23.5355
      vertex -32.4782 23.2753 23.3877
      vertex -32.4782 29.9035 23.3877
    endloop
  endfacet
  facet normal 0.941511 0 0.336982
    outer loop
      vertex -32.4782 23.2753 23.3877
      vertex -32.5311 29.8452 23.5355
      vertex -32.5311 23.204 23.5355
    endloop
  endfacet
  facet normal 0.969993 0 0.243135
    outer loop
      vertex -32.5693 29.8031 23.6879
      vertex -32.5311 23.204 23.5355
      vertex -32.5311 29.8452 23.5355
    endloop
  endfacet
  facet normal 0.969993 0 0.243135
    outer loop
      vertex -32.5311 23.204 23.5355
      vertex -32.5693 29.8031 23.6879
      vertex -32.5693 23.1525 23.6879
    endloop
  endfacet
  facet normal 0.596019 0 -0.80297
    outer loop
      vertex -32.015 30.4146 25.2368
      vertex -31.8889 24.0699 25.3304
      vertex -32.015 23.8998 25.2368
    endloop
  endfacet
  facet normal 0.596019 0 -0.80297
    outer loop
      vertex -31.8889 24.0699 25.3304
      vertex -32.015 30.4146 25.2368
      vertex -31.8889 30.5537 25.3304
    endloop
  endfacet
  facet normal 0.80297 0 -0.596019
    outer loop
      vertex -32.2368 23.6008 25.015
      vertex -32.3304 30.0667 24.8889
      vertex -32.2368 30.1699 25.015
    endloop
  endfacet
  facet normal 0.80297 0 -0.596019
    outer loop
      vertex -32.3304 30.0667 24.8889
      vertex -32.2368 23.6008 25.015
      vertex -32.3304 23.4747 24.8889
    endloop
  endfacet
  facet normal 0.85783 0 -0.513934
    outer loop
      vertex -32.3304 23.4747 24.8889
      vertex -32.4111 29.9776 24.7542
      vertex -32.3304 30.0667 24.8889
    endloop
  endfacet
  facet normal 0.85783 0 -0.513934
    outer loop
      vertex -32.4111 29.9776 24.7542
      vertex -32.3304 23.4747 24.8889
      vertex -32.4111 23.3658 24.7542
    endloop
  endfacet
  facet normal 0.049048 0 0.998796
    outer loop
      vertex -31.1568 31.3423 22.4077
      vertex -31 25.2684 22.4
      vertex -31 31.4844 22.4
    endloop
  endfacet
  facet normal 0.049048 0 0.998796
    outer loop
      vertex -31 25.2684 22.4
      vertex -31.1568 31.3423 22.4077
      vertex -31.1568 25.057 22.4077
    endloop
  endfacet
  facet normal 0.85783 0 0.513934
    outer loop
      vertex -32.4111 29.9776 23.2458
      vertex -32.3304 23.4747 23.1111
      vertex -32.3304 30.0667 23.1111
    endloop
  endfacet
  facet normal 0.85783 0 0.513934
    outer loop
      vertex -32.3304 23.4747 23.1111
      vertex -32.4111 29.9776 23.2458
      vertex -32.4111 23.3658 23.2458
    endloop
  endfacet
  facet normal 0.98921 0 -0.146502
    outer loop
      vertex -32.5693 23.1525 24.3121
      vertex -32.5923 29.7777 24.1568
      vertex -32.5693 29.8031 24.3121
    endloop
  endfacet
  facet normal 0.98921 0 -0.146502
    outer loop
      vertex -32.5923 29.7777 24.1568
      vertex -32.5693 23.1525 24.3121
      vertex -32.5923 23.1215 24.1568
    endloop
  endfacet
  facet normal 0.146502 0 -0.98921
    outer loop
      vertex -31.3121 31.1901 25.5693
      vertex -31.1568 31.3423 25.5923
      vertex -31.1568 25.057 25.5923
    endloop
  endfacet
  facet normal 0.146502 0 -0.98921
    outer loop
      vertex -31.3121 31.1901 25.5693
      vertex -31.1568 25.057 25.5923
      vertex -31.3121 24.8475 25.5693
    endloop
  endfacet
  facet normal 0.145154 0.00140632 -0.989408
    outer loop
      vertex -31.1568 31.3423 25.5923
      vertex -31.3121 31.1901 25.5693
      vertex -31.2541 31.2541 25.5779
    endloop
  endfacet
  facet normal 0.243135 0 0.969993
    outer loop
      vertex -31.4645 31.022 22.4689
      vertex -31.3121 24.8475 22.4307
      vertex -31.3121 31.1901 22.4307
    endloop
  endfacet
  facet normal 0.243135 0 0.969993
    outer loop
      vertex -31.3121 24.8475 22.4307
      vertex -31.4645 31.022 22.4689
      vertex -31.4645 24.6422 22.4689
    endloop
  endfacet
  facet normal 0.427484 0 0.904023
    outer loop
      vertex -31.7542 30.7023 22.5889
      vertex -31.6123 24.4428 22.5218
      vertex -31.6123 30.8589 22.5218
    endloop
  endfacet
  facet normal 0.427484 0 0.904023
    outer loop
      vertex -31.6123 24.4428 22.5218
      vertex -31.7542 30.7023 22.5889
      vertex -31.7542 24.2515 22.5889
    endloop
  endfacet
  facet normal 0.513934 0 0.85783
    outer loop
      vertex -31.8889 30.5537 22.6696
      vertex -31.7542 24.2515 22.5889
      vertex -31.7542 30.7023 22.5889
    endloop
  endfacet
  facet normal 0.513934 0 0.85783
    outer loop
      vertex -31.7542 24.2515 22.5889
      vertex -31.8889 30.5537 22.6696
      vertex -31.8889 24.0699 22.6696
    endloop
  endfacet
  facet normal 0.671213 0 0.741264
    outer loop
      vertex -32.1314 30.2862 22.8686
      vertex -32.015 23.8998 22.7632
      vertex -32.015 30.4146 22.7632
    endloop
  endfacet
  facet normal 0.671213 0 0.741264
    outer loop
      vertex -32.015 23.8998 22.7632
      vertex -32.1314 30.2862 22.8686
      vertex -32.1314 23.743 22.8686
    endloop
  endfacet
  facet normal 0.596019 0 0.80297
    outer loop
      vertex -32.015 30.4146 22.7632
      vertex -31.8889 24.0699 22.6696
      vertex -31.8889 30.5537 22.6696
    endloop
  endfacet
  facet normal 0.596019 0 0.80297
    outer loop
      vertex -31.8889 24.0699 22.6696
      vertex -32.015 30.4146 22.7632
      vertex -32.015 23.8998 22.7632
    endloop
  endfacet
  facet normal 0.336982 0 -0.941511
    outer loop
      vertex -31.6123 30.8589 25.4782
      vertex -31.4645 24.6422 25.5311
      vertex -31.6123 24.4428 25.4782
    endloop
  endfacet
  facet normal 0.336982 0 -0.941511
    outer loop
      vertex -31.4645 24.6422 25.5311
      vertex -31.6123 30.8589 25.4782
      vertex -31.4645 31.022 25.5311
    endloop
  endfacet
  facet normal 0.741264 0 0.671213
    outer loop
      vertex -32.2368 30.1699 22.985
      vertex -32.1314 23.743 22.8686
      vertex -32.1314 30.2862 22.8686
    endloop
  endfacet
  facet normal 0.741264 0 0.671213
    outer loop
      vertex -32.1314 23.743 22.8686
      vertex -32.2368 30.1699 22.985
      vertex -32.2368 23.6008 22.985
    endloop
  endfacet
  facet normal 0.513934 0 -0.85783
    outer loop
      vertex -31.8889 30.5537 25.3304
      vertex -31.7542 24.2515 25.4111
      vertex -31.8889 24.0699 25.3304
    endloop
  endfacet
  facet normal 0.513934 0 -0.85783
    outer loop
      vertex -31.7542 24.2515 25.4111
      vertex -31.8889 30.5537 25.3304
      vertex -31.7542 30.7023 25.4111
    endloop
  endfacet
  facet normal 0.427484 0 -0.904023
    outer loop
      vertex -31.7542 30.7023 25.4111
      vertex -31.6123 24.4428 25.4782
      vertex -31.7542 24.2515 25.4111
    endloop
  endfacet
  facet normal 0.427484 0 -0.904023
    outer loop
      vertex -31.6123 24.4428 25.4782
      vertex -31.7542 30.7023 25.4111
      vertex -31.6123 30.8589 25.4782
    endloop
  endfacet
  facet normal 0.243135 0 -0.969993
    outer loop
      vertex -31.4645 31.022 25.5311
      vertex -31.3121 24.8475 25.5693
      vertex -31.4645 24.6422 25.5311
    endloop
  endfacet
  facet normal 0.243135 0 -0.969993
    outer loop
      vertex -31.3121 24.8475 25.5693
      vertex -31.4645 31.022 25.5311
      vertex -31.3121 31.1901 25.5693
    endloop
  endfacet
  facet normal 0 -1 0
    outer loop
      vertex -22.4723 38 22.4
      vertex -12.3873 38 25.6
      vertex -22.4723 38 25.6
    endloop
  endfacet
  facet normal 0 -1 -0
    outer loop
      vertex -12.3873 38 25.6
      vertex -22.4723 38 22.4
      vertex -12.3873 38 22.4
    endloop
  endfacet
  facet normal 0.671545 0.740964 -0
    outer loop
      vertex -25.3757 -30.9204 0
      vertex -28.2843 -28.2843 32
      vertex -25.3757 -30.9204 32
    endloop
  endfacet
  facet normal 0.671545 0.740964 0
    outer loop
      vertex -28.2843 -28.2843 32
      vertex -25.3757 -30.9204 0
      vertex -28.2843 -28.2843 0
    endloop
  endfacet
  facet normal 0.941545 -0.336887 0
    outer loop
      vertex -38.2776 11.6114 32
      vertex -36.9552 15.3073 0
      vertex -36.9552 15.3073 32
    endloop
  endfacet
  facet normal 0.941545 -0.336887 0
    outer loop
      vertex -36.9552 15.3073 0
      vertex -38.2776 11.6114 32
      vertex -38.2776 11.6114 0
    endloop
  endfacet
  facet normal -0.989197 -0.146594 0
    outer loop
      vertex 39.2314 7.80361 0
      vertex 39.25 7.6781 14.3817
      vertex 39.2314 7.80361 14.3631
    endloop
  endfacet
  facet normal -0.989176 -0.146736 -1.26434e-06
    outer loop
      vertex 39.2314 7.80361 0
      vertex 39.2733 7.52103 14.421
      vertex 39.25 7.6781 14.3817
    endloop
  endfacet
  facet normal -0.989176 -0.146736 -1.25976e-06
    outer loop
      vertex 39.8074 3.92068 0
      vertex 39.2733 7.52103 14.421
      vertex 39.2314 7.80361 0
    endloop
  endfacet
  facet normal -0.98919 -0.146642 -2.51823e-05
    outer loop
      vertex 39.2733 7.52103 14.421
      vertex 39.8074 3.92068 0
      vertex 39.2959 7.36857 14.4756
    endloop
  endfacet
  facet normal -0.9891 -0.147246 0.000121934
    outer loop
      vertex 39.2959 7.36857 14.4756
      vertex 39.8074 3.92068 0
      vertex 39.3177 7.22219 14.5448
    endloop
  endfacet
  facet normal -0.989178 -0.146724 6.76693e-07
    outer loop
      vertex 39.3177 7.22219 14.5448
      vertex 39.8074 3.92068 0
      vertex 39.3383 7.08331 14.6281
    endloop
  endfacet
  facet normal -0.98917 -0.146777 1.23738e-05
    outer loop
      vertex 39.3383 7.08331 14.6281
      vertex 39.8074 3.92068 0
      vertex 39.3576 6.95325 14.7245
    endloop
  endfacet
  facet normal -0.989275 -0.146067 -0.000137079
    outer loop
      vertex 39.3576 6.95325 14.7245
      vertex 39.8074 3.92068 0
      vertex 39.3753 6.83327 14.8333
    endloop
  endfacet
  facet normal -0.9891 -0.147246 9.94924e-05
    outer loop
      vertex 39.3753 6.83327 14.8333
      vertex 39.8074 3.92068 0
      vertex 39.3915 6.72453 14.9533
    endloop
  endfacet
  facet normal -0.989187 -0.146662 -1.24047e-05
    outer loop
      vertex 39.3915 6.72453 14.9533
      vertex 39.8074 3.92068 0
      vertex 39.4058 6.62807 15.0833
    endloop
  endfacet
  facet normal -0.989239 -0.146305 -7.77809e-05
    outer loop
      vertex 39.4058 6.62807 15.0833
      vertex 39.8074 3.92068 0
      vertex 39.4181 6.54483 15.2222
    endloop
  endfacet
  facet normal -0.989129 -0.147049 5.33122e-05
    outer loop
      vertex 39.4181 6.54483 15.2222
      vertex 39.8074 3.92068 0
      vertex 39.4284 6.4756 15.3686
    endloop
  endfacet
  facet normal -0.989161 -0.146832 1.64376e-05
    outer loop
      vertex 39.4284 6.4756 15.3686
      vertex 39.8074 3.92068 0
      vertex 39.4365 6.42105 15.521
    endloop
  endfacet
  facet normal -0.989258 -0.146177 -9.1447e-05
    outer loop
      vertex 39.4365 6.42105 15.521
      vertex 39.8074 3.92068 0
      vertex 39.4423 6.3817 15.6781
    endloop
  endfacet
  facet normal -0.989516 -0.144425 -0.000360364
    outer loop
      vertex 39.4459 6.35794 15.8383
      vertex 39.8074 3.92068 0
      vertex 39.447 6.35 16
    endloop
  endfacet
  facet normal -0.988952 -0.148233 0.000238473
    outer loop
      vertex 39.4423 6.3817 15.6781
      vertex 39.8074 3.92068 0
      vertex 39.4459 6.35794 15.8383
    endloop
  endfacet
  facet normal -0.989197 -0.146594 0
    outer loop
      vertex 39.25 7.6781 17.6183
      vertex 39.2314 7.80361 32
      vertex 39.2314 7.80361 17.6369
    endloop
  endfacet
  facet normal -0.989176 -0.146736 1.26434e-06
    outer loop
      vertex 39.2733 7.52103 17.579
      vertex 39.2314 7.80361 32
      vertex 39.25 7.6781 17.6183
    endloop
  endfacet
  facet normal -0.98919 -0.146642 2.51823e-05
    outer loop
      vertex 39.8074 3.92068 32
      vertex 39.2733 7.52103 17.579
      vertex 39.2959 7.36857 17.5244
    endloop
  endfacet
  facet normal -0.9891 -0.147246 -0.000121934
    outer loop
      vertex 39.8074 3.92068 32
      vertex 39.2959 7.36857 17.5244
      vertex 39.3177 7.22219 17.4552
    endloop
  endfacet
  facet normal -0.989178 -0.146724 -6.76693e-07
    outer loop
      vertex 39.8074 3.92068 32
      vertex 39.3177 7.22219 17.4552
      vertex 39.3383 7.08331 17.3719
    endloop
  endfacet
  facet normal -0.98917 -0.146777 -1.23738e-05
    outer loop
      vertex 39.8074 3.92068 32
      vertex 39.3383 7.08331 17.3719
      vertex 39.3576 6.95325 17.2755
    endloop
  endfacet
  facet normal -0.989275 -0.146067 0.000137079
    outer loop
      vertex 39.8074 3.92068 32
      vertex 39.3576 6.95325 17.2755
      vertex 39.3753 6.83327 17.1667
    endloop
  endfacet
  facet normal -0.9891 -0.147246 -9.94924e-05
    outer loop
      vertex 39.8074 3.92068 32
      vertex 39.3753 6.83327 17.1667
      vertex 39.3915 6.72453 17.0467
    endloop
  endfacet
  facet normal -0.989187 -0.146662 1.24047e-05
    outer loop
      vertex 39.8074 3.92068 32
      vertex 39.3915 6.72453 17.0467
      vertex 39.4058 6.62807 16.9167
    endloop
  endfacet
  facet normal -0.989239 -0.146305 7.77809e-05
    outer loop
      vertex 39.8074 3.92068 32
      vertex 39.4058 6.62807 16.9167
      vertex 39.4181 6.54483 16.7778
    endloop
  endfacet
  facet normal -0.989129 -0.147049 -5.33122e-05
    outer loop
      vertex 39.8074 3.92068 32
      vertex 39.4181 6.54483 16.7778
      vertex 39.4284 6.4756 16.6314
    endloop
  endfacet
  facet normal -0.989161 -0.146832 -1.64376e-05
    outer loop
      vertex 39.8074 3.92068 32
      vertex 39.4284 6.4756 16.6314
      vertex 39.4365 6.42105 16.479
    endloop
  endfacet
  facet normal -0.989258 -0.146177 9.1447e-05
    outer loop
      vertex 39.8074 3.92068 32
      vertex 39.4365 6.42105 16.479
      vertex 39.4423 6.3817 16.3219
    endloop
  endfacet
  facet normal -0.988952 -0.148233 -0.000238473
    outer loop
      vertex 39.8074 3.92068 32
      vertex 39.4423 6.3817 16.3219
      vertex 39.4459 6.35794 16.1617
    endloop
  endfacet
  facet normal -0.989174 -0.146748 -0
    outer loop
      vertex 39.8074 3.92068 32
      vertex 39.447 6.35 16
      vertex 39.8074 3.92068 0
    endloop
  endfacet
  facet normal -0.989516 -0.144425 0.000360364
    outer loop
      vertex 39.447 6.35 16
      vertex 39.8074 3.92068 32
      vertex 39.4459 6.35794 16.1617
    endloop
  endfacet
  facet normal -0.989176 -0.146736 1.25976e-06
    outer loop
      vertex 39.2733 7.52103 17.579
      vertex 39.8074 3.92068 32
      vertex 39.2314 7.80361 32
    endloop
  endfacet
  facet normal -0.998796 -0.049065 0
    outer loop
      vertex 40 0 0
      vertex 39.8074 3.92068 32
      vertex 39.8074 3.92068 0
    endloop
  endfacet
  facet normal -0.998796 -0.049065 0
    outer loop
      vertex 39.8074 3.92068 32
      vertex 40 0 0
      vertex 40 0 32
    endloop
  endfacet
  facet normal 0.514095 0.857733 -0
    outer loop
      vertex -18.8559 -35.2768 0
      vertex -22.2228 -33.2588 32
      vertex -18.8559 -35.2768 32
    endloop
  endfacet
  facet normal 0.514095 0.857733 0
    outer loop
      vertex -22.2228 -33.2588 32
      vertex -18.8559 -35.2768 0
      vertex -22.2228 -33.2588 0
    endloop
  endfacet
  facet normal -0.671545 -0.740964 0
    outer loop
      vertex 25.3757 30.9204 0
      vertex 28.2843 28.2843 32
      vertex 25.3757 30.9204 32
    endloop
  endfacet
  facet normal -0.671545 -0.740964 -0
    outer loop
      vertex 28.2843 28.2843 32
      vertex 25.3757 30.9204 0
      vertex 28.2843 28.2843 0
    endloop
  endfacet
  facet normal -0.740964 -0.671545 0
    outer loop
      vertex 30.9204 25.3757 0
      vertex 28.2843 28.2843 32
      vertex 28.2843 28.2843 0
    endloop
  endfacet
  facet normal -0.740964 -0.671545 0
    outer loop
      vertex 28.2843 28.2843 32
      vertex 30.9204 25.3757 0
      vertex 30.9204 25.3757 32
    endloop
  endfacet
  facet normal -0.427563 -0.903986 0
    outer loop
      vertex 15.3073 36.9552 0
      vertex 18.8559 35.2768 32
      vertex 15.3073 36.9552 32
    endloop
  endfacet
  facet normal -0.427563 -0.903986 -0
    outer loop
      vertex 18.8559 35.2768 32
      vertex 15.3073 36.9552 0
      vertex 18.8559 35.2768 0
    endloop
  endfacet
  facet normal 0.740964 -0.671545 0
    outer loop
      vertex -30.9204 25.3757 32
      vertex -28.2843 28.2843 25.6
      vertex -28.2843 28.2843 32
    endloop
  endfacet
  facet normal 0.740964 -0.671545 0
    outer loop
      vertex -28.2843 28.2843 25.6
      vertex -30.9204 25.3757 32
      vertex -30.9204 25.3757 25.6
    endloop
  endfacet
  facet normal 0.740964 -0.671545 0
    outer loop
      vertex -30.9204 25.3757 6.4
      vertex -28.2843 28.2843 0
      vertex -28.2843 28.2843 6.4
    endloop
  endfacet
  facet normal 0.740964 -0.671545 0
    outer loop
      vertex -28.2843 28.2843 0
      vertex -30.9204 25.3757 6.4
      vertex -30.9204 25.3757 0
    endloop
  endfacet
  facet normal 0.740964 -0.671545 0
    outer loop
      vertex -30.9204 25.3757 22.4
      vertex -28.2843 28.2843 9.6
      vertex -28.2843 28.2843 22.4
    endloop
  endfacet
  facet normal 0.740964 -0.671545 0
    outer loop
      vertex -28.2843 28.2843 9.6
      vertex -30.9204 25.3757 22.4
      vertex -30.9204 25.3757 9.6
    endloop
  endfacet
  facet normal -0.989174 0.146748 0
    outer loop
      vertex 39.8074 -3.92068 0
      vertex 39.447 -6.35 16
      vertex 39.8074 -3.92068 32
    endloop
  endfacet
  facet normal -0.989516 0.144425 -0.000360364
    outer loop
      vertex 39.8074 -3.92068 0
      vertex 39.4459 -6.35794 15.8383
      vertex 39.447 -6.35 16
    endloop
  endfacet
  facet normal -0.988952 0.148233 0.000238473
    outer loop
      vertex 39.8074 -3.92068 0
      vertex 39.4423 -6.3817 15.6781
      vertex 39.4459 -6.35794 15.8383
    endloop
  endfacet
  facet normal -0.989258 0.146177 -9.1447e-05
    outer loop
      vertex 39.8074 -3.92068 0
      vertex 39.4365 -6.42105 15.521
      vertex 39.4423 -6.3817 15.6781
    endloop
  endfacet
  facet normal -0.989161 0.146832 1.64376e-05
    outer loop
      vertex 39.8074 -3.92068 0
      vertex 39.4284 -6.4756 15.3686
      vertex 39.4365 -6.42105 15.521
    endloop
  endfacet
  facet normal -0.989129 0.147049 5.33122e-05
    outer loop
      vertex 39.8074 -3.92068 0
      vertex 39.4181 -6.54483 15.2222
      vertex 39.4284 -6.4756 15.3686
    endloop
  endfacet
  facet normal -0.989239 0.146305 -7.77809e-05
    outer loop
      vertex 39.8074 -3.92068 0
      vertex 39.4058 -6.62807 15.0833
      vertex 39.4181 -6.54483 15.2222
    endloop
  endfacet
  facet normal -0.989187 0.146662 -1.24047e-05
    outer loop
      vertex 39.8074 -3.92068 0
      vertex 39.3915 -6.72453 14.9533
      vertex 39.4058 -6.62807 15.0833
    endloop
  endfacet
  facet normal -0.9891 0.147246 9.94924e-05
    outer loop
      vertex 39.8074 -3.92068 0
      vertex 39.3753 -6.83327 14.8333
      vertex 39.3915 -6.72453 14.9533
    endloop
  endfacet
  facet normal -0.989275 0.146067 -0.000137079
    outer loop
      vertex 39.8074 -3.92068 0
      vertex 39.3576 -6.95325 14.7245
      vertex 39.3753 -6.83327 14.8333
    endloop
  endfacet
  facet normal -0.98917 0.146777 1.23738e-05
    outer loop
      vertex 39.8074 -3.92068 0
      vertex 39.3383 -7.08331 14.6281
      vertex 39.3576 -6.95325 14.7245
    endloop
  endfacet
  facet normal -0.989178 0.146724 6.76693e-07
    outer loop
      vertex 39.8074 -3.92068 0
      vertex 39.3177 -7.22219 14.5448
      vertex 39.3383 -7.08331 14.6281
    endloop
  endfacet
  facet normal -0.9891 0.147246 0.000121934
    outer loop
      vertex 39.8074 -3.92068 0
      vertex 39.2959 -7.36857 14.4756
      vertex 39.3177 -7.22219 14.5448
    endloop
  endfacet
  facet normal -0.98919 0.146642 -2.51823e-05
    outer loop
      vertex 39.8074 -3.92068 0
      vertex 39.2733 -7.52103 14.421
      vertex 39.2959 -7.36857 14.4756
    endloop
  endfacet
  facet normal -0.989176 0.146736 -1.20513e-06
    outer loop
      vertex 39.8074 -3.92068 0
      vertex 39.25 -7.6781 14.3817
      vertex 39.2733 -7.52103 14.421
    endloop
  endfacet
  facet normal -0.989176 0.146736 -1.2623e-06
    outer loop
      vertex 39.2314 -7.80361 0
      vertex 39.25 -7.6781 14.3817
      vertex 39.8074 -3.92068 0
    endloop
  endfacet
  facet normal -0.989197 0.146594 0
    outer loop
      vertex 39.25 -7.6781 14.3817
      vertex 39.2314 -7.80361 0
      vertex 39.2314 -7.80361 14.3631
    endloop
  endfacet
  facet normal -0.989516 0.144425 0.000360364
    outer loop
      vertex 39.4459 -6.35794 16.1617
      vertex 39.8074 -3.92068 32
      vertex 39.447 -6.35 16
    endloop
  endfacet
  facet normal -0.988952 0.148233 -0.000238473
    outer loop
      vertex 39.4423 -6.3817 16.3219
      vertex 39.8074 -3.92068 32
      vertex 39.4459 -6.35794 16.1617
    endloop
  endfacet
  facet normal -0.989258 0.146177 9.1447e-05
    outer loop
      vertex 39.4365 -6.42105 16.479
      vertex 39.8074 -3.92068 32
      vertex 39.4423 -6.3817 16.3219
    endloop
  endfacet
  facet normal -0.989161 0.146832 -1.64376e-05
    outer loop
      vertex 39.4284 -6.4756 16.6314
      vertex 39.8074 -3.92068 32
      vertex 39.4365 -6.42105 16.479
    endloop
  endfacet
  facet normal -0.989129 0.147049 -5.33122e-05
    outer loop
      vertex 39.4181 -6.54483 16.7778
      vertex 39.8074 -3.92068 32
      vertex 39.4284 -6.4756 16.6314
    endloop
  endfacet
  facet normal -0.989239 0.146305 7.77809e-05
    outer loop
      vertex 39.4058 -6.62807 16.9167
      vertex 39.8074 -3.92068 32
      vertex 39.4181 -6.54483 16.7778
    endloop
  endfacet
  facet normal -0.989187 0.146662 1.24047e-05
    outer loop
      vertex 39.3915 -6.72453 17.0467
      vertex 39.8074 -3.92068 32
      vertex 39.4058 -6.62807 16.9167
    endloop
  endfacet
  facet normal -0.9891 0.147246 -9.94924e-05
    outer loop
      vertex 39.3753 -6.83327 17.1667
      vertex 39.8074 -3.92068 32
      vertex 39.3915 -6.72453 17.0467
    endloop
  endfacet
  facet normal -0.989275 0.146067 0.000137079
    outer loop
      vertex 39.3576 -6.95325 17.2755
      vertex 39.8074 -3.92068 32
      vertex 39.3753 -6.83327 17.1667
    endloop
  endfacet
  facet normal -0.98917 0.146777 -1.23738e-05
    outer loop
      vertex 39.3383 -7.08331 17.3719
      vertex 39.8074 -3.92068 32
      vertex 39.3576 -6.95325 17.2755
    endloop
  endfacet
  facet normal -0.989178 0.146724 -6.76693e-07
    outer loop
      vertex 39.3177 -7.22219 17.4552
      vertex 39.8074 -3.92068 32
      vertex 39.3383 -7.08331 17.3719
    endloop
  endfacet
  facet normal -0.9891 0.147246 -0.000121934
    outer loop
      vertex 39.2959 -7.36857 17.5244
      vertex 39.8074 -3.92068 32
      vertex 39.3177 -7.22219 17.4552
    endloop
  endfacet
  facet normal -0.98919 0.146642 2.51823e-05
    outer loop
      vertex 39.2733 -7.52103 17.579
      vertex 39.8074 -3.92068 32
      vertex 39.2959 -7.36857 17.5244
    endloop
  endfacet
  facet normal -0.989176 0.146736 1.20513e-06
    outer loop
      vertex 39.25 -7.6781 17.6183
      vertex 39.8074 -3.92068 32
      vertex 39.2733 -7.52103 17.579
    endloop
  endfacet
  facet normal -0.989197 0.146594 0
    outer loop
      vertex 39.2314 -7.80361 32
      vertex 39.25 -7.6781 17.6183
      vertex 39.2314 -7.80361 17.6369
    endloop
  endfacet
  facet normal -0.989176 0.146736 1.2623e-06
    outer loop
      vertex 39.25 -7.6781 17.6183
      vertex 39.2314 -7.80361 32
      vertex 39.8074 -3.92068 32
    endloop
  endfacet
  facet normal -0.903986 -0.427563 0
    outer loop
      vertex 36.9552 15.3073 0
      vertex 35.2768 18.8559 32
      vertex 35.2768 18.8559 0
    endloop
  endfacet
  facet normal -0.903986 -0.427563 0
    outer loop
      vertex 35.2768 18.8559 32
      vertex 36.9552 15.3073 0
      vertex 36.9552 15.3073 32
    endloop
  endfacet
  facet normal 0.24298 -0.970031 0
    outer loop
      vertex -11.6114 38.2776 0
      vertex -7.80361 39.2314 32
      vertex -11.6114 38.2776 32
    endloop
  endfacet
  facet normal 0.24298 -0.970031 0
    outer loop
      vertex -7.80361 39.2314 32
      vertex -11.6114 38.2776 0
      vertex -7.80361 39.2314 0
    endloop
  endfacet
  facet normal 0.803133 -0.5958 0
    outer loop
      vertex -30.9204 25.3757 32
      vertex -31 25.2684 25.6
      vertex -30.9204 25.3757 25.6
    endloop
  endfacet
  facet normal 0.80318 -0.595736 -1.66323e-06
    outer loop
      vertex -30.9204 25.3757 32
      vertex -31.1568 25.057 25.5923
      vertex -31 25.2684 25.6
    endloop
  endfacet
  facet normal 0.803348 -0.59551 -1.90685e-05
    outer loop
      vertex -30.9204 25.3757 32
      vertex -31.3121 24.8475 25.5693
      vertex -31.1568 25.057 25.5923
    endloop
  endfacet
  facet normal 0.802943 -0.596056 5.04416e-05
    outer loop
      vertex -30.9204 25.3757 32
      vertex -31.4645 24.6422 25.5311
      vertex -31.3121 24.8475 25.5693
    endloop
  endfacet
  facet normal 0.803201 -0.595708 -1.08884e-05
    outer loop
      vertex -33.2588 22.2228 32
      vertex -31.4645 24.6422 25.5311
      vertex -30.9204 25.3757 32
    endloop
  endfacet
  facet normal 0.803357 -0.595497 0.000111108
    outer loop
      vertex -31.4645 24.6422 25.5311
      vertex -33.2588 22.2228 32
      vertex -31.6123 24.4428 25.4782
    endloop
  endfacet
  facet normal 0.803167 -0.595754 -2.44703e-05
    outer loop
      vertex -31.6123 24.4428 25.4782
      vertex -33.2588 22.2228 32
      vertex -31.7542 24.2515 25.4111
    endloop
  endfacet
  facet normal 0.803177 -0.595741 -1.80267e-05
    outer loop
      vertex -31.7542 24.2515 25.4111
      vertex -33.2588 22.2228 32
      vertex -31.8889 24.0699 25.3304
    endloop
  endfacet
  facet normal 0.803315 -0.595554 6.18621e-05
    outer loop
      vertex -31.8889 24.0699 25.3304
      vertex -33.2588 22.2228 32
      vertex -32.015 23.8998 25.2368
    endloop
  endfacet
  facet normal 0.802976 -0.596011 -0.000113551
    outer loop
      vertex -32.015 23.8998 25.2368
      vertex -33.2588 22.2228 32
      vertex -32.1314 23.743 25.1314
    endloop
  endfacet
  facet normal 0.803353 -0.595503 6.07216e-05
    outer loop
      vertex -32.1314 23.743 25.1314
      vertex -33.2588 22.2228 32
      vertex -32.2368 23.6008 25.015
    endloop
  endfacet
  facet normal 0.803009 -0.595967 -8.11709e-05
    outer loop
      vertex -32.2368 23.6008 25.015
      vertex -33.2588 22.2228 32
      vertex -32.3304 23.4747 24.8889
    endloop
  endfacet
  facet normal 0.803402 -0.595437 6.34097e-05
    outer loop
      vertex -32.3304 23.4747 24.8889
      vertex -33.2588 22.2228 32
      vertex -32.4111 23.3658 24.7542
    endloop
  endfacet
  facet normal 0.803274 -0.59561 2.11637e-05
    outer loop
      vertex -32.4111 23.3658 24.7542
      vertex -33.2588 22.2228 32
      vertex -32.4782 23.2753 24.6123
    endloop
  endfacet
  facet normal 0.803122 -0.595815 -2.40947e-05
    outer loop
      vertex -32.4782 23.2753 24.6123
      vertex -33.2588 22.2228 32
      vertex -32.5311 23.204 24.4645
    endloop
  endfacet
  facet normal 0.803211 -0.595695 0
    outer loop
      vertex -32.6 23.1111 24
      vertex -33.2588 22.2228 32
      vertex -32.6 23.1111 8
    endloop
  endfacet
  facet normal 0.803392 -0.595451 4.19235e-05
    outer loop
      vertex -32.5923 23.1215 24.1568
      vertex -33.2588 22.2228 32
      vertex -32.6 23.1111 24
    endloop
  endfacet
  facet normal 0.803141 -0.595789 -1.80478e-05
    outer loop
      vertex -32.5693 23.1525 24.3121
      vertex -33.2588 22.2228 32
      vertex -32.5923 23.1215 24.1568
    endloop
  endfacet
  facet normal 0.803181 -0.595734 -7.90314e-06
    outer loop
      vertex -32.5311 23.204 24.4645
      vertex -33.2588 22.2228 32
      vertex -32.5693 23.1525 24.3121
    endloop
  endfacet
  facet normal 0.803133 -0.5958 0
    outer loop
      vertex -31 25.2684 22.4
      vertex -30.9204 25.3757 9.6
      vertex -30.9204 25.3757 22.4
    endloop
  endfacet
  facet normal 0.803133 -0.5958 0
    outer loop
      vertex -31 25.2684 22.4
      vertex -31 25.2684 9.6
      vertex -30.9204 25.3757 9.6
    endloop
  endfacet
  facet normal 0.80318 -0.595736 0
    outer loop
      vertex -31.1568 25.057 22.4077
      vertex -31 25.2684 9.6
      vertex -31 25.2684 22.4
    endloop
  endfacet
  facet normal 0.80318 -0.595736 0
    outer loop
      vertex -31.1568 25.057 22.4077
      vertex -31.1568 25.057 9.59229
      vertex -31 25.2684 9.6
    endloop
  endfacet
  facet normal 0.803347 -0.595512 0
    outer loop
      vertex -31.3121 24.8475 22.4307
      vertex -31.1568 25.057 9.59229
      vertex -31.1568 25.057 22.4077
    endloop
  endfacet
  facet normal 0.803347 -0.595512 0
    outer loop
      vertex -31.3121 24.8475 22.4307
      vertex -31.3121 24.8475 9.56926
      vertex -31.1568 25.057 9.59229
    endloop
  endfacet
  facet normal 0.802947 -0.59605 0
    outer loop
      vertex -31.4645 24.6422 22.4689
      vertex -31.3121 24.8475 9.56926
      vertex -31.3121 24.8475 22.4307
    endloop
  endfacet
  facet normal 0.802947 -0.59605 0
    outer loop
      vertex -31.4645 24.6422 22.4689
      vertex -31.4645 24.6422 9.5311
      vertex -31.3121 24.8475 9.56926
    endloop
  endfacet
  facet normal 0.803372 -0.595478 0
    outer loop
      vertex -31.6123 24.4428 22.5218
      vertex -31.4645 24.6422 9.5311
      vertex -31.4645 24.6422 22.4689
    endloop
  endfacet
  facet normal 0.803372 -0.595478 0
    outer loop
      vertex -31.6123 24.4428 22.5218
      vertex -31.6123 24.4428 9.47821
      vertex -31.4645 24.6422 9.5311
    endloop
  endfacet
  facet normal 0.803163 -0.59576 0
    outer loop
      vertex -31.7542 24.2515 22.5889
      vertex -31.6123 24.4428 9.47821
      vertex -31.6123 24.4428 22.5218
    endloop
  endfacet
  facet normal 0.803163 -0.59576 0
    outer loop
      vertex -31.7542 24.2515 22.5889
      vertex -31.7542 24.2515 9.41107
      vertex -31.6123 24.4428 9.47821
    endloop
  endfacet
  facet normal 0.803173 -0.595746 0
    outer loop
      vertex -31.8889 24.0699 22.6696
      vertex -31.7542 24.2515 9.41107
      vertex -31.7542 24.2515 22.5889
    endloop
  endfacet
  facet normal 0.803173 -0.595746 0
    outer loop
      vertex -31.8889 24.0699 22.6696
      vertex -31.8889 24.0699 9.33035
      vertex -31.7542 24.2515 9.41107
    endloop
  endfacet
  facet normal 0.803331 -0.595532 0
    outer loop
      vertex -32.015 23.8998 22.7632
      vertex -31.8889 24.0699 9.33035
      vertex -31.8889 24.0699 22.6696
    endloop
  endfacet
  facet normal 0.803331 -0.595532 0
    outer loop
      vertex -32.015 23.8998 22.7632
      vertex -32.015 23.8998 9.23682
      vertex -31.8889 24.0699 9.33035
    endloop
  endfacet
  facet normal 0.80294 -0.59606 0
    outer loop
      vertex -32.1314 23.743 22.8686
      vertex -32.015 23.8998 9.23682
      vertex -32.015 23.8998 22.7632
    endloop
  endfacet
  facet normal 0.80294 -0.59606 0
    outer loop
      vertex -32.1314 23.743 22.8686
      vertex -32.1314 23.743 9.13137
      vertex -32.015 23.8998 9.23682
    endloop
  endfacet
  facet normal 0.803377 -0.595471 0
    outer loop
      vertex -32.2368 23.6008 22.985
      vertex -32.1314 23.743 9.13137
      vertex -32.1314 23.743 22.8686
    endloop
  endfacet
  facet normal 0.803377 -0.595471 0
    outer loop
      vertex -32.2368 23.6008 22.985
      vertex -32.2368 23.6008 9.01503
      vertex -32.1314 23.743 9.13137
    endloop
  endfacet
  facet normal 0.80297 -0.596019 0
    outer loop
      vertex -32.3304 23.4747 23.1111
      vertex -32.2368 23.6008 9.01503
      vertex -32.2368 23.6008 22.985
    endloop
  endfacet
  facet normal 0.80297 -0.596019 0
    outer loop
      vertex -32.3304 23.4747 23.1111
      vertex -32.3304 23.4747 8.88891
      vertex -32.2368 23.6008 9.01503
    endloop
  endfacet
  facet normal 0.80344 -0.595386 0
    outer loop
      vertex -32.4111 23.3658 23.2458
      vertex -32.3304 23.4747 8.88891
      vertex -32.3304 23.4747 23.1111
    endloop
  endfacet
  facet normal 0.80344 -0.595386 0
    outer loop
      vertex -32.4111 23.3658 23.2458
      vertex -32.4111 23.3658 8.75423
      vertex -32.3304 23.4747 8.88891
    endloop
  endfacet
  facet normal 0.80329 -0.595588 0
    outer loop
      vertex -32.4782 23.2753 23.3877
      vertex -32.4111 23.3658 8.75423
      vertex -32.4111 23.3658 23.2458
    endloop
  endfacet
  facet normal 0.80329 -0.595588 0
    outer loop
      vertex -32.4782 23.2753 23.3877
      vertex -32.4782 23.2753 8.61229
      vertex -32.4111 23.3658 8.75423
    endloop
  endfacet
  facet normal 0.803098 -0.595847 0
    outer loop
      vertex -32.5311 23.204 23.5355
      vertex -32.4782 23.2753 8.61229
      vertex -32.4782 23.2753 23.3877
    endloop
  endfacet
  facet normal 0.803098 -0.595847 0
    outer loop
      vertex -32.5311 23.204 23.5355
      vertex -32.5311 23.204 8.46445
      vertex -32.4782 23.2753 8.61229
    endloop
  endfacet
  facet normal 0.80317 -0.59575 0
    outer loop
      vertex -32.5693 23.1525 23.6879
      vertex -32.5311 23.204 8.46445
      vertex -32.5311 23.204 23.5355
    endloop
  endfacet
  facet normal 0.80317 -0.59575 0
    outer loop
      vertex -32.5693 23.1525 23.6879
      vertex -32.5693 23.1525 8.31214
      vertex -32.5311 23.204 8.46445
    endloop
  endfacet
  facet normal 0.803098 -0.595847 0
    outer loop
      vertex -32.5923 23.1215 23.8432
      vertex -32.5693 23.1525 8.31214
      vertex -32.5693 23.1525 23.6879
    endloop
  endfacet
  facet normal 0.803098 -0.595847 0
    outer loop
      vertex -32.5923 23.1215 23.8432
      vertex -32.5923 23.1215 8.15683
      vertex -32.5693 23.1525 8.31214
    endloop
  endfacet
  facet normal 0.803694 -0.595043 0
    outer loop
      vertex -32.6 23.1111 24
      vertex -32.5923 23.1215 8.15683
      vertex -32.5923 23.1215 23.8432
    endloop
  endfacet
  facet normal 0.803694 -0.595043 0
    outer loop
      vertex -32.5923 23.1215 8.15683
      vertex -32.6 23.1111 24
      vertex -32.6 23.1111 8
    endloop
  endfacet
  facet normal 0.803133 -0.5958 0
    outer loop
      vertex -31 25.2684 6.4
      vertex -30.9204 25.3757 0
      vertex -30.9204 25.3757 6.4
    endloop
  endfacet
  facet normal 0.80318 -0.595736 1.66323e-06
    outer loop
      vertex -31.1568 25.057 6.4077
      vertex -30.9204 25.3757 0
      vertex -31 25.2684 6.4
    endloop
  endfacet
  facet normal 0.803348 -0.59551 1.90687e-05
    outer loop
      vertex -31.3121 24.8475 6.43074
      vertex -30.9204 25.3757 0
      vertex -31.1568 25.057 6.4077
    endloop
  endfacet
  facet normal 0.802943 -0.596056 -5.04402e-05
    outer loop
      vertex -31.4645 24.6422 6.46889
      vertex -30.9204 25.3757 0
      vertex -31.3121 24.8475 6.43074
    endloop
  endfacet
  facet normal 0.803357 -0.595497 -0.000111108
    outer loop
      vertex -33.2588 22.2228 0
      vertex -31.4645 24.6422 6.46889
      vertex -31.6123 24.4428 6.52179
    endloop
  endfacet
  facet normal 0.803167 -0.595754 2.44688e-05
    outer loop
      vertex -33.2588 22.2228 0
      vertex -31.6123 24.4428 6.52179
      vertex -31.7542 24.2515 6.58893
    endloop
  endfacet
  facet normal 0.803177 -0.595741 1.80261e-05
    outer loop
      vertex -33.2588 22.2228 0
      vertex -31.7542 24.2515 6.58893
      vertex -31.8889 24.0699 6.66965
    endloop
  endfacet
  facet normal 0.803315 -0.595554 -6.18678e-05
    outer loop
      vertex -33.2588 22.2228 0
      vertex -31.8889 24.0699 6.66965
      vertex -32.015 23.8998 6.76318
    endloop
  endfacet
  facet normal 0.802976 -0.596011 0.000113544
    outer loop
      vertex -33.2588 22.2228 0
      vertex -32.015 23.8998 6.76318
      vertex -32.1314 23.743 6.86863
    endloop
  endfacet
  facet normal 0.803353 -0.595503 -6.07261e-05
    outer loop
      vertex -33.2588 22.2228 0
      vertex -32.1314 23.743 6.86863
      vertex -32.2368 23.6008 6.98497
    endloop
  endfacet
  facet normal 0.803009 -0.595967 8.11691e-05
    outer loop
      vertex -33.2588 22.2228 0
      vertex -32.2368 23.6008 6.98497
      vertex -32.3304 23.4747 7.11109
    endloop
  endfacet
  facet normal 0.803402 -0.595437 -6.34123e-05
    outer loop
      vertex -33.2588 22.2228 0
      vertex -32.3304 23.4747 7.11109
      vertex -32.4111 23.3658 7.24576
    endloop
  endfacet
  facet normal 0.803274 -0.59561 -2.11623e-05
    outer loop
      vertex -33.2588 22.2228 0
      vertex -32.4111 23.3658 7.24576
      vertex -32.4782 23.2753 7.38771
    endloop
  endfacet
  facet normal 0.803122 -0.595815 2.40936e-05
    outer loop
      vertex -33.2588 22.2228 0
      vertex -32.4782 23.2753 7.38771
      vertex -32.5311 23.204 7.53554
    endloop
  endfacet
  facet normal 0.803181 -0.595734 7.9044e-06
    outer loop
      vertex -33.2588 22.2228 0
      vertex -32.5311 23.204 7.53554
      vertex -32.5693 23.1525 7.68785
    endloop
  endfacet
  facet normal 0.803201 -0.595708 1.08884e-05
    outer loop
      vertex -31.4645 24.6422 6.46889
      vertex -33.2588 22.2228 0
      vertex -30.9204 25.3757 0
    endloop
  endfacet
  facet normal 0.803141 -0.595789 1.8047e-05
    outer loop
      vertex -32.5923 23.1215 7.84317
      vertex -33.2588 22.2228 0
      vertex -32.5693 23.1525 7.68785
    endloop
  endfacet
  facet normal 0.803392 -0.595451 -4.19185e-05
    outer loop
      vertex -32.6 23.1111 8
      vertex -33.2588 22.2228 0
      vertex -32.5923 23.1215 7.84317
    endloop
  endfacet
  facet normal 0.803211 -0.595695 0
    outer loop
      vertex -33.2588 22.2228 0
      vertex -32.6 23.1111 8
      vertex -33.2588 22.2228 32
    endloop
  endfacet
  facet normal -0.24298 -0.970031 0
    outer loop
      vertex 7.80361 39.2314 0
      vertex 11.6114 38.2776 32
      vertex 7.80361 39.2314 32
    endloop
  endfacet
  facet normal -0.24298 -0.970031 -0
    outer loop
      vertex 11.6114 38.2776 32
      vertex 7.80361 39.2314 0
      vertex 11.6114 38.2776 0
    endloop
  endfacet
  facet normal -0.336887 -0.941545 0
    outer loop
      vertex 11.6114 38.2776 0
      vertex 15.3073 36.9552 32
      vertex 11.6114 38.2776 32
    endloop
  endfacet
  facet normal -0.336887 -0.941545 -0
    outer loop
      vertex 15.3073 36.9552 32
      vertex 11.6114 38.2776 0
      vertex 15.3073 36.9552 0
    endloop
  endfacet
  facet normal -0.941545 -0.336887 0
    outer loop
      vertex 38.2776 11.6114 0
      vertex 36.9552 15.3073 32
      vertex 36.9552 15.3073 0
    endloop
  endfacet
  facet normal -0.941545 -0.336887 0
    outer loop
      vertex 36.9552 15.3073 32
      vertex 38.2776 11.6114 0
      vertex 38.2776 11.6114 32
    endloop
  endfacet
  facet normal -0.595708 -0.803201 0
    outer loop
      vertex 22.2228 33.2588 0
      vertex 25.3757 30.9204 32
      vertex 22.2228 33.2588 32
    endloop
  endfacet
  facet normal -0.595708 -0.803201 -0
    outer loop
      vertex 25.3757 30.9204 32
      vertex 22.2228 33.2588 0
      vertex 25.3757 30.9204 0
    endloop
  endfacet
  facet normal 0.857733 0.514095 0
    outer loop
      vertex -33.2588 -22.2228 32
      vertex -35.2768 -18.8559 0
      vertex -35.2768 -18.8559 32
    endloop
  endfacet
  facet normal 0.857733 0.514095 0
    outer loop
      vertex -35.2768 -18.8559 0
      vertex -33.2588 -22.2228 32
      vertex -33.2588 -22.2228 0
    endloop
  endfacet
  facet normal -0.514095 -0.857733 0
    outer loop
      vertex 18.8559 35.2768 0
      vertex 22.2228 33.2588 32
      vertex 18.8559 35.2768 32
    endloop
  endfacet
  facet normal -0.514095 -0.857733 -0
    outer loop
      vertex 22.2228 33.2588 32
      vertex 18.8559 35.2768 0
      vertex 22.2228 33.2588 0
    endloop
  endfacet
  facet normal -0.941545 0.336887 0
    outer loop
      vertex 36.9552 -15.3073 0
      vertex 38.2776 -11.6114 32
      vertex 38.2776 -11.6114 0
    endloop
  endfacet
  facet normal -0.941545 0.336887 0
    outer loop
      vertex 38.2776 -11.6114 32
      vertex 36.9552 -15.3073 0
      vertex 36.9552 -15.3073 32
    endloop
  endfacet
  facet normal 0.857733 -0.514095 0
    outer loop
      vertex -35.2768 18.8559 32
      vertex -33.2588 22.2228 0
      vertex -33.2588 22.2228 32
    endloop
  endfacet
  facet normal 0.857733 -0.514095 0
    outer loop
      vertex -33.2588 22.2228 0
      vertex -35.2768 18.8559 32
      vertex -35.2768 18.8559 0
    endloop
  endfacet
  facet normal 0.970031 0.24298 0
    outer loop
      vertex -38.2776 -11.6114 32
      vertex -39.2314 -7.80361 0
      vertex -39.2314 -7.80361 32
    endloop
  endfacet
  facet normal 0.970031 0.24298 0
    outer loop
      vertex -39.2314 -7.80361 0
      vertex -38.2776 -11.6114 32
      vertex -38.2776 -11.6114 0
    endloop
  endfacet
  facet normal -0.049065 -0.998796 0
    outer loop
      vertex 0 40 0
      vertex 3.92068 39.8074 32
      vertex 0 40 32
    endloop
  endfacet
  facet normal -0.049065 -0.998796 -0
    outer loop
      vertex 3.92068 39.8074 32
      vertex 0 40 0
      vertex 3.92068 39.8074 0
    endloop
  endfacet
  facet normal -0.857733 -0.514095 0
    outer loop
      vertex 35.2768 18.8559 0
      vertex 33.2588 22.2228 32
      vertex 33.2588 22.2228 0
    endloop
  endfacet
  facet normal -0.857733 -0.514095 0
    outer loop
      vertex 33.2588 22.2228 32
      vertex 35.2768 18.8559 0
      vertex 35.2768 18.8559 32
    endloop
  endfacet
  facet normal 0.941545 0.336887 0
    outer loop
      vertex -36.9552 -15.3073 32
      vertex -38.2776 -11.6114 0
      vertex -38.2776 -11.6114 32
    endloop
  endfacet
  facet normal 0.941545 0.336887 0
    outer loop
      vertex -38.2776 -11.6114 0
      vertex -36.9552 -15.3073 32
      vertex -36.9552 -15.3073 0
    endloop
  endfacet
  facet normal 0.671545 -0.740964 0
    outer loop
      vertex -28.2843 28.2843 25.6
      vertex -25.3757 30.9204 32
      vertex -28.2843 28.2843 32
    endloop
  endfacet
  facet normal 0.671545 -0.740964 0
    outer loop
      vertex -25.3757 30.9204 32
      vertex -28.2843 28.2843 25.6
      vertex -25.3757 30.9204 25.6
    endloop
  endfacet
  facet normal 0.671545 -0.740964 0
    outer loop
      vertex -28.2843 28.2843 0
      vertex -25.3757 30.9204 6.4
      vertex -28.2843 28.2843 6.4
    endloop
  endfacet
  facet normal 0.671545 -0.740964 0
    outer loop
      vertex -25.3757 30.9204 6.4
      vertex -28.2843 28.2843 0
      vertex -25.3757 30.9204 0
    endloop
  endfacet
  facet normal 0.671545 -0.740964 0
    outer loop
      vertex -28.2843 28.2843 9.6
      vertex -25.3757 30.9204 22.4
      vertex -28.2843 28.2843 22.4
    endloop
  endfacet
  facet normal 0.671545 -0.740964 0
    outer loop
      vertex -25.3757 30.9204 22.4
      vertex -28.2843 28.2843 9.6
      vertex -25.3757 30.9204 9.6
    endloop
  endfacet
  facet normal -0.969912 0.243457 0
    outer loop
      vertex 39.2314 -7.80361 0
      vertex 39.2227 -7.83827 14.3579
      vertex 39.2314 -7.80361 14.3631
    endloop
  endfacet
  facet normal -0.970047 0.242917 -1.38717e-06
    outer loop
      vertex 39.2314 -7.80361 0
      vertex 39.1822 -8 14.35
      vertex 39.2227 -7.83827 14.3579
    endloop
  endfacet
  facet normal -0.970047 0.242917 -1.38902e-06
    outer loop
      vertex 39.2314 -7.80361 0
      vertex 39.1417 -8.16173 14.3579
      vertex 39.1822 -8 14.35
    endloop
  endfacet
  facet normal -0.970061 0.242863 -2.81003e-06
    outer loop
      vertex 39.2314 -7.80361 0
      vertex 39.1016 -8.3219 14.3817
      vertex 39.1417 -8.16173 14.3579
    endloop
  endfacet
  facet normal -0.970031 0.24298 1.66258e-06
    outer loop
      vertex 38.2776 -11.6114 0
      vertex 39.1016 -8.3219 14.3817
      vertex 39.2314 -7.80361 0
    endloop
  endfacet
  facet normal -0.969954 0.243288 -7.33575e-05
    outer loop
      vertex 39.1016 -8.3219 14.3817
      vertex 38.2776 -11.6114 0
      vertex 39.0622 -8.47897 14.421
    endloop
  endfacet
  facet normal -0.970155 0.242484 0.000112396
    outer loop
      vertex 39.0622 -8.47897 14.421
      vertex 38.2776 -11.6114 0
      vertex 39.0241 -8.63143 14.4756
    endloop
  endfacet
  facet normal -0.969979 0.243188 -4.15917e-05
    outer loop
      vertex 39.0241 -8.63143 14.4756
      vertex 38.2776 -11.6114 0
      vertex 38.9874 -8.7778 14.5448
    endloop
  endfacet
  facet normal -0.970017 0.243039 -1.08164e-05
    outer loop
      vertex 38.9874 -8.7778 14.5448
      vertex 38.2776 -11.6114 0
      vertex 38.9526 -8.91669 14.6281
    endloop
  endfacet
  facet normal -0.969998 0.243114 -2.55906e-05
    outer loop
      vertex 38.9526 -8.91669 14.6281
      vertex 38.2776 -11.6114 0
      vertex 38.92 -9.04675 14.7245
    endloop
  endfacet
  facet normal -0.970119 0.242629 6.433e-05
    outer loop
      vertex 38.92 -9.04675 14.7245
      vertex 38.2776 -11.6114 0
      vertex 38.89 -9.16673 14.8333
    endloop
  endfacet
  facet normal -0.96992 0.243423 -7.48504e-05
    outer loop
      vertex 38.89 -9.16673 14.8333
      vertex 38.2776 -11.6114 0
      vertex 38.8627 -9.27547 14.9533
    endloop
  endfacet
  facet normal -0.970148 0.242514 7.61163e-05
    outer loop
      vertex 38.8627 -9.27547 14.9533
      vertex 38.2776 -11.6114 0
      vertex 38.8386 -9.37192 15.0833
    endloop
  endfacet
  facet normal -0.969927 0.243396 -6.30721e-05
    outer loop
      vertex 38.8386 -9.37192 15.0833
      vertex 38.2776 -11.6114 0
      vertex 38.8177 -9.45517 15.2222
    endloop
  endfacet
  facet normal -0.970136 0.242561 6.25815e-05
    outer loop
      vertex 38.8177 -9.45517 15.2222
      vertex 38.2776 -11.6114 0
      vertex 38.8004 -9.5244 15.3686
    endloop
  endfacet
  facet normal -0.969921 0.24342 -6.13615e-05
    outer loop
      vertex 38.8004 -9.5244 15.3686
      vertex 38.2776 -11.6114 0
      vertex 38.7867 -9.57895 15.521
    endloop
  endfacet
  facet normal -0.970247 0.242116 0.000120049
    outer loop
      vertex 38.7867 -9.57895 15.521
      vertex 38.2776 -11.6114 0
      vertex 38.7769 -9.6183 15.6781
    endloop
  endfacet
  facet normal -0.969961 0.243262 -3.70318e-05
    outer loop
      vertex 38.7709 -9.64205 15.8383
      vertex 38.2776 -11.6114 0
      vertex 38.7689 -9.65 16
    endloop
  endfacet
  facet normal -0.969764 0.244045 -0.000140526
    outer loop
      vertex 38.7769 -9.6183 15.6781
      vertex 38.2776 -11.6114 0
      vertex 38.7709 -9.64205 15.8383
    endloop
  endfacet
  facet normal -0.969912 0.243457 0
    outer loop
      vertex 39.2227 -7.83827 17.6421
      vertex 39.2314 -7.80361 32
      vertex 39.2314 -7.80361 17.6369
    endloop
  endfacet
  facet normal -0.970047 0.242917 1.38717e-06
    outer loop
      vertex 39.1822 -8 17.65
      vertex 39.2314 -7.80361 32
      vertex 39.2227 -7.83827 17.6421
    endloop
  endfacet
  facet normal -0.970047 0.242917 1.38902e-06
    outer loop
      vertex 39.1417 -8.16173 17.6421
      vertex 39.2314 -7.80361 32
      vertex 39.1822 -8 17.65
    endloop
  endfacet
  facet normal -0.970061 0.242863 2.81003e-06
    outer loop
      vertex 39.1016 -8.3219 17.6183
      vertex 39.2314 -7.80361 32
      vertex 39.1417 -8.16173 17.6421
    endloop
  endfacet
  facet normal -0.969954 0.243288 7.33575e-05
    outer loop
      vertex 38.2776 -11.6114 32
      vertex 39.1016 -8.3219 17.6183
      vertex 39.0622 -8.47897 17.579
    endloop
  endfacet
  facet normal -0.970155 0.242484 -0.000112396
    outer loop
      vertex 38.2776 -11.6114 32
      vertex 39.0622 -8.47897 17.579
      vertex 39.0241 -8.63143 17.5244
    endloop
  endfacet
  facet normal -0.969979 0.243188 4.15917e-05
    outer loop
      vertex 38.2776 -11.6114 32
      vertex 39.0241 -8.63143 17.5244
      vertex 38.9874 -8.7778 17.4552
    endloop
  endfacet
  facet normal -0.970017 0.243039 1.08164e-05
    outer loop
      vertex 38.2776 -11.6114 32
      vertex 38.9874 -8.7778 17.4552
      vertex 38.9526 -8.91669 17.3719
    endloop
  endfacet
  facet normal -0.969998 0.243114 2.55906e-05
    outer loop
      vertex 38.2776 -11.6114 32
      vertex 38.9526 -8.91669 17.3719
      vertex 38.92 -9.04675 17.2755
    endloop
  endfacet
  facet normal -0.970119 0.242629 -6.433e-05
    outer loop
      vertex 38.2776 -11.6114 32
      vertex 38.92 -9.04675 17.2755
      vertex 38.89 -9.16673 17.1667
    endloop
  endfacet
  facet normal -0.96992 0.243423 7.48504e-05
    outer loop
      vertex 38.2776 -11.6114 32
      vertex 38.89 -9.16673 17.1667
      vertex 38.8627 -9.27547 17.0467
    endloop
  endfacet
  facet normal -0.970148 0.242514 -7.61163e-05
    outer loop
      vertex 38.2776 -11.6114 32
      vertex 38.8627 -9.27547 17.0467
      vertex 38.8386 -9.37192 16.9167
    endloop
  endfacet
  facet normal -0.969927 0.243396 6.30721e-05
    outer loop
      vertex 38.2776 -11.6114 32
      vertex 38.8386 -9.37192 16.9167
      vertex 38.8177 -9.45517 16.7778
    endloop
  endfacet
  facet normal -0.970136 0.242561 -6.25815e-05
    outer loop
      vertex 38.2776 -11.6114 32
      vertex 38.8177 -9.45517 16.7778
      vertex 38.8004 -9.5244 16.6314
    endloop
  endfacet
  facet normal -0.969921 0.24342 6.13615e-05
    outer loop
      vertex 38.2776 -11.6114 32
      vertex 38.8004 -9.5244 16.6314
      vertex 38.7867 -9.57895 16.479
    endloop
  endfacet
  facet normal -0.970247 0.242116 -0.000120049
    outer loop
      vertex 38.2776 -11.6114 32
      vertex 38.7867 -9.57895 16.479
      vertex 38.7769 -9.6183 16.3219
    endloop
  endfacet
  facet normal -0.969764 0.244045 0.000140526
    outer loop
      vertex 38.2776 -11.6114 32
      vertex 38.7769 -9.6183 16.3219
      vertex 38.7709 -9.64205 16.1617
    endloop
  endfacet
  facet normal -0.970032 0.242978 0
    outer loop
      vertex 38.2776 -11.6114 32
      vertex 38.7689 -9.65 16
      vertex 38.2776 -11.6114 0
    endloop
  endfacet
  facet normal -0.969961 0.243262 3.70318e-05
    outer loop
      vertex 38.7689 -9.65 16
      vertex 38.2776 -11.6114 32
      vertex 38.7709 -9.64205 16.1617
    endloop
  endfacet
  facet normal -0.970031 0.24298 -1.66258e-06
    outer loop
      vertex 39.1016 -8.3219 17.6183
      vertex 38.2776 -11.6114 32
      vertex 39.2314 -7.80361 32
    endloop
  endfacet
  facet normal 0.514095 -0.857733 0
    outer loop
      vertex -22.2228 33.2588 25.6
      vertex -18.8559 35.2768 32
      vertex -22.2228 33.2588 32
    endloop
  endfacet
  facet normal 0.514095 -0.857733 0
    outer loop
      vertex -18.8559 35.2768 32
      vertex -22.2228 33.2588 25.6
      vertex -18.8559 35.2768 25.6
    endloop
  endfacet
  facet normal 0.514095 -0.857733 0
    outer loop
      vertex -22.2228 33.2588 0
      vertex -18.8559 35.2768 6.4
      vertex -22.2228 33.2588 6.4
    endloop
  endfacet
  facet normal 0.514095 -0.857733 0
    outer loop
      vertex -18.8559 35.2768 6.4
      vertex -22.2228 33.2588 0
      vertex -18.8559 35.2768 0
    endloop
  endfacet
  facet normal 0.514095 -0.857733 0
    outer loop
      vertex -22.2228 33.2588 9.6
      vertex -18.8559 35.2768 22.4
      vertex -22.2228 33.2588 22.4
    endloop
  endfacet
  facet normal 0.514095 -0.857733 0
    outer loop
      vertex -18.8559 35.2768 22.4
      vertex -22.2228 33.2588 9.6
      vertex -18.8559 35.2768 9.6
    endloop
  endfacet
  facet normal 0.998796 0.049065 0
    outer loop
      vertex -39.8074 -3.92068 32
      vertex -40 0 0
      vertex -40 0 32
    endloop
  endfacet
  facet normal 0.998796 0.049065 0
    outer loop
      vertex -40 0 0
      vertex -39.8074 -3.92068 32
      vertex -39.8074 -3.92068 0
    endloop
  endfacet
  facet normal 0.970031 -0.24298 0
    outer loop
      vertex -39.2314 7.80361 32
      vertex -38.2776 11.6114 0
      vertex -38.2776 11.6114 32
    endloop
  endfacet
  facet normal 0.970031 -0.24298 0
    outer loop
      vertex -38.2776 11.6114 0
      vertex -39.2314 7.80361 32
      vertex -39.2314 7.80361 0
    endloop
  endfacet
  facet normal -0.427563 0.903986 0
    outer loop
      vertex 18.8559 -35.2768 0
      vertex 15.3073 -36.9552 32
      vertex 18.8559 -35.2768 32
    endloop
  endfacet
  facet normal -0.427563 0.903986 0
    outer loop
      vertex 15.3073 -36.9552 32
      vertex 18.8559 -35.2768 0
      vertex 15.3073 -36.9552 0
    endloop
  endfacet
  facet normal 0.336892 -0.941543 0
    outer loop
      vertex -15.3073 36.9552 6.4
      vertex -15.3073 36.9552 0
      vertex -12.3873 38 6.4
    endloop
  endfacet
  facet normal 0.336892 -0.941543 0
    outer loop
      vertex -15.3073 36.9552 22.4
      vertex -15.3073 36.9552 9.6
      vertex -12.3873 38 22.4
    endloop
  endfacet
  facet normal 0.336892 -0.941543 0
    outer loop
      vertex -12.3873 38 25.6
      vertex -15.3073 36.9552 32
      vertex -15.3073 36.9552 25.6
    endloop
  endfacet
  facet normal 0.336887 -0.941545 -2.7195e-06
    outer loop
      vertex -15.3073 36.9552 32
      vertex -12.3873 38 25.6
      vertex -11.6114 38.2776 32
    endloop
  endfacet
  facet normal 0.336867 -0.941552 0
    outer loop
      vertex -12.3873 38 22.4
      vertex -11.6114 38.2776 32
      vertex -12.3873 38 25.6
    endloop
  endfacet
  facet normal 0.336892 -0.941543 0
    outer loop
      vertex -12.3873 38 9.6
      vertex -12.3873 38 22.4
      vertex -15.3073 36.9552 9.6
    endloop
  endfacet
  facet normal 0.336867 -0.941552 0
    outer loop
      vertex -12.3873 38 9.6
      vertex -11.6114 38.2776 32
      vertex -12.3873 38 22.4
    endloop
  endfacet
  facet normal 0.336867 -0.941552 0
    outer loop
      vertex -11.6114 38.2776 0
      vertex -12.3873 38 9.6
      vertex -12.3873 38 6.4
    endloop
  endfacet
  facet normal 0.336867 -0.941552 0
    outer loop
      vertex -12.3873 38 9.6
      vertex -11.6114 38.2776 0
      vertex -11.6114 38.2776 32
    endloop
  endfacet
  facet normal 0.336887 -0.941545 2.7195e-06
    outer loop
      vertex -11.6114 38.2776 0
      vertex -12.3873 38 6.4
      vertex -15.3073 36.9552 0
    endloop
  endfacet
  facet normal -0.514095 0.857733 0
    outer loop
      vertex 22.2228 -33.2588 0
      vertex 18.8559 -35.2768 32
      vertex 22.2228 -33.2588 32
    endloop
  endfacet
  facet normal -0.514095 0.857733 0
    outer loop
      vertex 18.8559 -35.2768 32
      vertex 22.2228 -33.2588 0
      vertex 18.8559 -35.2768 0
    endloop
  endfacet
  facet normal -0.740964 0.671545 0
    outer loop
      vertex 28.2843 -28.2843 0
      vertex 30.9204 -25.3757 32
      vertex 30.9204 -25.3757 0
    endloop
  endfacet
  facet normal -0.740964 0.671545 0
    outer loop
      vertex 30.9204 -25.3757 32
      vertex 28.2843 -28.2843 0
      vertex 28.2843 -28.2843 32
    endloop
  endfacet
  facet normal -0.803201 0.595708 0
    outer loop
      vertex 30.9204 -25.3757 0
      vertex 33.2588 -22.2228 32
      vertex 33.2588 -22.2228 0
    endloop
  endfacet
  facet normal -0.803201 0.595708 0
    outer loop
      vertex 33.2588 -22.2228 32
      vertex 30.9204 -25.3757 0
      vertex 30.9204 -25.3757 32
    endloop
  endfacet
  facet normal 0.049065 -0.998796 0
    outer loop
      vertex -3.92068 39.8074 0
      vertex 0 40 32
      vertex -3.92068 39.8074 32
    endloop
  endfacet
  facet normal 0.049065 -0.998796 0
    outer loop
      vertex 0 40 32
      vertex -3.92068 39.8074 0
      vertex 0 40 0
    endloop
  endfacet
  facet normal 0.427563 -0.903986 0
    outer loop
      vertex -18.8559 35.2768 25.6
      vertex -15.3073 36.9552 32
      vertex -18.8559 35.2768 32
    endloop
  endfacet
  facet normal 0.427563 -0.903986 0
    outer loop
      vertex -15.3073 36.9552 32
      vertex -18.8559 35.2768 25.6
      vertex -15.3073 36.9552 25.6
    endloop
  endfacet
  facet normal 0.427563 -0.903986 0
    outer loop
      vertex -18.8559 35.2768 0
      vertex -15.3073 36.9552 6.4
      vertex -18.8559 35.2768 6.4
    endloop
  endfacet
  facet normal 0.427563 -0.903986 0
    outer loop
      vertex -15.3073 36.9552 6.4
      vertex -18.8559 35.2768 0
      vertex -15.3073 36.9552 0
    endloop
  endfacet
  facet normal 0.427563 -0.903986 0
    outer loop
      vertex -18.8559 35.2768 9.6
      vertex -15.3073 36.9552 22.4
      vertex -18.8559 35.2768 22.4
    endloop
  endfacet
  facet normal 0.427563 -0.903986 0
    outer loop
      vertex -15.3073 36.9552 22.4
      vertex -18.8559 35.2768 9.6
      vertex -15.3073 36.9552 9.6
    endloop
  endfacet
  facet normal 0.595708 -0.803201 0
    outer loop
      vertex -25.3757 30.9204 25.6
      vertex -22.2228 33.2588 32
      vertex -25.3757 30.9204 32
    endloop
  endfacet
  facet normal 0.595708 -0.803201 0
    outer loop
      vertex -22.2228 33.2588 32
      vertex -25.3757 30.9204 25.6
      vertex -22.2228 33.2588 25.6
    endloop
  endfacet
  facet normal 0.595708 -0.803201 0
    outer loop
      vertex -25.3757 30.9204 0
      vertex -22.2228 33.2588 6.4
      vertex -25.3757 30.9204 6.4
    endloop
  endfacet
  facet normal 0.595708 -0.803201 0
    outer loop
      vertex -22.2228 33.2588 6.4
      vertex -25.3757 30.9204 0
      vertex -22.2228 33.2588 0
    endloop
  endfacet
  facet normal 0.595708 -0.803201 0
    outer loop
      vertex -25.3757 30.9204 9.6
      vertex -22.2228 33.2588 22.4
      vertex -25.3757 30.9204 22.4
    endloop
  endfacet
  facet normal 0.595708 -0.803201 0
    outer loop
      vertex -22.2228 33.2588 22.4
      vertex -25.3757 30.9204 9.6
      vertex -22.2228 33.2588 9.6
    endloop
  endfacet
  facet normal 0.989176 -0.146736 0
    outer loop
      vertex -39.8074 3.92068 32
      vertex -39.2314 7.80361 0
      vertex -39.2314 7.80361 32
    endloop
  endfacet
  facet normal 0.989176 -0.146736 0
    outer loop
      vertex -39.2314 7.80361 0
      vertex -39.8074 3.92068 32
      vertex -39.8074 3.92068 0
    endloop
  endfacet
  facet normal 0.242973 0.970033 -0
    outer loop
      vertex -9 -38.9317 0
      vertex -11.6114 -38.2776 32
      vertex -9 -38.9317 32
    endloop
  endfacet
  facet normal 0.242973 0.970033 0
    outer loop
      vertex -11.6114 -38.2776 32
      vertex -9 -38.9317 0
      vertex -11.6114 -38.2776 0
    endloop
  endfacet
  facet normal -0.970032 -0.242978 0
    outer loop
      vertex 38.2776 11.6114 0
      vertex 38.7689 9.65 16
      vertex 38.2776 11.6114 32
    endloop
  endfacet
  facet normal -0.969961 -0.243262 -3.70318e-05
    outer loop
      vertex 38.2776 11.6114 0
      vertex 38.7709 9.64205 15.8383
      vertex 38.7689 9.65 16
    endloop
  endfacet
  facet normal -0.969764 -0.244045 -0.000140526
    outer loop
      vertex 38.2776 11.6114 0
      vertex 38.7769 9.6183 15.6781
      vertex 38.7709 9.64205 15.8383
    endloop
  endfacet
  facet normal -0.970247 -0.242116 0.000120049
    outer loop
      vertex 38.2776 11.6114 0
      vertex 38.7867 9.57895 15.521
      vertex 38.7769 9.6183 15.6781
    endloop
  endfacet
  facet normal -0.969921 -0.24342 -6.13615e-05
    outer loop
      vertex 38.2776 11.6114 0
      vertex 38.8004 9.5244 15.3686
      vertex 38.7867 9.57895 15.521
    endloop
  endfacet
  facet normal -0.970136 -0.242561 6.25815e-05
    outer loop
      vertex 38.2776 11.6114 0
      vertex 38.8177 9.45517 15.2222
      vertex 38.8004 9.5244 15.3686
    endloop
  endfacet
  facet normal -0.969927 -0.243396 -6.30721e-05
    outer loop
      vertex 38.2776 11.6114 0
      vertex 38.8386 9.37192 15.0833
      vertex 38.8177 9.45517 15.2222
    endloop
  endfacet
  facet normal -0.970148 -0.242514 7.61163e-05
    outer loop
      vertex 38.2776 11.6114 0
      vertex 38.8627 9.27547 14.9533
      vertex 38.8386 9.37192 15.0833
    endloop
  endfacet
  facet normal -0.96992 -0.243423 -7.48504e-05
    outer loop
      vertex 38.2776 11.6114 0
      vertex 38.89 9.16673 14.8333
      vertex 38.8627 9.27547 14.9533
    endloop
  endfacet
  facet normal -0.970119 -0.242629 6.433e-05
    outer loop
      vertex 38.2776 11.6114 0
      vertex 38.92 9.04675 14.7245
      vertex 38.89 9.16673 14.8333
    endloop
  endfacet
  facet normal -0.969998 -0.243114 -2.55906e-05
    outer loop
      vertex 38.2776 11.6114 0
      vertex 38.9526 8.91669 14.6281
      vertex 38.92 9.04675 14.7245
    endloop
  endfacet
  facet normal -0.970017 -0.243039 -1.08164e-05
    outer loop
      vertex 38.2776 11.6114 0
      vertex 38.9874 8.7778 14.5448
      vertex 38.9526 8.91669 14.6281
    endloop
  endfacet
  facet normal -0.969979 -0.243188 -4.15917e-05
    outer loop
      vertex 38.2776 11.6114 0
      vertex 39.0241 8.63143 14.4756
      vertex 38.9874 8.7778 14.5448
    endloop
  endfacet
  facet normal -0.970155 -0.242484 0.000112396
    outer loop
      vertex 38.2776 11.6114 0
      vertex 39.0622 8.47897 14.421
      vertex 39.0241 8.63143 14.4756
    endloop
  endfacet
  facet normal -0.969954 -0.243288 -7.33575e-05
    outer loop
      vertex 38.2776 11.6114 0
      vertex 39.1016 8.3219 14.3817
      vertex 39.0622 8.47897 14.421
    endloop
  endfacet
  facet normal -0.970031 -0.24298 1.66258e-06
    outer loop
      vertex 39.2314 7.80361 0
      vertex 39.1016 8.3219 14.3817
      vertex 38.2776 11.6114 0
    endloop
  endfacet
  facet normal -0.970061 -0.242863 -2.81003e-06
    outer loop
      vertex 39.1016 8.3219 14.3817
      vertex 39.2314 7.80361 0
      vertex 39.1417 8.16173 14.3579
    endloop
  endfacet
  facet normal -0.970047 -0.242917 -1.38902e-06
    outer loop
      vertex 39.1417 8.16173 14.3579
      vertex 39.2314 7.80361 0
      vertex 39.1822 8 14.35
    endloop
  endfacet
  facet normal -0.970047 -0.242917 -1.38717e-06
    outer loop
      vertex 39.1822 8 14.35
      vertex 39.2314 7.80361 0
      vertex 39.2227 7.83827 14.3579
    endloop
  endfacet
  facet normal -0.969912 -0.243457 0
    outer loop
      vertex 39.2227 7.83827 14.3579
      vertex 39.2314 7.80361 0
      vertex 39.2314 7.80361 14.3631
    endloop
  endfacet
  facet normal -0.969961 -0.243262 3.70318e-05
    outer loop
      vertex 38.7709 9.64205 16.1617
      vertex 38.2776 11.6114 32
      vertex 38.7689 9.65 16
    endloop
  endfacet
  facet normal -0.969764 -0.244045 0.000140526
    outer loop
      vertex 38.7769 9.6183 16.3219
      vertex 38.2776 11.6114 32
      vertex 38.7709 9.64205 16.1617
    endloop
  endfacet
  facet normal -0.970247 -0.242116 -0.000120049
    outer loop
      vertex 38.7867 9.57895 16.479
      vertex 38.2776 11.6114 32
      vertex 38.7769 9.6183 16.3219
    endloop
  endfacet
  facet normal -0.969921 -0.24342 6.13615e-05
    outer loop
      vertex 38.8004 9.5244 16.6314
      vertex 38.2776 11.6114 32
      vertex 38.7867 9.57895 16.479
    endloop
  endfacet
  facet normal -0.970136 -0.242561 -6.25815e-05
    outer loop
      vertex 38.8177 9.45517 16.7778
      vertex 38.2776 11.6114 32
      vertex 38.8004 9.5244 16.6314
    endloop
  endfacet
  facet normal -0.969927 -0.243396 6.30721e-05
    outer loop
      vertex 38.8386 9.37192 16.9167
      vertex 38.2776 11.6114 32
      vertex 38.8177 9.45517 16.7778
    endloop
  endfacet
  facet normal -0.970148 -0.242514 -7.61163e-05
    outer loop
      vertex 38.8627 9.27547 17.0467
      vertex 38.2776 11.6114 32
      vertex 38.8386 9.37192 16.9167
    endloop
  endfacet
  facet normal -0.96992 -0.243423 7.48504e-05
    outer loop
      vertex 38.89 9.16673 17.1667
      vertex 38.2776 11.6114 32
      vertex 38.8627 9.27547 17.0467
    endloop
  endfacet
  facet normal -0.970119 -0.242629 -6.433e-05
    outer loop
      vertex 38.92 9.04675 17.2755
      vertex 38.2776 11.6114 32
      vertex 38.89 9.16673 17.1667
    endloop
  endfacet
  facet normal -0.969998 -0.243114 2.55906e-05
    outer loop
      vertex 38.9526 8.91669 17.3719
      vertex 38.2776 11.6114 32
      vertex 38.92 9.04675 17.2755
    endloop
  endfacet
  facet normal -0.970017 -0.243039 1.08164e-05
    outer loop
      vertex 38.9874 8.7778 17.4552
      vertex 38.2776 11.6114 32
      vertex 38.9526 8.91669 17.3719
    endloop
  endfacet
  facet normal -0.969979 -0.243188 4.15917e-05
    outer loop
      vertex 39.0241 8.63143 17.5244
      vertex 38.2776 11.6114 32
      vertex 38.9874 8.7778 17.4552
    endloop
  endfacet
  facet normal -0.970155 -0.242484 -0.000112396
    outer loop
      vertex 39.0622 8.47897 17.579
      vertex 38.2776 11.6114 32
      vertex 39.0241 8.63143 17.5244
    endloop
  endfacet
  facet normal -0.969954 -0.243288 7.33575e-05
    outer loop
      vertex 39.1016 8.3219 17.6183
      vertex 38.2776 11.6114 32
      vertex 39.0622 8.47897 17.579
    endloop
  endfacet
  facet normal -0.970061 -0.242863 2.81003e-06
    outer loop
      vertex 39.2314 7.80361 32
      vertex 39.1016 8.3219 17.6183
      vertex 39.1417 8.16173 17.6421
    endloop
  endfacet
  facet normal -0.970047 -0.242917 1.38902e-06
    outer loop
      vertex 39.2314 7.80361 32
      vertex 39.1417 8.16173 17.6421
      vertex 39.1822 8 17.65
    endloop
  endfacet
  facet normal -0.970047 -0.242917 1.38717e-06
    outer loop
      vertex 39.2314 7.80361 32
      vertex 39.1822 8 17.65
      vertex 39.2227 7.83827 17.6421
    endloop
  endfacet
  facet normal -0.969912 -0.243457 -0
    outer loop
      vertex 39.2314 7.80361 32
      vertex 39.2227 7.83827 17.6421
      vertex 39.2314 7.80361 17.6369
    endloop
  endfacet
  facet normal -0.970031 -0.24298 -1.66258e-06
    outer loop
      vertex 39.1016 8.3219 17.6183
      vertex 39.2314 7.80361 32
      vertex 38.2776 11.6114 32
    endloop
  endfacet
  facet normal -0.803201 -0.595708 0
    outer loop
      vertex 33.2588 22.2228 0
      vertex 30.9204 25.3757 32
      vertex 30.9204 25.3757 0
    endloop
  endfacet
  facet normal -0.803201 -0.595708 0
    outer loop
      vertex 30.9204 25.3757 32
      vertex 33.2588 22.2228 0
      vertex 33.2588 22.2228 32
    endloop
  endfacet
  facet normal 0.803201 0.595708 0
    outer loop
      vertex -30.9204 -25.3757 32
      vertex -33.2588 -22.2228 0
      vertex -33.2588 -22.2228 32
    endloop
  endfacet
  facet normal 0.803201 0.595708 0
    outer loop
      vertex -33.2588 -22.2228 0
      vertex -30.9204 -25.3757 32
      vertex -30.9204 -25.3757 0
    endloop
  endfacet
  facet normal 0.903986 0.427563 0
    outer loop
      vertex -35.2768 -18.8559 32
      vertex -36.9552 -15.3073 0
      vertex -36.9552 -15.3073 32
    endloop
  endfacet
  facet normal 0.903986 0.427563 0
    outer loop
      vertex -36.9552 -15.3073 0
      vertex -35.2768 -18.8559 32
      vertex -35.2768 -18.8559 0
    endloop
  endfacet
  facet normal -0.146736 -0.989176 0
    outer loop
      vertex 3.92068 39.8074 0
      vertex 7.80361 39.2314 32
      vertex 3.92068 39.8074 32
    endloop
  endfacet
  facet normal -0.146736 -0.989176 -0
    outer loop
      vertex 7.80361 39.2314 32
      vertex 3.92068 39.8074 0
      vertex 7.80361 39.2314 0
    endloop
  endfacet
  facet normal 0.427563 0.903986 -0
    outer loop
      vertex -15.3073 -36.9552 0
      vertex -18.8559 -35.2768 32
      vertex -15.3073 -36.9552 32
    endloop
  endfacet
  facet normal 0.427563 0.903986 0
    outer loop
      vertex -18.8559 -35.2768 32
      vertex -15.3073 -36.9552 0
      vertex -18.8559 -35.2768 0
    endloop
  endfacet
  facet normal -0.595708 0.803201 0
    outer loop
      vertex 25.3757 -30.9204 0
      vertex 22.2228 -33.2588 32
      vertex 25.3757 -30.9204 32
    endloop
  endfacet
  facet normal -0.595708 0.803201 0
    outer loop
      vertex 22.2228 -33.2588 32
      vertex 25.3757 -30.9204 0
      vertex 22.2228 -33.2588 0
    endloop
  endfacet
  facet normal -0.998796 0.049065 0
    outer loop
      vertex 39.8074 -3.92068 0
      vertex 40 0 32
      vertex 40 0 0
    endloop
  endfacet
  facet normal -0.998796 0.049065 0
    outer loop
      vertex 40 0 32
      vertex 39.8074 -3.92068 0
      vertex 39.8074 -3.92068 32
    endloop
  endfacet
  facet normal 0.146736 -0.989176 0
    outer loop
      vertex -7.80361 39.2314 0
      vertex -3.92068 39.8074 32
      vertex -7.80361 39.2314 32
    endloop
  endfacet
  facet normal 0.146736 -0.989176 0
    outer loop
      vertex -3.92068 39.8074 32
      vertex -7.80361 39.2314 0
      vertex -3.92068 39.8074 0
    endloop
  endfacet
  facet normal 0.989176 0.146736 0
    outer loop
      vertex -39.2314 -7.80361 32
      vertex -39.8074 -3.92068 0
      vertex -39.8074 -3.92068 32
    endloop
  endfacet
  facet normal 0.989176 0.146736 0
    outer loop
      vertex -39.8074 -3.92068 0
      vertex -39.2314 -7.80361 32
      vertex -39.2314 -7.80361 0
    endloop
  endfacet
  facet normal -0.336887 0.941545 0
    outer loop
      vertex 15.3073 -36.9552 0
      vertex 11.6114 -38.2776 32
      vertex 15.3073 -36.9552 32
    endloop
  endfacet
  facet normal -0.336887 0.941545 0
    outer loop
      vertex 11.6114 -38.2776 32
      vertex 15.3073 -36.9552 0
      vertex 11.6114 -38.2776 0
    endloop
  endfacet
  facet normal -0.242973 0.970033 0
    outer loop
      vertex 11.6114 -38.2776 0
      vertex 9 -38.9317 32
      vertex 11.6114 -38.2776 32
    endloop
  endfacet
  facet normal -0.242973 0.970033 0
    outer loop
      vertex 9 -38.9317 32
      vertex 11.6114 -38.2776 0
      vertex 9 -38.9317 0
    endloop
  endfacet
  facet normal 0.740964 0.671545 0
    outer loop
      vertex -28.2843 -28.2843 32
      vertex -30.9204 -25.3757 0
      vertex -30.9204 -25.3757 32
    endloop
  endfacet
  facet normal 0.740964 0.671545 0
    outer loop
      vertex -30.9204 -25.3757 0
      vertex -28.2843 -28.2843 32
      vertex -28.2843 -28.2843 0
    endloop
  endfacet
  facet normal 0.903986 -0.427563 0
    outer loop
      vertex -36.9552 15.3073 32
      vertex -35.2768 18.8559 0
      vertex -35.2768 18.8559 32
    endloop
  endfacet
  facet normal 0.903986 -0.427563 0
    outer loop
      vertex -35.2768 18.8559 0
      vertex -36.9552 15.3073 32
      vertex -36.9552 15.3073 0
    endloop
  endfacet
  facet normal 0.595708 0.803201 -0
    outer loop
      vertex -22.2228 -33.2588 0
      vertex -25.3757 -30.9204 32
      vertex -22.2228 -33.2588 32
    endloop
  endfacet
  facet normal 0.595708 0.803201 0
    outer loop
      vertex -25.3757 -30.9204 32
      vertex -22.2228 -33.2588 0
      vertex -25.3757 -30.9204 0
    endloop
  endfacet
  facet normal -0.903986 0.427563 0
    outer loop
      vertex 35.2768 -18.8559 0
      vertex 36.9552 -15.3073 32
      vertex 36.9552 -15.3073 0
    endloop
  endfacet
  facet normal -0.903986 0.427563 0
    outer loop
      vertex 36.9552 -15.3073 32
      vertex 35.2768 -18.8559 0
      vertex 35.2768 -18.8559 32
    endloop
  endfacet
  facet normal -0.857733 0.514095 0
    outer loop
      vertex 33.2588 -22.2228 0
      vertex 35.2768 -18.8559 32
      vertex 35.2768 -18.8559 0
    endloop
  endfacet
  facet normal -0.857733 0.514095 0
    outer loop
      vertex 35.2768 -18.8559 32
      vertex 33.2588 -22.2228 0
      vertex 33.2588 -22.2228 32
    endloop
  endfacet
  facet normal 0.998796 -0.049065 0
    outer loop
      vertex -40 0 32
      vertex -39.8074 3.92068 0
      vertex -39.8074 3.92068 32
    endloop
  endfacet
  facet normal 0.998796 -0.049065 0
    outer loop
      vertex -39.8074 3.92068 0
      vertex -40 0 32
      vertex -40 0 0
    endloop
  endfacet
  facet normal 0.336887 0.941545 -0
    outer loop
      vertex -11.6114 -38.2776 0
      vertex -15.3073 -36.9552 32
      vertex -11.6114 -38.2776 32
    endloop
  endfacet
  facet normal 0.336887 0.941545 0
    outer loop
      vertex -15.3073 -36.9552 32
      vertex -11.6114 -38.2776 0
      vertex -15.3073 -36.9552 0
    endloop
  endfacet
  facet normal -0.671545 0.740964 0
    outer loop
      vertex 28.2843 -28.2843 0
      vertex 25.3757 -30.9204 32
      vertex 28.2843 -28.2843 32
    endloop
  endfacet
  facet normal -0.671545 0.740964 0
    outer loop
      vertex 25.3757 -30.9204 32
      vertex 28.2843 -28.2843 0
      vertex 25.3757 -30.9204 0
    endloop
  endfacet
  facet normal -1 0 0
    outer loop
      vertex 9 -43.2563 0
      vertex 9 -38.9317 32
      vertex 9 -38.9317 0
    endloop
  endfacet
  facet normal -1 -0 0
    outer loop
      vertex 9 -38.9317 32
      vertex 9 -43.2563 0
      vertex 9 -43.2563 32
    endloop
  endfacet
  facet normal 1 -0 0
    outer loop
      vertex -9 -43.2563 32
      vertex -9 -38.9317 0
      vertex -9 -38.9317 32
    endloop
  endfacet
  facet normal 1 0 0
    outer loop
      vertex -9 -38.9317 0
      vertex -9 -43.2563 32
      vertex -9 -43.2563 0
    endloop
  endfacet
  facet normal 0 -0.242725 0.970095
    outer loop
      vertex 46.05 8.47897 14.421
      vertex 39.1016 8.3219 14.3817
      vertex 46.05 8.3219 14.3817
    endloop
  endfacet
  facet normal 0 -0.242725 0.970095
    outer loop
      vertex 39.1016 8.3219 14.3817
      vertex 46.05 8.47897 14.421
      vertex 39.0622 8.47897 14.421
    endloop
  endfacet
  facet normal -0 -0.970033 -0.242971
    outer loop
      vertex 46.05 9.6183 16.3219
      vertex 38.7867 9.57895 16.479
      vertex 38.7769 9.6183 16.3219
    endloop
  endfacet
  facet normal 0 -0.970033 -0.242971
    outer loop
      vertex 38.7867 9.57895 16.479
      vertex 46.05 9.6183 16.3219
      vertex 46.05 9.57895 16.479
    endloop
  endfacet
  facet normal 0 -0.595464 0.803382
    outer loop
      vertex 46.05 9.04675 14.7245
      vertex 38.9526 8.91669 14.6281
      vertex 46.05 8.91669 14.6281
    endloop
  endfacet
  facet normal 0 -0.595464 0.803382
    outer loop
      vertex 38.9526 8.91669 14.6281
      vertex 46.05 9.04675 14.7245
      vertex 38.92 9.04675 14.7245
    endloop
  endfacet
  facet normal 0 -0.0487887 0.998809
    outer loop
      vertex 46.05 8.16173 14.3579
      vertex 39.1822 8 14.35
      vertex 46.05 8 14.35
    endloop
  endfacet
  facet normal 0 -0.0487887 0.998809
    outer loop
      vertex 39.1822 8 14.35
      vertex 46.05 8.16173 14.3579
      vertex 39.1417 8.16173 14.3579
    endloop
  endfacet
  facet normal 0 0.857765 0.514042
    outer loop
      vertex 46.05 6.62807 15.0833
      vertex 39.4181 6.54483 15.2222
      vertex 46.05 6.54483 15.2222
    endloop
  endfacet
  facet normal 0 0.857765 0.514042
    outer loop
      vertex 39.4181 6.54483 15.2222
      vertex 46.05 6.62807 15.0833
      vertex 39.4058 6.62807 15.0833
    endloop
  endfacet
  facet normal 0 0.941504 0.337002
    outer loop
      vertex 46.05 6.4756 15.3686
      vertex 39.4365 6.42105 15.521
      vertex 46.05 6.42105 15.521
    endloop
  endfacet
  facet normal 0 0.941504 0.337002
    outer loop
      vertex 39.4365 6.42105 15.521
      vertex 46.05 6.4756 15.3686
      vertex 39.4284 6.4756 15.3686
    endloop
  endfacet
  facet normal 0 0.514369 -0.857569
    outer loop
      vertex 39.3383 7.08331 17.3719
      vertex 46.05 7.22219 17.4552
      vertex 46.05 7.08331 17.3719
    endloop
  endfacet
  facet normal 0 0.514369 -0.857569
    outer loop
      vertex 46.05 7.22219 17.4552
      vertex 39.3383 7.08331 17.3719
      vertex 39.3177 7.22219 17.4552
    endloop
  endfacet
  facet normal 0 -0.242725 -0.970095
    outer loop
      vertex 39.1016 8.3219 17.6183
      vertex 46.05 8.47897 17.579
      vertex 46.05 8.3219 17.6183
    endloop
  endfacet
  facet normal -0 -0.242725 -0.970095
    outer loop
      vertex 46.05 8.47897 17.579
      vertex 39.1016 8.3219 17.6183
      vertex 39.0622 8.47897 17.579
    endloop
  endfacet
  facet normal -0 -0.741018 -0.671486
    outer loop
      vertex 46.05 9.27547 17.0467
      vertex 38.89 9.16673 17.1667
      vertex 38.8627 9.27547 17.0467
    endloop
  endfacet
  facet normal 0 -0.741018 -0.671486
    outer loop
      vertex 38.89 9.16673 17.1667
      vertex 46.05 9.27547 17.0467
      vertex 46.05 9.16673 17.1667
    endloop
  endfacet
  facet normal -0 -0.857738 -0.514087
    outer loop
      vertex 46.05 9.45517 16.7778
      vertex 38.8386 9.37192 16.9167
      vertex 38.8177 9.45517 16.7778
    endloop
  endfacet
  facet normal 0 -0.857738 -0.514087
    outer loop
      vertex 38.8386 9.37192 16.9167
      vertex 46.05 9.45517 16.7778
      vertex 46.05 9.37192 16.9167
    endloop
  endfacet
  facet normal 0 0.98918 0.14671
    outer loop
      vertex 46.05 6.3817 15.6781
      vertex 39.4459 6.35794 15.8383
      vertex 46.05 6.35794 15.8383
    endloop
  endfacet
  facet normal 0 0.98918 0.14671
    outer loop
      vertex 39.4459 6.35794 15.8383
      vertex 46.05 6.3817 15.6781
      vertex 39.4423 6.3817 15.6781
    endloop
  endfacet
  facet normal 0 -0.595464 -0.803382
    outer loop
      vertex 38.9526 8.91669 17.3719
      vertex 46.05 9.04675 17.2755
      vertex 46.05 8.91669 17.3719
    endloop
  endfacet
  facet normal -0 -0.595464 -0.803382
    outer loop
      vertex 46.05 9.04675 17.2755
      vertex 38.9526 8.91669 17.3719
      vertex 38.92 9.04675 17.2755
    endloop
  endfacet
  facet normal 0 -0.857738 0.514087
    outer loop
      vertex 38.8386 9.37192 15.0833
      vertex 46.05 9.45517 15.2222
      vertex 38.8177 9.45517 15.2222
    endloop
  endfacet
  facet normal 0 -0.857738 0.514087
    outer loop
      vertex 46.05 9.45517 15.2222
      vertex 38.8386 9.37192 15.0833
      vertex 46.05 9.37192 15.0833
    endloop
  endfacet
  facet normal 0 0.857765 -0.514042
    outer loop
      vertex 39.4181 6.54483 16.7778
      vertex 46.05 6.62807 16.9167
      vertex 46.05 6.54483 16.7778
    endloop
  endfacet
  facet normal 0 0.857765 -0.514042
    outer loop
      vertex 46.05 6.62807 16.9167
      vertex 39.4181 6.54483 16.7778
      vertex 39.4058 6.62807 16.9167
    endloop
  endfacet
  facet normal 0 -0.989189 0.146649
    outer loop
      vertex 38.7769 9.6183 15.6781
      vertex 46.05 9.64205 15.8383
      vertex 38.7709 9.64205 15.8383
    endloop
  endfacet
  facet normal 0 -0.989189 0.146649
    outer loop
      vertex 46.05 9.64205 15.8383
      vertex 38.7769 9.6183 15.6781
      vertex 46.05 9.6183 15.6781
    endloop
  endfacet
  facet normal 0 -0.337158 -0.941448
    outer loop
      vertex 39.0622 8.47897 17.579
      vertex 46.05 8.63143 17.5244
      vertex 46.05 8.47897 17.579
    endloop
  endfacet
  facet normal -0 -0.337158 -0.941448
    outer loop
      vertex 46.05 8.63143 17.5244
      vertex 39.0622 8.47897 17.579
      vertex 39.0241 8.63143 17.5244
    endloop
  endfacet
  facet normal 0 -0.941504 0.337002
    outer loop
      vertex 38.8004 9.5244 15.3686
      vertex 46.05 9.57895 15.521
      vertex 38.7867 9.57895 15.521
    endloop
  endfacet
  facet normal 0 -0.941504 0.337002
    outer loop
      vertex 46.05 9.57895 15.521
      vertex 38.8004 9.5244 15.3686
      vertex 46.05 9.5244 15.3686
    endloop
  endfacet
  facet normal 0 0.904018 -0.427494
    outer loop
      vertex 39.4284 6.4756 16.6314
      vertex 46.05 6.54483 16.7778
      vertex 46.05 6.4756 16.6314
    endloop
  endfacet
  facet normal 0 0.904018 -0.427494
    outer loop
      vertex 46.05 6.54483 16.7778
      vertex 39.4284 6.4756 16.6314
      vertex 39.4181 6.54483 16.7778
    endloop
  endfacet
  facet normal 0 0.941504 -0.337002
    outer loop
      vertex 39.4365 6.42105 16.479
      vertex 46.05 6.4756 16.6314
      vertex 46.05 6.42105 16.479
    endloop
  endfacet
  facet normal 0 0.941504 -0.337002
    outer loop
      vertex 46.05 6.4756 16.6314
      vertex 39.4365 6.42105 16.479
      vertex 39.4284 6.4756 16.6314
    endloop
  endfacet
  facet normal 0 -0.803103 0.59584
    outer loop
      vertex 38.8627 9.27547 14.9533
      vertex 46.05 9.37192 15.0833
      vertex 38.8386 9.37192 15.0833
    endloop
  endfacet
  facet normal 0 -0.803103 0.59584
    outer loop
      vertex 46.05 9.37192 15.0833
      vertex 38.8627 9.27547 14.9533
      vertex 46.05 9.27547 14.9533
    endloop
  endfacet
  facet normal 0 -0.427414 -0.904056
    outer loop
      vertex 39.0241 8.63143 17.5244
      vertex 46.05 8.7778 17.4552
      vertex 46.05 8.63143 17.5244
    endloop
  endfacet
  facet normal -0 -0.427414 -0.904056
    outer loop
      vertex 46.05 8.7778 17.4552
      vertex 39.0241 8.63143 17.5244
      vertex 38.9874 8.7778 17.4552
    endloop
  endfacet
  facet normal 0 0.595464 0.803382
    outer loop
      vertex 46.05 7.08331 14.6281
      vertex 39.3576 6.95325 14.7245
      vertex 46.05 6.95325 14.7245
    endloop
  endfacet
  facet normal 0 0.595464 0.803382
    outer loop
      vertex 39.3576 6.95325 14.7245
      vertex 46.05 7.08331 14.6281
      vertex 39.3383 7.08331 14.6281
    endloop
  endfacet
  facet normal 0 -0.146978 -0.98914
    outer loop
      vertex 39.1417 8.16173 17.6421
      vertex 46.05 8.3219 17.6183
      vertex 46.05 8.16173 17.6421
    endloop
  endfacet
  facet normal -0 -0.146978 -0.98914
    outer loop
      vertex 46.05 8.3219 17.6183
      vertex 39.1417 8.16173 17.6421
      vertex 39.1016 8.3219 17.6183
    endloop
  endfacet
  facet normal 0 -0.998794 0.0491058
    outer loop
      vertex 38.7709 9.64205 15.8383
      vertex 46.05 9.65 16
      vertex 38.7689 9.65 16
    endloop
  endfacet
  facet normal 0 -0.998794 0.0491058
    outer loop
      vertex 46.05 9.65 16
      vertex 38.7709 9.64205 15.8383
      vertex 46.05 9.64205 15.8383
    endloop
  endfacet
  facet normal 0 0.337158 -0.941448
    outer loop
      vertex 39.2959 7.36857 17.5244
      vertex 46.05 7.52103 17.579
      vertex 46.05 7.36857 17.5244
    endloop
  endfacet
  facet normal 0 0.337158 -0.941448
    outer loop
      vertex 46.05 7.52103 17.579
      vertex 39.2959 7.36857 17.5244
      vertex 39.2733 7.52103 17.579
    endloop
  endfacet
  facet normal -0 -0.904018 -0.427494
    outer loop
      vertex 46.05 9.5244 16.6314
      vertex 38.8177 9.45517 16.7778
      vertex 38.8004 9.5244 16.6314
    endloop
  endfacet
  facet normal 0 -0.904018 -0.427494
    outer loop
      vertex 38.8177 9.45517 16.7778
      vertex 46.05 9.5244 16.6314
      vertex 46.05 9.45517 16.7778
    endloop
  endfacet
  facet normal 0 0.427391 0.904067
    outer loop
      vertex 46.05 7.36857 14.4756
      vertex 39.3177 7.22219 14.5448
      vertex 46.05 7.22219 14.5448
    endloop
  endfacet
  facet normal 0 0.427391 0.904067
    outer loop
      vertex 39.3177 7.22219 14.5448
      vertex 46.05 7.36857 14.4756
      vertex 39.2959 7.36857 14.4756
    endloop
  endfacet
  facet normal 0 0.803073 -0.59588
    outer loop
      vertex 39.4058 6.62807 16.9167
      vertex 46.05 6.72453 17.0467
      vertex 46.05 6.62807 16.9167
    endloop
  endfacet
  facet normal 0 0.803073 -0.59588
    outer loop
      vertex 46.05 6.72453 17.0467
      vertex 39.4058 6.62807 16.9167
      vertex 39.3915 6.72453 17.0467
    endloop
  endfacet
  facet normal 0 -0.514341 -0.857586
    outer loop
      vertex 38.9874 8.7778 17.4552
      vertex 46.05 8.91669 17.3719
      vertex 46.05 8.7778 17.4552
    endloop
  endfacet
  facet normal -0 -0.514341 -0.857586
    outer loop
      vertex 46.05 8.91669 17.3719
      vertex 38.9874 8.7778 17.4552
      vertex 38.9526 8.91669 17.3719
    endloop
  endfacet
  facet normal 0 0.427391 -0.904067
    outer loop
      vertex 39.3177 7.22219 17.4552
      vertex 46.05 7.36857 17.5244
      vertex 46.05 7.22219 17.4552
    endloop
  endfacet
  facet normal 0 0.427391 -0.904067
    outer loop
      vertex 46.05 7.36857 17.5244
      vertex 39.3177 7.22219 17.4552
      vertex 39.2959 7.36857 17.5244
    endloop
  endfacet
  facet normal 0 0.0487887 0.998809
    outer loop
      vertex 46.05 8 14.35
      vertex 39.2227 7.83827 14.3579
      vertex 46.05 7.83827 14.3579
    endloop
  endfacet
  facet normal 0 0.0487887 0.998809
    outer loop
      vertex 39.2227 7.83827 14.3579
      vertex 46.05 8 14.35
      vertex 39.1822 8 14.35
    endloop
  endfacet
  facet normal 0 -0.146978 0.98914
    outer loop
      vertex 46.05 8.3219 14.3817
      vertex 39.1417 8.16173 14.3579
      vertex 46.05 8.16173 14.3579
    endloop
  endfacet
  facet normal 0 -0.146978 0.98914
    outer loop
      vertex 39.1417 8.16173 14.3579
      vertex 46.05 8.3219 14.3817
      vertex 39.1016 8.3219 14.3817
    endloop
  endfacet
  facet normal 0 0.337158 0.941448
    outer loop
      vertex 46.05 7.52103 14.421
      vertex 39.2959 7.36857 14.4756
      vertex 46.05 7.36857 14.4756
    endloop
  endfacet
  facet normal 0 0.337158 0.941448
    outer loop
      vertex 39.2959 7.36857 14.4756
      vertex 46.05 7.52103 14.421
      vertex 39.2733 7.52103 14.421
    endloop
  endfacet
  facet normal 0 0.970033 0.242971
    outer loop
      vertex 46.05 6.42105 15.521
      vertex 39.4423 6.3817 15.6781
      vertex 46.05 6.3817 15.6781
    endloop
  endfacet
  facet normal 0 0.970033 0.242971
    outer loop
      vertex 39.4423 6.3817 15.6781
      vertex 46.05 6.42105 15.521
      vertex 39.4365 6.42105 15.521
    endloop
  endfacet
  facet normal 0 -0.337158 0.941448
    outer loop
      vertex 46.05 8.63143 14.4756
      vertex 39.0622 8.47897 14.421
      vertex 46.05 8.47897 14.421
    endloop
  endfacet
  facet normal 0 -0.337158 0.941448
    outer loop
      vertex 39.0622 8.47897 14.421
      vertex 46.05 8.63143 14.4756
      vertex 39.0241 8.63143 14.4756
    endloop
  endfacet
  facet normal 0 0.0487887 -0.998809
    outer loop
      vertex 39.2227 7.83827 17.6421
      vertex 46.05 8 17.65
      vertex 46.05 7.83827 17.6421
    endloop
  endfacet
  facet normal 0 0.0487887 -0.998809
    outer loop
      vertex 46.05 8 17.65
      vertex 39.2227 7.83827 17.6421
      vertex 39.1822 8 17.65
    endloop
  endfacet
  facet normal 0 0.146978 0.98914
    outer loop
      vertex 46.05 7.83827 14.3579
      vertex 39.25 7.6781 14.3817
      vertex 46.05 7.6781 14.3817
    endloop
  endfacet
  facet normal 9.21228e-06 0.146596 0.989196
    outer loop
      vertex 46.05 7.83827 14.3579
      vertex 39.2314 7.80361 14.3631
      vertex 39.25 7.6781 14.3817
    endloop
  endfacet
  facet normal 0 0.148368 0.988932
    outer loop
      vertex 39.2314 7.80361 14.3631
      vertex 46.05 7.83827 14.3579
      vertex 39.2227 7.83827 14.3579
    endloop
  endfacet
  facet normal 0 0.741018 -0.671486
    outer loop
      vertex 39.3915 6.72453 17.0467
      vertex 46.05 6.83327 17.1667
      vertex 46.05 6.72453 17.0467
    endloop
  endfacet
  facet normal 0 0.741018 -0.671486
    outer loop
      vertex 46.05 6.83327 17.1667
      vertex 39.3915 6.72453 17.0467
      vertex 39.3753 6.83327 17.1667
    endloop
  endfacet
  facet normal 0 0.242725 0.970095
    outer loop
      vertex 46.05 7.6781 14.3817
      vertex 39.2733 7.52103 14.421
      vertex 46.05 7.52103 14.421
    endloop
  endfacet
  facet normal 0 0.242725 0.970095
    outer loop
      vertex 39.2733 7.52103 14.421
      vertex 46.05 7.6781 14.3817
      vertex 39.25 7.6781 14.3817
    endloop
  endfacet
  facet normal 0 -0.427414 0.904056
    outer loop
      vertex 46.05 8.7778 14.5448
      vertex 39.0241 8.63143 14.4756
      vertex 46.05 8.63143 14.4756
    endloop
  endfacet
  facet normal 0 -0.427414 0.904056
    outer loop
      vertex 39.0241 8.63143 14.4756
      vertex 46.05 8.7778 14.5448
      vertex 38.9874 8.7778 14.5448
    endloop
  endfacet
  facet normal 0 -0.741018 0.671486
    outer loop
      vertex 38.89 9.16673 14.8333
      vertex 46.05 9.27547 14.9533
      vertex 38.8627 9.27547 14.9533
    endloop
  endfacet
  facet normal 0 -0.741018 0.671486
    outer loop
      vertex 46.05 9.27547 14.9533
      vertex 38.89 9.16673 14.8333
      vertex 46.05 9.16673 14.8333
    endloop
  endfacet
  facet normal 0 -0.67175 0.740778
    outer loop
      vertex 46.05 9.16673 14.8333
      vertex 38.92 9.04675 14.7245
      vertex 46.05 9.04675 14.7245
    endloop
  endfacet
  facet normal 0 -0.67175 0.740778
    outer loop
      vertex 38.92 9.04675 14.7245
      vertex 46.05 9.16673 14.8333
      vertex 38.89 9.16673 14.8333
    endloop
  endfacet
  facet normal -0 -0.941504 -0.337002
    outer loop
      vertex 46.05 9.57895 16.479
      vertex 38.8004 9.5244 16.6314
      vertex 38.7867 9.57895 16.479
    endloop
  endfacet
  facet normal 0 -0.941504 -0.337002
    outer loop
      vertex 38.8004 9.5244 16.6314
      vertex 46.05 9.57895 16.479
      vertex 46.05 9.5244 16.6314
    endloop
  endfacet
  facet normal 0 0.514369 0.857569
    outer loop
      vertex 46.05 7.22219 14.5448
      vertex 39.3383 7.08331 14.6281
      vertex 46.05 7.08331 14.6281
    endloop
  endfacet
  facet normal 0 0.514369 0.857569
    outer loop
      vertex 39.3383 7.08331 14.6281
      vertex 46.05 7.22219 14.5448
      vertex 39.3177 7.22219 14.5448
    endloop
  endfacet
  facet normal 0 -0.904018 0.427494
    outer loop
      vertex 38.8177 9.45517 15.2222
      vertex 46.05 9.5244 15.3686
      vertex 38.8004 9.5244 15.3686
    endloop
  endfacet
  facet normal 0 -0.904018 0.427494
    outer loop
      vertex 46.05 9.5244 15.3686
      vertex 38.8177 9.45517 15.2222
      vertex 46.05 9.45517 15.2222
    endloop
  endfacet
  facet normal 0 0.98918 -0.14671
    outer loop
      vertex 39.4459 6.35794 16.1617
      vertex 46.05 6.3817 16.3219
      vertex 46.05 6.35794 16.1617
    endloop
  endfacet
  facet normal 0 0.98918 -0.14671
    outer loop
      vertex 46.05 6.3817 16.3219
      vertex 39.4459 6.35794 16.1617
      vertex 39.4423 6.3817 16.3219
    endloop
  endfacet
  facet normal -0 -0.803103 -0.59584
    outer loop
      vertex 46.05 9.37192 16.9167
      vertex 38.8627 9.27547 17.0467
      vertex 38.8386 9.37192 16.9167
    endloop
  endfacet
  facet normal 0 -0.803103 -0.59584
    outer loop
      vertex 38.8627 9.27547 17.0467
      vertex 46.05 9.37192 16.9167
      vertex 46.05 9.27547 17.0467
    endloop
  endfacet
  facet normal 0 0.998797 -0.0490442
    outer loop
      vertex 46.05 6.35 16
      vertex 39.4459 6.35794 16.1617
      vertex 46.05 6.35794 16.1617
    endloop
  endfacet
  facet normal 0 0.998797 -0.0490442
    outer loop
      vertex 39.4459 6.35794 16.1617
      vertex 46.05 6.35 16
      vertex 39.447 6.35 16
    endloop
  endfacet
  facet normal 0 -0.514341 0.857586
    outer loop
      vertex 46.05 8.91669 14.6281
      vertex 38.9874 8.7778 14.5448
      vertex 46.05 8.7778 14.5448
    endloop
  endfacet
  facet normal 0 -0.514341 0.857586
    outer loop
      vertex 38.9874 8.7778 14.5448
      vertex 46.05 8.91669 14.6281
      vertex 38.9526 8.91669 14.6281
    endloop
  endfacet
  facet normal 0 -0.67175 -0.740778
    outer loop
      vertex 38.92 9.04675 17.2755
      vertex 46.05 9.16673 17.1667
      vertex 46.05 9.04675 17.2755
    endloop
  endfacet
  facet normal -0 -0.67175 -0.740778
    outer loop
      vertex 46.05 9.16673 17.1667
      vertex 38.92 9.04675 17.2755
      vertex 38.89 9.16673 17.1667
    endloop
  endfacet
  facet normal 0 0.998797 0.0490442
    outer loop
      vertex 46.05 6.35794 15.8383
      vertex 39.447 6.35 16
      vertex 46.05 6.35 16
    endloop
  endfacet
  facet normal 0 0.998797 0.0490442
    outer loop
      vertex 39.447 6.35 16
      vertex 46.05 6.35794 15.8383
      vertex 39.4459 6.35794 15.8383
    endloop
  endfacet
  facet normal -0 -0.989189 -0.146649
    outer loop
      vertex 46.05 9.64205 16.1617
      vertex 38.7769 9.6183 16.3219
      vertex 38.7709 9.64205 16.1617
    endloop
  endfacet
  facet normal 0 -0.989189 -0.146649
    outer loop
      vertex 38.7769 9.6183 16.3219
      vertex 46.05 9.64205 16.1617
      vertex 46.05 9.6183 16.3219
    endloop
  endfacet
  facet normal 0 0.242725 -0.970095
    outer loop
      vertex 39.2733 7.52103 17.579
      vertex 46.05 7.6781 17.6183
      vertex 46.05 7.52103 17.579
    endloop
  endfacet
  facet normal 0 0.242725 -0.970095
    outer loop
      vertex 46.05 7.6781 17.6183
      vertex 39.2733 7.52103 17.579
      vertex 39.25 7.6781 17.6183
    endloop
  endfacet
  facet normal 0 0.970033 -0.242971
    outer loop
      vertex 39.4423 6.3817 16.3219
      vertex 46.05 6.42105 16.479
      vertex 46.05 6.3817 16.3219
    endloop
  endfacet
  facet normal 0 0.970033 -0.242971
    outer loop
      vertex 46.05 6.42105 16.479
      vertex 39.4423 6.3817 16.3219
      vertex 39.4365 6.42105 16.479
    endloop
  endfacet
  facet normal 0 0.741018 0.671486
    outer loop
      vertex 46.05 6.83327 14.8333
      vertex 39.3915 6.72453 14.9533
      vertex 46.05 6.72453 14.9533
    endloop
  endfacet
  facet normal 0 0.741018 0.671486
    outer loop
      vertex 39.3915 6.72453 14.9533
      vertex 46.05 6.83327 14.8333
      vertex 39.3753 6.83327 14.8333
    endloop
  endfacet
  facet normal 0 -0.970033 0.242971
    outer loop
      vertex 38.7867 9.57895 15.521
      vertex 46.05 9.6183 15.6781
      vertex 38.7769 9.6183 15.6781
    endloop
  endfacet
  facet normal 0 -0.970033 0.242971
    outer loop
      vertex 46.05 9.6183 15.6781
      vertex 38.7867 9.57895 15.521
      vertex 46.05 9.57895 15.521
    endloop
  endfacet
  facet normal 0 0.67175 -0.740778
    outer loop
      vertex 39.3753 6.83327 17.1667
      vertex 46.05 6.95325 17.2755
      vertex 46.05 6.83327 17.1667
    endloop
  endfacet
  facet normal 0 0.67175 -0.740778
    outer loop
      vertex 46.05 6.95325 17.2755
      vertex 39.3753 6.83327 17.1667
      vertex 39.3576 6.95325 17.2755
    endloop
  endfacet
  facet normal 0 0.904018 0.427494
    outer loop
      vertex 46.05 6.54483 15.2222
      vertex 39.4284 6.4756 15.3686
      vertex 46.05 6.4756 15.3686
    endloop
  endfacet
  facet normal 0 0.904018 0.427494
    outer loop
      vertex 39.4284 6.4756 15.3686
      vertex 46.05 6.54483 15.2222
      vertex 39.4181 6.54483 15.2222
    endloop
  endfacet
  facet normal -0 -0.998794 -0.0491058
    outer loop
      vertex 46.05 9.65 16
      vertex 38.7709 9.64205 16.1617
      vertex 38.7689 9.65 16
    endloop
  endfacet
  facet normal 0 -0.998794 -0.0491058
    outer loop
      vertex 38.7709 9.64205 16.1617
      vertex 46.05 9.65 16
      vertex 46.05 9.64205 16.1617
    endloop
  endfacet
  facet normal 0 0.146978 -0.98914
    outer loop
      vertex 39.25 7.6781 17.6183
      vertex 46.05 7.83827 17.6421
      vertex 46.05 7.6781 17.6183
    endloop
  endfacet
  facet normal 9.21228e-06 0.146596 -0.989196
    outer loop
      vertex 39.2314 7.80361 17.6369
      vertex 46.05 7.83827 17.6421
      vertex 39.25 7.6781 17.6183
    endloop
  endfacet
  facet normal 0 0.148368 -0.988932
    outer loop
      vertex 46.05 7.83827 17.6421
      vertex 39.2314 7.80361 17.6369
      vertex 39.2227 7.83827 17.6421
    endloop
  endfacet
  facet normal 0 0.803073 0.59588
    outer loop
      vertex 46.05 6.72453 14.9533
      vertex 39.4058 6.62807 15.0833
      vertex 46.05 6.62807 15.0833
    endloop
  endfacet
  facet normal 0 0.803073 0.59588
    outer loop
      vertex 39.4058 6.62807 15.0833
      vertex 46.05 6.72453 14.9533
      vertex 39.3915 6.72453 14.9533
    endloop
  endfacet
  facet normal 0 0.595464 -0.803382
    outer loop
      vertex 39.3576 6.95325 17.2755
      vertex 46.05 7.08331 17.3719
      vertex 46.05 6.95325 17.2755
    endloop
  endfacet
  facet normal 0 0.595464 -0.803382
    outer loop
      vertex 46.05 7.08331 17.3719
      vertex 39.3576 6.95325 17.2755
      vertex 39.3383 7.08331 17.3719
    endloop
  endfacet
  facet normal 0 -0.0487887 -0.998809
    outer loop
      vertex 39.1822 8 17.65
      vertex 46.05 8.16173 17.6421
      vertex 46.05 8 17.65
    endloop
  endfacet
  facet normal -0 -0.0487887 -0.998809
    outer loop
      vertex 46.05 8.16173 17.6421
      vertex 39.1822 8 17.65
      vertex 39.1417 8.16173 17.6421
    endloop
  endfacet
  facet normal 0 0.67175 0.740778
    outer loop
      vertex 46.05 6.95325 14.7245
      vertex 39.3753 6.83327 14.8333
      vertex 46.05 6.83327 14.8333
    endloop
  endfacet
  facet normal 0 0.67175 0.740778
    outer loop
      vertex 39.3753 6.83327 14.8333
      vertex 46.05 6.95325 14.7245
      vertex 39.3576 6.95325 14.7245
    endloop
  endfacet
  facet normal 0 -0.242725 0.970095
    outer loop
      vertex 39.2733 -7.52103 14.421
      vertex 46.05 -7.6781 14.3817
      vertex 46.05 -7.52103 14.421
    endloop
  endfacet
  facet normal 0 -0.242725 0.970095
    outer loop
      vertex 46.05 -7.6781 14.3817
      vertex 39.2733 -7.52103 14.421
      vertex 39.25 -7.6781 14.3817
    endloop
  endfacet
  facet normal -0 0.904018 0.427494
    outer loop
      vertex 38.8177 -9.45517 15.2222
      vertex 46.05 -9.5244 15.3686
      vertex 46.05 -9.45517 15.2222
    endloop
  endfacet
  facet normal 0 0.904018 0.427494
    outer loop
      vertex 46.05 -9.5244 15.3686
      vertex 38.8177 -9.45517 15.2222
      vertex 38.8004 -9.5244 15.3686
    endloop
  endfacet
  facet normal -0 0.941504 0.337002
    outer loop
      vertex 38.8004 -9.5244 15.3686
      vertex 46.05 -9.57895 15.521
      vertex 46.05 -9.5244 15.3686
    endloop
  endfacet
  facet normal 0 0.941504 0.337002
    outer loop
      vertex 46.05 -9.57895 15.521
      vertex 38.8004 -9.5244 15.3686
      vertex 38.7867 -9.57895 15.521
    endloop
  endfacet
  facet normal 0 -0.941504 0.337002
    outer loop
      vertex 46.05 -6.4756 15.3686
      vertex 39.4365 -6.42105 15.521
      vertex 39.4284 -6.4756 15.3686
    endloop
  endfacet
  facet normal 0 -0.941504 0.337002
    outer loop
      vertex 39.4365 -6.42105 15.521
      vertex 46.05 -6.4756 15.3686
      vertex 46.05 -6.42105 15.521
    endloop
  endfacet
  facet normal 0 -0.595464 0.803382
    outer loop
      vertex 39.3576 -6.95325 14.7245
      vertex 46.05 -7.08331 14.6281
      vertex 46.05 -6.95325 14.7245
    endloop
  endfacet
  facet normal 0 -0.595464 0.803382
    outer loop
      vertex 46.05 -7.08331 14.6281
      vertex 39.3576 -6.95325 14.7245
      vertex 39.3383 -7.08331 14.6281
    endloop
  endfacet
  facet normal -0 0.989189 0.146649
    outer loop
      vertex 38.7769 -9.6183 15.6781
      vertex 46.05 -9.64205 15.8383
      vertex 46.05 -9.6183 15.6781
    endloop
  endfacet
  facet normal 0 0.989189 0.146649
    outer loop
      vertex 46.05 -9.64205 15.8383
      vertex 38.7769 -9.6183 15.6781
      vertex 38.7709 -9.64205 15.8383
    endloop
  endfacet
  facet normal 0 -0.0487887 0.998809
    outer loop
      vertex 39.2227 -7.83827 14.3579
      vertex 46.05 -8 14.35
      vertex 46.05 -7.83827 14.3579
    endloop
  endfacet
  facet normal 0 -0.0487887 0.998809
    outer loop
      vertex 46.05 -8 14.35
      vertex 39.2227 -7.83827 14.3579
      vertex 39.1822 -8 14.35
    endloop
  endfacet
  facet normal 0 0.998794 -0.0491058
    outer loop
      vertex 46.05 -9.65 16
      vertex 38.7709 -9.64205 16.1617
      vertex 46.05 -9.64205 16.1617
    endloop
  endfacet
  facet normal 0 0.998794 -0.0491058
    outer loop
      vertex 38.7709 -9.64205 16.1617
      vertex 46.05 -9.65 16
      vertex 38.7689 -9.65 16
    endloop
  endfacet
  facet normal 0 -0.427391 0.904067
    outer loop
      vertex 39.3177 -7.22219 14.5448
      vertex 46.05 -7.36857 14.4756
      vertex 46.05 -7.22219 14.5448
    endloop
  endfacet
  facet normal 0 -0.427391 0.904067
    outer loop
      vertex 46.05 -7.36857 14.4756
      vertex 39.3177 -7.22219 14.5448
      vertex 39.2959 -7.36857 14.4756
    endloop
  endfacet
  facet normal 0 -0.857765 0.514042
    outer loop
      vertex 46.05 -6.62807 15.0833
      vertex 39.4181 -6.54483 15.2222
      vertex 39.4058 -6.62807 15.0833
    endloop
  endfacet
  facet normal 0 -0.857765 0.514042
    outer loop
      vertex 39.4181 -6.54483 15.2222
      vertex 46.05 -6.62807 15.0833
      vertex 46.05 -6.54483 15.2222
    endloop
  endfacet
  facet normal 0 0.989189 -0.146649
    outer loop
      vertex 46.05 -9.64205 16.1617
      vertex 38.7769 -9.6183 16.3219
      vertex 46.05 -9.6183 16.3219
    endloop
  endfacet
  facet normal 0 0.989189 -0.146649
    outer loop
      vertex 38.7769 -9.6183 16.3219
      vertex 46.05 -9.64205 16.1617
      vertex 38.7709 -9.64205 16.1617
    endloop
  endfacet
  facet normal 0 -0.595464 -0.803382
    outer loop
      vertex 46.05 -7.08331 17.3719
      vertex 39.3576 -6.95325 17.2755
      vertex 46.05 -6.95325 17.2755
    endloop
  endfacet
  facet normal 0 -0.595464 -0.803382
    outer loop
      vertex 39.3576 -6.95325 17.2755
      vertex 46.05 -7.08331 17.3719
      vertex 39.3383 -7.08331 17.3719
    endloop
  endfacet
  facet normal 0 -0.146978 -0.98914
    outer loop
      vertex 46.05 -7.83827 17.6421
      vertex 39.25 -7.6781 17.6183
      vertex 46.05 -7.6781 17.6183
    endloop
  endfacet
  facet normal 9.21228e-06 -0.146596 -0.989196
    outer loop
      vertex 46.05 -7.83827 17.6421
      vertex 39.2314 -7.80361 17.6369
      vertex 39.25 -7.6781 17.6183
    endloop
  endfacet
  facet normal 0 -0.148368 -0.988932
    outer loop
      vertex 39.2314 -7.80361 17.6369
      vertex 46.05 -7.83827 17.6421
      vertex 39.2227 -7.83827 17.6421
    endloop
  endfacet
  facet normal 0 0.741018 -0.671486
    outer loop
      vertex 46.05 -9.27547 17.0467
      vertex 38.89 -9.16673 17.1667
      vertex 46.05 -9.16673 17.1667
    endloop
  endfacet
  facet normal 0 0.741018 -0.671486
    outer loop
      vertex 38.89 -9.16673 17.1667
      vertex 46.05 -9.27547 17.0467
      vertex 38.8627 -9.27547 17.0467
    endloop
  endfacet
  facet normal 0 0.337158 -0.941448
    outer loop
      vertex 46.05 -8.63143 17.5244
      vertex 39.0622 -8.47897 17.579
      vertex 46.05 -8.47897 17.579
    endloop
  endfacet
  facet normal 0 0.337158 -0.941448
    outer loop
      vertex 39.0622 -8.47897 17.579
      vertex 46.05 -8.63143 17.5244
      vertex 39.0241 -8.63143 17.5244
    endloop
  endfacet
  facet normal -0 0.857738 0.514087
    outer loop
      vertex 38.8386 -9.37192 15.0833
      vertex 46.05 -9.45517 15.2222
      vertex 46.05 -9.37192 15.0833
    endloop
  endfacet
  facet normal 0 0.857738 0.514087
    outer loop
      vertex 46.05 -9.45517 15.2222
      vertex 38.8386 -9.37192 15.0833
      vertex 38.8177 -9.45517 15.2222
    endloop
  endfacet
  facet normal 0 0.941504 -0.337002
    outer loop
      vertex 46.05 -9.57895 16.479
      vertex 38.8004 -9.5244 16.6314
      vertex 46.05 -9.5244 16.6314
    endloop
  endfacet
  facet normal 0 0.941504 -0.337002
    outer loop
      vertex 38.8004 -9.5244 16.6314
      vertex 46.05 -9.57895 16.479
      vertex 38.7867 -9.57895 16.479
    endloop
  endfacet
  facet normal -0 0.67175 0.740778
    outer loop
      vertex 38.92 -9.04675 14.7245
      vertex 46.05 -9.16673 14.8333
      vertex 46.05 -9.04675 14.7245
    endloop
  endfacet
  facet normal 0 0.67175 0.740778
    outer loop
      vertex 46.05 -9.16673 14.8333
      vertex 38.92 -9.04675 14.7245
      vertex 38.89 -9.16673 14.8333
    endloop
  endfacet
  facet normal 0 -0.337158 -0.941448
    outer loop
      vertex 46.05 -7.52103 17.579
      vertex 39.2959 -7.36857 17.5244
      vertex 46.05 -7.36857 17.5244
    endloop
  endfacet
  facet normal 0 -0.337158 -0.941448
    outer loop
      vertex 39.2959 -7.36857 17.5244
      vertex 46.05 -7.52103 17.579
      vertex 39.2733 -7.52103 17.579
    endloop
  endfacet
  facet normal 0 0.803103 -0.59584
    outer loop
      vertex 46.05 -9.37192 16.9167
      vertex 38.8627 -9.27547 17.0467
      vertex 46.05 -9.27547 17.0467
    endloop
  endfacet
  facet normal 0 0.803103 -0.59584
    outer loop
      vertex 38.8627 -9.27547 17.0467
      vertex 46.05 -9.37192 16.9167
      vertex 38.8386 -9.37192 16.9167
    endloop
  endfacet
  facet normal 0 -0.904018 0.427494
    outer loop
      vertex 46.05 -6.54483 15.2222
      vertex 39.4284 -6.4756 15.3686
      vertex 39.4181 -6.54483 15.2222
    endloop
  endfacet
  facet normal 0 -0.904018 0.427494
    outer loop
      vertex 39.4284 -6.4756 15.3686
      vertex 46.05 -6.54483 15.2222
      vertex 46.05 -6.4756 15.3686
    endloop
  endfacet
  facet normal -0 0.242725 0.970095
    outer loop
      vertex 39.1016 -8.3219 14.3817
      vertex 46.05 -8.47897 14.421
      vertex 46.05 -8.3219 14.3817
    endloop
  endfacet
  facet normal 0 0.242725 0.970095
    outer loop
      vertex 46.05 -8.47897 14.421
      vertex 39.1016 -8.3219 14.3817
      vertex 39.0622 -8.47897 14.421
    endloop
  endfacet
  facet normal 0 -0.857765 -0.514042
    outer loop
      vertex 39.4181 -6.54483 16.7778
      vertex 46.05 -6.62807 16.9167
      vertex 39.4058 -6.62807 16.9167
    endloop
  endfacet
  facet normal 0 -0.857765 -0.514042
    outer loop
      vertex 46.05 -6.62807 16.9167
      vertex 39.4181 -6.54483 16.7778
      vertex 46.05 -6.54483 16.7778
    endloop
  endfacet
  facet normal 0 -0.941504 -0.337002
    outer loop
      vertex 39.4365 -6.42105 16.479
      vertex 46.05 -6.4756 16.6314
      vertex 39.4284 -6.4756 16.6314
    endloop
  endfacet
  facet normal 0 -0.941504 -0.337002
    outer loop
      vertex 46.05 -6.4756 16.6314
      vertex 39.4365 -6.42105 16.479
      vertex 46.05 -6.42105 16.479
    endloop
  endfacet
  facet normal 0 0.0487887 -0.998809
    outer loop
      vertex 46.05 -8.16173 17.6421
      vertex 39.1822 -8 17.65
      vertex 46.05 -8 17.65
    endloop
  endfacet
  facet normal 0 0.0487887 -0.998809
    outer loop
      vertex 39.1822 -8 17.65
      vertex 46.05 -8.16173 17.6421
      vertex 39.1417 -8.16173 17.6421
    endloop
  endfacet
  facet normal 0 -0.803073 -0.59588
    outer loop
      vertex 39.4058 -6.62807 16.9167
      vertex 46.05 -6.72453 17.0467
      vertex 39.3915 -6.72453 17.0467
    endloop
  endfacet
  facet normal 0 -0.803073 -0.59588
    outer loop
      vertex 46.05 -6.72453 17.0467
      vertex 39.4058 -6.62807 16.9167
      vertex 46.05 -6.62807 16.9167
    endloop
  endfacet
  facet normal 0 -0.146978 0.98914
    outer loop
      vertex 39.25 -7.6781 14.3817
      vertex 46.05 -7.83827 14.3579
      vertex 46.05 -7.6781 14.3817
    endloop
  endfacet
  facet normal 9.21228e-06 -0.146596 0.989196
    outer loop
      vertex 39.2314 -7.80361 14.3631
      vertex 46.05 -7.83827 14.3579
      vertex 39.25 -7.6781 14.3817
    endloop
  endfacet
  facet normal 0 -0.148368 0.988932
    outer loop
      vertex 46.05 -7.83827 14.3579
      vertex 39.2314 -7.80361 14.3631
      vertex 39.2227 -7.83827 14.3579
    endloop
  endfacet
  facet normal 0 -0.242725 -0.970095
    outer loop
      vertex 46.05 -7.6781 17.6183
      vertex 39.2733 -7.52103 17.579
      vertex 46.05 -7.52103 17.579
    endloop
  endfacet
  facet normal 0 -0.242725 -0.970095
    outer loop
      vertex 39.2733 -7.52103 17.579
      vertex 46.05 -7.6781 17.6183
      vertex 39.25 -7.6781 17.6183
    endloop
  endfacet
  facet normal 0 -0.741018 0.671486
    outer loop
      vertex 46.05 -6.83327 14.8333
      vertex 39.3915 -6.72453 14.9533
      vertex 39.3753 -6.83327 14.8333
    endloop
  endfacet
  facet normal 0 -0.741018 0.671486
    outer loop
      vertex 39.3915 -6.72453 14.9533
      vertex 46.05 -6.83327 14.8333
      vertex 46.05 -6.72453 14.9533
    endloop
  endfacet
  facet normal 0 0.857738 -0.514087
    outer loop
      vertex 46.05 -9.45517 16.7778
      vertex 38.8386 -9.37192 16.9167
      vertex 46.05 -9.37192 16.9167
    endloop
  endfacet
  facet normal 0 0.857738 -0.514087
    outer loop
      vertex 38.8386 -9.37192 16.9167
      vertex 46.05 -9.45517 16.7778
      vertex 38.8177 -9.45517 16.7778
    endloop
  endfacet
  facet normal -0 0.146978 0.98914
    outer loop
      vertex 39.1417 -8.16173 14.3579
      vertex 46.05 -8.3219 14.3817
      vertex 46.05 -8.16173 14.3579
    endloop
  endfacet
  facet normal 0 0.146978 0.98914
    outer loop
      vertex 46.05 -8.3219 14.3817
      vertex 39.1417 -8.16173 14.3579
      vertex 39.1016 -8.3219 14.3817
    endloop
  endfacet
  facet normal -0 0.0487887 0.998809
    outer loop
      vertex 39.1822 -8 14.35
      vertex 46.05 -8.16173 14.3579
      vertex 46.05 -8 14.35
    endloop
  endfacet
  facet normal 0 0.0487887 0.998809
    outer loop
      vertex 46.05 -8.16173 14.3579
      vertex 39.1822 -8 14.35
      vertex 39.1417 -8.16173 14.3579
    endloop
  endfacet
  facet normal -0 0.337158 0.941448
    outer loop
      vertex 39.0622 -8.47897 14.421
      vertex 46.05 -8.63143 14.4756
      vertex 46.05 -8.47897 14.421
    endloop
  endfacet
  facet normal 0 0.337158 0.941448
    outer loop
      vertex 46.05 -8.63143 14.4756
      vertex 39.0622 -8.47897 14.421
      vertex 39.0241 -8.63143 14.4756
    endloop
  endfacet
  facet normal 0 -0.98918 -0.14671
    outer loop
      vertex 39.4459 -6.35794 16.1617
      vertex 46.05 -6.3817 16.3219
      vertex 39.4423 -6.3817 16.3219
    endloop
  endfacet
  facet normal 0 -0.98918 -0.14671
    outer loop
      vertex 46.05 -6.3817 16.3219
      vertex 39.4459 -6.35794 16.1617
      vertex 46.05 -6.35794 16.1617
    endloop
  endfacet
  facet normal -0 0.514341 0.857586
    outer loop
      vertex 38.9874 -8.7778 14.5448
      vertex 46.05 -8.91669 14.6281
      vertex 46.05 -8.7778 14.5448
    endloop
  endfacet
  facet normal 0 0.514341 0.857586
    outer loop
      vertex 46.05 -8.91669 14.6281
      vertex 38.9874 -8.7778 14.5448
      vertex 38.9526 -8.91669 14.6281
    endloop
  endfacet
  facet normal 0 -0.337158 0.941448
    outer loop
      vertex 39.2959 -7.36857 14.4756
      vertex 46.05 -7.52103 14.421
      vertex 46.05 -7.36857 14.4756
    endloop
  endfacet
  facet normal 0 -0.337158 0.941448
    outer loop
      vertex 46.05 -7.52103 14.421
      vertex 39.2959 -7.36857 14.4756
      vertex 39.2733 -7.52103 14.421
    endloop
  endfacet
  facet normal 0 -0.67175 -0.740778
    outer loop
      vertex 46.05 -6.95325 17.2755
      vertex 39.3753 -6.83327 17.1667
      vertex 46.05 -6.83327 17.1667
    endloop
  endfacet
  facet normal 0 -0.67175 -0.740778
    outer loop
      vertex 39.3753 -6.83327 17.1667
      vertex 46.05 -6.95325 17.2755
      vertex 39.3576 -6.95325 17.2755
    endloop
  endfacet
  facet normal -0 0.970033 0.242971
    outer loop
      vertex 38.7867 -9.57895 15.521
      vertex 46.05 -9.6183 15.6781
      vertex 46.05 -9.57895 15.521
    endloop
  endfacet
  facet normal 0 0.970033 0.242971
    outer loop
      vertex 46.05 -9.6183 15.6781
      vertex 38.7867 -9.57895 15.521
      vertex 38.7769 -9.6183 15.6781
    endloop
  endfacet
  facet normal 0 -0.803073 0.59588
    outer loop
      vertex 46.05 -6.72453 14.9533
      vertex 39.4058 -6.62807 15.0833
      vertex 39.3915 -6.72453 14.9533
    endloop
  endfacet
  facet normal 0 -0.803073 0.59588
    outer loop
      vertex 39.4058 -6.62807 15.0833
      vertex 46.05 -6.72453 14.9533
      vertex 46.05 -6.62807 15.0833
    endloop
  endfacet
  facet normal 0 -0.998797 0.0490442
    outer loop
      vertex 39.4459 -6.35794 15.8383
      vertex 46.05 -6.35 16
      vertex 39.447 -6.35 16
    endloop
  endfacet
  facet normal 0 -0.998797 0.0490442
    outer loop
      vertex 46.05 -6.35 16
      vertex 39.4459 -6.35794 15.8383
      vertex 46.05 -6.35794 15.8383
    endloop
  endfacet
  facet normal 0 0.904018 -0.427494
    outer loop
      vertex 46.05 -9.5244 16.6314
      vertex 38.8177 -9.45517 16.7778
      vertex 46.05 -9.45517 16.7778
    endloop
  endfacet
  facet normal 0 0.904018 -0.427494
    outer loop
      vertex 38.8177 -9.45517 16.7778
      vertex 46.05 -9.5244 16.6314
      vertex 38.8004 -9.5244 16.6314
    endloop
  endfacet
  facet normal 0 -0.514369 0.857569
    outer loop
      vertex 39.3383 -7.08331 14.6281
      vertex 46.05 -7.22219 14.5448
      vertex 46.05 -7.08331 14.6281
    endloop
  endfacet
  facet normal 0 -0.514369 0.857569
    outer loop
      vertex 46.05 -7.22219 14.5448
      vertex 39.3383 -7.08331 14.6281
      vertex 39.3177 -7.22219 14.5448
    endloop
  endfacet
  facet normal 0 -0.741018 -0.671486
    outer loop
      vertex 39.3915 -6.72453 17.0467
      vertex 46.05 -6.83327 17.1667
      vertex 39.3753 -6.83327 17.1667
    endloop
  endfacet
  facet normal 0 -0.741018 -0.671486
    outer loop
      vertex 46.05 -6.83327 17.1667
      vertex 39.3915 -6.72453 17.0467
      vertex 46.05 -6.72453 17.0467
    endloop
  endfacet
  facet normal 0 -0.904018 -0.427494
    outer loop
      vertex 39.4284 -6.4756 16.6314
      vertex 46.05 -6.54483 16.7778
      vertex 39.4181 -6.54483 16.7778
    endloop
  endfacet
  facet normal 0 -0.904018 -0.427494
    outer loop
      vertex 46.05 -6.54483 16.7778
      vertex 39.4284 -6.4756 16.6314
      vertex 46.05 -6.4756 16.6314
    endloop
  endfacet
  facet normal -0 0.595464 0.803382
    outer loop
      vertex 38.9526 -8.91669 14.6281
      vertex 46.05 -9.04675 14.7245
      vertex 46.05 -8.91669 14.6281
    endloop
  endfacet
  facet normal 0 0.595464 0.803382
    outer loop
      vertex 46.05 -9.04675 14.7245
      vertex 38.9526 -8.91669 14.6281
      vertex 38.92 -9.04675 14.7245
    endloop
  endfacet
  facet normal 0 -0.67175 0.740778
    outer loop
      vertex 39.3753 -6.83327 14.8333
      vertex 46.05 -6.95325 14.7245
      vertex 46.05 -6.83327 14.8333
    endloop
  endfacet
  facet normal 0 -0.67175 0.740778
    outer loop
      vertex 46.05 -6.95325 14.7245
      vertex 39.3753 -6.83327 14.8333
      vertex 39.3576 -6.95325 14.7245
    endloop
  endfacet
  facet normal 0 -0.970033 -0.242971
    outer loop
      vertex 39.4423 -6.3817 16.3219
      vertex 46.05 -6.42105 16.479
      vertex 39.4365 -6.42105 16.479
    endloop
  endfacet
  facet normal 0 -0.970033 -0.242971
    outer loop
      vertex 46.05 -6.42105 16.479
      vertex 39.4423 -6.3817 16.3219
      vertex 46.05 -6.3817 16.3219
    endloop
  endfacet
  facet normal 0 0.595464 -0.803382
    outer loop
      vertex 46.05 -9.04675 17.2755
      vertex 38.9526 -8.91669 17.3719
      vertex 46.05 -8.91669 17.3719
    endloop
  endfacet
  facet normal 0 0.595464 -0.803382
    outer loop
      vertex 38.9526 -8.91669 17.3719
      vertex 46.05 -9.04675 17.2755
      vertex 38.92 -9.04675 17.2755
    endloop
  endfacet
  facet normal 0 0.242725 -0.970095
    outer loop
      vertex 46.05 -8.47897 17.579
      vertex 39.1016 -8.3219 17.6183
      vertex 46.05 -8.3219 17.6183
    endloop
  endfacet
  facet normal 0 0.242725 -0.970095
    outer loop
      vertex 39.1016 -8.3219 17.6183
      vertex 46.05 -8.47897 17.579
      vertex 39.0622 -8.47897 17.579
    endloop
  endfacet
  facet normal 0 0.67175 -0.740778
    outer loop
      vertex 46.05 -9.16673 17.1667
      vertex 38.92 -9.04675 17.2755
      vertex 46.05 -9.04675 17.2755
    endloop
  endfacet
  facet normal 0 0.67175 -0.740778
    outer loop
      vertex 38.92 -9.04675 17.2755
      vertex 46.05 -9.16673 17.1667
      vertex 38.89 -9.16673 17.1667
    endloop
  endfacet
  facet normal 0 -0.998797 -0.0490442
    outer loop
      vertex 39.447 -6.35 16
      vertex 46.05 -6.35794 16.1617
      vertex 39.4459 -6.35794 16.1617
    endloop
  endfacet
  facet normal 0 -0.998797 -0.0490442
    outer loop
      vertex 46.05 -6.35794 16.1617
      vertex 39.447 -6.35 16
      vertex 46.05 -6.35 16
    endloop
  endfacet
  facet normal 0 0.970033 -0.242971
    outer loop
      vertex 46.05 -9.6183 16.3219
      vertex 38.7867 -9.57895 16.479
      vertex 46.05 -9.57895 16.479
    endloop
  endfacet
  facet normal 0 0.970033 -0.242971
    outer loop
      vertex 38.7867 -9.57895 16.479
      vertex 46.05 -9.6183 16.3219
      vertex 38.7769 -9.6183 16.3219
    endloop
  endfacet
  facet normal 0 -0.970033 0.242971
    outer loop
      vertex 46.05 -6.42105 15.521
      vertex 39.4423 -6.3817 15.6781
      vertex 39.4365 -6.42105 15.521
    endloop
  endfacet
  facet normal 0 -0.970033 0.242971
    outer loop
      vertex 39.4423 -6.3817 15.6781
      vertex 46.05 -6.42105 15.521
      vertex 46.05 -6.3817 15.6781
    endloop
  endfacet
  facet normal -0 0.998794 0.0491058
    outer loop
      vertex 38.7709 -9.64205 15.8383
      vertex 46.05 -9.65 16
      vertex 46.05 -9.64205 15.8383
    endloop
  endfacet
  facet normal 0 0.998794 0.0491058
    outer loop
      vertex 46.05 -9.65 16
      vertex 38.7709 -9.64205 15.8383
      vertex 38.7689 -9.65 16
    endloop
  endfacet
  facet normal -0 0.803103 0.59584
    outer loop
      vertex 38.8627 -9.27547 14.9533
      vertex 46.05 -9.37192 15.0833
      vertex 46.05 -9.27547 14.9533
    endloop
  endfacet
  facet normal 0 0.803103 0.59584
    outer loop
      vertex 46.05 -9.37192 15.0833
      vertex 38.8627 -9.27547 14.9533
      vertex 38.8386 -9.37192 15.0833
    endloop
  endfacet
  facet normal 0 0.146978 -0.98914
    outer loop
      vertex 46.05 -8.3219 17.6183
      vertex 39.1417 -8.16173 17.6421
      vertex 46.05 -8.16173 17.6421
    endloop
  endfacet
  facet normal 0 0.146978 -0.98914
    outer loop
      vertex 39.1417 -8.16173 17.6421
      vertex 46.05 -8.3219 17.6183
      vertex 39.1016 -8.3219 17.6183
    endloop
  endfacet
  facet normal 0 -0.514369 -0.857569
    outer loop
      vertex 46.05 -7.22219 17.4552
      vertex 39.3383 -7.08331 17.3719
      vertex 46.05 -7.08331 17.3719
    endloop
  endfacet
  facet normal 0 -0.514369 -0.857569
    outer loop
      vertex 39.3383 -7.08331 17.3719
      vertex 46.05 -7.22219 17.4552
      vertex 39.3177 -7.22219 17.4552
    endloop
  endfacet
  facet normal 0 0.514341 -0.857586
    outer loop
      vertex 46.05 -8.91669 17.3719
      vertex 38.9874 -8.7778 17.4552
      vertex 46.05 -8.7778 17.4552
    endloop
  endfacet
  facet normal 0 0.514341 -0.857586
    outer loop
      vertex 38.9874 -8.7778 17.4552
      vertex 46.05 -8.91669 17.3719
      vertex 38.9526 -8.91669 17.3719
    endloop
  endfacet
  facet normal 0 -0.427391 -0.904067
    outer loop
      vertex 46.05 -7.36857 17.5244
      vertex 39.3177 -7.22219 17.4552
      vertex 46.05 -7.22219 17.4552
    endloop
  endfacet
  facet normal 0 -0.427391 -0.904067
    outer loop
      vertex 39.3177 -7.22219 17.4552
      vertex 46.05 -7.36857 17.5244
      vertex 39.2959 -7.36857 17.5244
    endloop
  endfacet
  facet normal -0 0.427414 0.904056
    outer loop
      vertex 39.0241 -8.63143 14.4756
      vertex 46.05 -8.7778 14.5448
      vertex 46.05 -8.63143 14.4756
    endloop
  endfacet
  facet normal 0 0.427414 0.904056
    outer loop
      vertex 46.05 -8.7778 14.5448
      vertex 39.0241 -8.63143 14.4756
      vertex 38.9874 -8.7778 14.5448
    endloop
  endfacet
  facet normal -0 0.741018 0.671486
    outer loop
      vertex 38.89 -9.16673 14.8333
      vertex 46.05 -9.27547 14.9533
      vertex 46.05 -9.16673 14.8333
    endloop
  endfacet
  facet normal 0 0.741018 0.671486
    outer loop
      vertex 46.05 -9.27547 14.9533
      vertex 38.89 -9.16673 14.8333
      vertex 38.8627 -9.27547 14.9533
    endloop
  endfacet
  facet normal 0 -0.98918 0.14671
    outer loop
      vertex 46.05 -6.3817 15.6781
      vertex 39.4459 -6.35794 15.8383
      vertex 39.4423 -6.3817 15.6781
    endloop
  endfacet
  facet normal 0 -0.98918 0.14671
    outer loop
      vertex 39.4459 -6.35794 15.8383
      vertex 46.05 -6.3817 15.6781
      vertex 46.05 -6.35794 15.8383
    endloop
  endfacet
  facet normal 0 -0.0487887 -0.998809
    outer loop
      vertex 46.05 -8 17.65
      vertex 39.2227 -7.83827 17.6421
      vertex 46.05 -7.83827 17.6421
    endloop
  endfacet
  facet normal 0 -0.0487887 -0.998809
    outer loop
      vertex 39.2227 -7.83827 17.6421
      vertex 46.05 -8 17.65
      vertex 39.1822 -8 17.65
    endloop
  endfacet
  facet normal 0 0.427414 -0.904056
    outer loop
      vertex 46.05 -8.7778 17.4552
      vertex 39.0241 -8.63143 17.5244
      vertex 46.05 -8.63143 17.5244
    endloop
  endfacet
  facet normal 0 0.427414 -0.904056
    outer loop
      vertex 39.0241 -8.63143 17.5244
      vertex 46.05 -8.7778 17.4552
      vertex 38.9874 -8.7778 17.4552
    endloop
  endfacet
  facet normal 1 0 0
    outer loop
      vertex 46.05 10.15 32
      vertex 46.05 9.65 16
      vertex 46.05 10.15 0
    endloop
  endfacet
  facet normal 1 0 0
    outer loop
      vertex 46.05 10.15 32
      vertex 46.05 9.64205 16.1617
      vertex 46.05 9.65 16
    endloop
  endfacet
  facet normal 1 0 0
    outer loop
      vertex 46.05 10.15 32
      vertex 46.05 9.6183 16.3219
      vertex 46.05 9.64205 16.1617
    endloop
  endfacet
  facet normal 1 0 0
    outer loop
      vertex 46.05 10.15 32
      vertex 46.05 9.57895 16.479
      vertex 46.05 9.6183 16.3219
    endloop
  endfacet
  facet normal 1 0 0
    outer loop
      vertex 46.05 10.15 32
      vertex 46.05 9.5244 16.6314
      vertex 46.05 9.57895 16.479
    endloop
  endfacet
  facet normal 1 0 0
    outer loop
      vertex 46.05 10.15 32
      vertex 46.05 9.45517 16.7778
      vertex 46.05 9.5244 16.6314
    endloop
  endfacet
  facet normal 1 0 0
    outer loop
      vertex 46.05 10.15 32
      vertex 46.05 9.37192 16.9167
      vertex 46.05 9.45517 16.7778
    endloop
  endfacet
  facet normal 1 0 0
    outer loop
      vertex 46.05 10.15 32
      vertex 46.05 9.27547 17.0467
      vertex 46.05 9.37192 16.9167
    endloop
  endfacet
  facet normal 1 0 0
    outer loop
      vertex 46.05 10.15 32
      vertex 46.05 9.16673 17.1667
      vertex 46.05 9.27547 17.0467
    endloop
  endfacet
  facet normal 1 0 0
    outer loop
      vertex 46.05 10.15 32
      vertex 46.05 9.04675 17.2755
      vertex 46.05 9.16673 17.1667
    endloop
  endfacet
  facet normal 1 0 0
    outer loop
      vertex 46.05 10.15 32
      vertex 46.05 8.91669 17.3719
      vertex 46.05 9.04675 17.2755
    endloop
  endfacet
  facet normal 1 0 0
    outer loop
      vertex 46.05 10.15 32
      vertex 46.05 8.7778 17.4552
      vertex 46.05 8.91669 17.3719
    endloop
  endfacet
  facet normal 1 0 0
    outer loop
      vertex 46.05 10.15 32
      vertex 46.05 8.63143 17.5244
      vertex 46.05 8.7778 17.4552
    endloop
  endfacet
  facet normal 1 0 0
    outer loop
      vertex 46.05 10.15 32
      vertex 46.05 8.47897 17.579
      vertex 46.05 8.63143 17.5244
    endloop
  endfacet
  facet normal 1 0 0
    outer loop
      vertex 46.05 10.15 32
      vertex 46.05 8.3219 17.6183
      vertex 46.05 8.47897 17.579
    endloop
  endfacet
  facet normal 1 0 0
    outer loop
      vertex 46.05 10.15 32
      vertex 46.05 8.16173 17.6421
      vertex 46.05 8.3219 17.6183
    endloop
  endfacet
  facet normal 1 0 0
    outer loop
      vertex 46.05 10.15 32
      vertex 46.05 8 17.65
      vertex 46.05 8.16173 17.6421
    endloop
  endfacet
  facet normal 1 0 0
    outer loop
      vertex 46.05 10.15 32
      vertex 46.05 7.83827 17.6421
      vertex 46.05 8 17.65
    endloop
  endfacet
  facet normal 1 0 0
    outer loop
      vertex 46.05 10.15 32
      vertex 46.05 7.6781 17.6183
      vertex 46.05 7.83827 17.6421
    endloop
  endfacet
  facet normal 1 0 0
    outer loop
      vertex 46.05 10.15 32
      vertex 46.05 7.52103 17.579
      vertex 46.05 7.6781 17.6183
    endloop
  endfacet
  facet normal 1 0 0
    outer loop
      vertex 46.05 10.15 32
      vertex 46.05 7.36857 17.5244
      vertex 46.05 7.52103 17.579
    endloop
  endfacet
  facet normal 1 0 0
    outer loop
      vertex 46.05 10.15 32
      vertex 46.05 7.22219 17.4552
      vertex 46.05 7.36857 17.5244
    endloop
  endfacet
  facet normal 1 0 0
    outer loop
      vertex 46.05 10.15 32
      vertex 46.05 7.08331 17.3719
      vertex 46.05 7.22219 17.4552
    endloop
  endfacet
  facet normal 1 0 0
    outer loop
      vertex 46.05 10.15 32
      vertex 46.05 6.95325 17.2755
      vertex 46.05 7.08331 17.3719
    endloop
  endfacet
  facet normal 1 0 0
    outer loop
      vertex 46.05 -6.95325 17.2755
      vertex 46.05 6.95325 17.2755
      vertex 46.05 10.15 32
    endloop
  endfacet
  facet normal 1 0 0
    outer loop
      vertex 46.05 6.95325 17.2755
      vertex 46.05 -6.95325 17.2755
      vertex 46.05 6.83327 17.1667
    endloop
  endfacet
  facet normal 1 0 -0
    outer loop
      vertex 46.05 -6.83327 17.1667
      vertex 46.05 6.83327 17.1667
      vertex 46.05 -6.95325 17.2755
    endloop
  endfacet
  facet normal 1 0 0
    outer loop
      vertex 46.05 6.83327 17.1667
      vertex 46.05 -6.83327 17.1667
      vertex 46.05 6.72453 17.0467
    endloop
  endfacet
  facet normal 1 0 -0
    outer loop
      vertex 46.05 -6.72453 17.0467
      vertex 46.05 6.72453 17.0467
      vertex 46.05 -6.83327 17.1667
    endloop
  endfacet
  facet normal 1 0 0
    outer loop
      vertex 46.05 6.72453 17.0467
      vertex 46.05 -6.72453 17.0467
      vertex 46.05 6.62807 16.9167
    endloop
  endfacet
  facet normal 1 0 -0
    outer loop
      vertex 46.05 -6.62807 16.9167
      vertex 46.05 6.62807 16.9167
      vertex 46.05 -6.72453 17.0467
    endloop
  endfacet
  facet normal 1 0 0
    outer loop
      vertex 46.05 6.35794 16.1617
      vertex 46.05 -6.35 16
      vertex 46.05 6.35 16
    endloop
  endfacet
  facet normal 1 0 0
    outer loop
      vertex 46.05 -6.35794 16.1617
      vertex 46.05 6.35794 16.1617
      vertex 46.05 6.3817 16.3219
    endloop
  endfacet
  facet normal 1 0 0
    outer loop
      vertex 46.05 6.62807 16.9167
      vertex 46.05 -6.62807 16.9167
      vertex 46.05 6.54483 16.7778
    endloop
  endfacet
  facet normal 1 0 0
    outer loop
      vertex 46.05 6.35794 16.1617
      vertex 46.05 -6.35794 16.1617
      vertex 46.05 -6.35 16
    endloop
  endfacet
  facet normal 1 0 0
    outer loop
      vertex 46.05 6.3817 16.3219
      vertex 46.05 -6.3817 16.3219
      vertex 46.05 -6.35794 16.1617
    endloop
  endfacet
  facet normal 1 0 0
    outer loop
      vertex 46.05 6.3817 16.3219
      vertex 46.05 -6.42105 16.479
      vertex 46.05 -6.3817 16.3219
    endloop
  endfacet
  facet normal 1 0 0
    outer loop
      vertex 46.05 6.42105 16.479
      vertex 46.05 -6.42105 16.479
      vertex 46.05 6.3817 16.3219
    endloop
  endfacet
  facet normal 1 0 -0
    outer loop
      vertex 46.05 -6.42105 16.479
      vertex 46.05 6.42105 16.479
      vertex 46.05 -6.4756 16.6314
    endloop
  endfacet
  facet normal 1 0 0
    outer loop
      vertex 46.05 6.4756 16.6314
      vertex 46.05 -6.4756 16.6314
      vertex 46.05 6.42105 16.479
    endloop
  endfacet
  facet normal 1 0 -0
    outer loop
      vertex 46.05 -6.4756 16.6314
      vertex 46.05 6.4756 16.6314
      vertex 46.05 -6.54483 16.7778
    endloop
  endfacet
  facet normal 1 0 0
    outer loop
      vertex 46.05 6.54483 16.7778
      vertex 46.05 -6.54483 16.7778
      vertex 46.05 6.4756 16.6314
    endloop
  endfacet
  facet normal 1 0 -0
    outer loop
      vertex 46.05 -6.54483 16.7778
      vertex 46.05 6.54483 16.7778
      vertex 46.05 -6.62807 16.9167
    endloop
  endfacet
  facet normal 1 -0 0
    outer loop
      vertex 46.05 -10.15 32
      vertex 46.05 -6.95325 17.2755
      vertex 46.05 10.15 32
    endloop
  endfacet
  facet normal 1 0 0
    outer loop
      vertex 46.05 -6.95325 17.2755
      vertex 46.05 -10.15 32
      vertex 46.05 -7.08331 17.3719
    endloop
  endfacet
  facet normal 1 0 0
    outer loop
      vertex 46.05 -7.08331 17.3719
      vertex 46.05 -10.15 32
      vertex 46.05 -7.22219 17.4552
    endloop
  endfacet
  facet normal 1 0 0
    outer loop
      vertex 46.05 -7.22219 17.4552
      vertex 46.05 -10.15 32
      vertex 46.05 -7.36857 17.5244
    endloop
  endfacet
  facet normal 1 0 0
    outer loop
      vertex 46.05 -7.36857 17.5244
      vertex 46.05 -10.15 32
      vertex 46.05 -7.52103 17.579
    endloop
  endfacet
  facet normal 1 0 0
    outer loop
      vertex 46.05 -7.52103 17.579
      vertex 46.05 -10.15 32
      vertex 46.05 -7.6781 17.6183
    endloop
  endfacet
  facet normal 1 0 0
    outer loop
      vertex 46.05 -7.6781 17.6183
      vertex 46.05 -10.15 32
      vertex 46.05 -7.83827 17.6421
    endloop
  endfacet
  facet normal 1 0 0
    outer loop
      vertex 46.05 -7.83827 17.6421
      vertex 46.05 -10.15 32
      vertex 46.05 -8 17.65
    endloop
  endfacet
  facet normal 1 0 0
    outer loop
      vertex 46.05 -8 17.65
      vertex 46.05 -10.15 32
      vertex 46.05 -8.16173 17.6421
    endloop
  endfacet
  facet normal 1 0 0
    outer loop
      vertex 46.05 -8.16173 17.6421
      vertex 46.05 -10.15 32
      vertex 46.05 -8.3219 17.6183
    endloop
  endfacet
  facet normal 1 0 0
    outer loop
      vertex 46.05 -8.3219 17.6183
      vertex 46.05 -10.15 32
      vertex 46.05 -8.47897 17.579
    endloop
  endfacet
  facet normal 1 0 0
    outer loop
      vertex 46.05 -8.47897 17.579
      vertex 46.05 -10.15 32
      vertex 46.05 -8.63143 17.5244
    endloop
  endfacet
  facet normal 1 0 0
    outer loop
      vertex 46.05 -8.63143 17.5244
      vertex 46.05 -10.15 32
      vertex 46.05 -8.7778 17.4552
    endloop
  endfacet
  facet normal 1 0 0
    outer loop
      vertex 46.05 -8.7778 17.4552
      vertex 46.05 -10.15 32
      vertex 46.05 -8.91669 17.3719
    endloop
  endfacet
  facet normal 1 0 0
    outer loop
      vertex 46.05 -9.64205 16.1617
      vertex 46.05 -10.15 32
      vertex 46.05 -9.65 16
    endloop
  endfacet
  facet normal 1 0 0
    outer loop
      vertex 46.05 -9.6183 16.3219
      vertex 46.05 -10.15 32
      vertex 46.05 -9.64205 16.1617
    endloop
  endfacet
  facet normal 1 0 0
    outer loop
      vertex 46.05 -9.57895 16.479
      vertex 46.05 -10.15 32
      vertex 46.05 -9.6183 16.3219
    endloop
  endfacet
  facet normal 1 0 0
    outer loop
      vertex 46.05 -9.5244 16.6314
      vertex 46.05 -10.15 32
      vertex 46.05 -9.57895 16.479
    endloop
  endfacet
  facet normal 1 0 0
    outer loop
      vertex 46.05 -9.45517 16.7778
      vertex 46.05 -10.15 32
      vertex 46.05 -9.5244 16.6314
    endloop
  endfacet
  facet normal 1 0 0
    outer loop
      vertex 46.05 -9.37192 16.9167
      vertex 46.05 -10.15 32
      vertex 46.05 -9.45517 16.7778
    endloop
  endfacet
  facet normal 1 0 0
    outer loop
      vertex 46.05 -9.27547 17.0467
      vertex 46.05 -10.15 32
      vertex 46.05 -9.37192 16.9167
    endloop
  endfacet
  facet normal 1 0 0
    outer loop
      vertex 46.05 -9.16673 17.1667
      vertex 46.05 -10.15 32
      vertex 46.05 -9.27547 17.0467
    endloop
  endfacet
  facet normal 1 0 0
    outer loop
      vertex 46.05 -9.04675 17.2755
      vertex 46.05 -10.15 32
      vertex 46.05 -9.16673 17.1667
    endloop
  endfacet
  facet normal 1 0 0
    outer loop
      vertex 46.05 -8.91669 17.3719
      vertex 46.05 -10.15 32
      vertex 46.05 -9.04675 17.2755
    endloop
  endfacet
  facet normal 1 -0 0
    outer loop
      vertex 46.05 9.64205 15.8383
      vertex 46.05 10.15 0
      vertex 46.05 9.65 16
    endloop
  endfacet
  facet normal 1 -0 0
    outer loop
      vertex 46.05 9.6183 15.6781
      vertex 46.05 10.15 0
      vertex 46.05 9.64205 15.8383
    endloop
  endfacet
  facet normal 1 -0 0
    outer loop
      vertex 46.05 9.57895 15.521
      vertex 46.05 10.15 0
      vertex 46.05 9.6183 15.6781
    endloop
  endfacet
  facet normal 1 -0 0
    outer loop
      vertex 46.05 9.5244 15.3686
      vertex 46.05 10.15 0
      vertex 46.05 9.57895 15.521
    endloop
  endfacet
  facet normal 1 -0 0
    outer loop
      vertex 46.05 9.45517 15.2222
      vertex 46.05 10.15 0
      vertex 46.05 9.5244 15.3686
    endloop
  endfacet
  facet normal 1 -0 0
    outer loop
      vertex 46.05 9.37192 15.0833
      vertex 46.05 10.15 0
      vertex 46.05 9.45517 15.2222
    endloop
  endfacet
  facet normal 1 -0 0
    outer loop
      vertex 46.05 9.27547 14.9533
      vertex 46.05 10.15 0
      vertex 46.05 9.37192 15.0833
    endloop
  endfacet
  facet normal 1 -0 0
    outer loop
      vertex 46.05 9.16673 14.8333
      vertex 46.05 10.15 0
      vertex 46.05 9.27547 14.9533
    endloop
  endfacet
  facet normal 1 -0 0
    outer loop
      vertex 46.05 9.04675 14.7245
      vertex 46.05 10.15 0
      vertex 46.05 9.16673 14.8333
    endloop
  endfacet
  facet normal 1 -0 0
    outer loop
      vertex 46.05 8.91669 14.6281
      vertex 46.05 10.15 0
      vertex 46.05 9.04675 14.7245
    endloop
  endfacet
  facet normal 1 -0 0
    outer loop
      vertex 46.05 8.7778 14.5448
      vertex 46.05 10.15 0
      vertex 46.05 8.91669 14.6281
    endloop
  endfacet
  facet normal 1 -0 0
    outer loop
      vertex 46.05 8.63143 14.4756
      vertex 46.05 10.15 0
      vertex 46.05 8.7778 14.5448
    endloop
  endfacet
  facet normal 1 -0 0
    outer loop
      vertex 46.05 8.47897 14.421
      vertex 46.05 10.15 0
      vertex 46.05 8.63143 14.4756
    endloop
  endfacet
  facet normal 1 -0 0
    outer loop
      vertex 46.05 8.3219 14.3817
      vertex 46.05 10.15 0
      vertex 46.05 8.47897 14.421
    endloop
  endfacet
  facet normal 1 -0 0
    outer loop
      vertex 46.05 8.16173 14.3579
      vertex 46.05 10.15 0
      vertex 46.05 8.3219 14.3817
    endloop
  endfacet
  facet normal 1 -0 0
    outer loop
      vertex 46.05 8 14.35
      vertex 46.05 10.15 0
      vertex 46.05 8.16173 14.3579
    endloop
  endfacet
  facet normal 1 0 0
    outer loop
      vertex 46.05 7.83827 14.3579
      vertex 46.05 10.15 0
      vertex 46.05 8 14.35
    endloop
  endfacet
  facet normal 1 0 0
    outer loop
      vertex 46.05 7.6781 14.3817
      vertex 46.05 10.15 0
      vertex 46.05 7.83827 14.3579
    endloop
  endfacet
  facet normal 1 0 0
    outer loop
      vertex 46.05 7.52103 14.421
      vertex 46.05 10.15 0
      vertex 46.05 7.6781 14.3817
    endloop
  endfacet
  facet normal 1 0 0
    outer loop
      vertex 46.05 7.36857 14.4756
      vertex 46.05 10.15 0
      vertex 46.05 7.52103 14.421
    endloop
  endfacet
  facet normal 1 0 0
    outer loop
      vertex 46.05 7.22219 14.5448
      vertex 46.05 10.15 0
      vertex 46.05 7.36857 14.4756
    endloop
  endfacet
  facet normal 1 0 0
    outer loop
      vertex 46.05 7.08331 14.6281
      vertex 46.05 10.15 0
      vertex 46.05 7.22219 14.5448
    endloop
  endfacet
  facet normal 1 0 0
    outer loop
      vertex 46.05 6.95325 14.7245
      vertex 46.05 10.15 0
      vertex 46.05 7.08331 14.6281
    endloop
  endfacet
  facet normal 1 0 0
    outer loop
      vertex 46.05 -6.95325 14.7245
      vertex 46.05 6.95325 14.7245
      vertex 46.05 6.83327 14.8333
    endloop
  endfacet
  facet normal 1 0 0
    outer loop
      vertex 46.05 -6.83327 14.8333
      vertex 46.05 6.83327 14.8333
      vertex 46.05 6.72453 14.9533
    endloop
  endfacet
  facet normal 1 0 0
    outer loop
      vertex 46.05 -6.72453 14.9533
      vertex 46.05 6.72453 14.9533
      vertex 46.05 6.62807 15.0833
    endloop
  endfacet
  facet normal 1 0 0
    outer loop
      vertex 46.05 -6.62807 15.0833
      vertex 46.05 6.62807 15.0833
      vertex 46.05 6.54483 15.2222
    endloop
  endfacet
  facet normal 1 0 0
    outer loop
      vertex 46.05 -6.54483 15.2222
      vertex 46.05 6.54483 15.2222
      vertex 46.05 6.4756 15.3686
    endloop
  endfacet
  facet normal 1 0 0
    outer loop
      vertex 46.05 -6.4756 15.3686
      vertex 46.05 6.4756 15.3686
      vertex 46.05 6.42105 15.521
    endloop
  endfacet
  facet normal 1 0 0
    outer loop
      vertex 46.05 -6.42105 15.521
      vertex 46.05 6.42105 15.521
      vertex 46.05 6.3817 15.6781
    endloop
  endfacet
  facet normal 1 -0 0
    outer loop
      vertex 46.05 -6.35 16
      vertex 46.05 6.35794 15.8383
      vertex 46.05 6.35 16
    endloop
  endfacet
  facet normal 1 0 0
    outer loop
      vertex 46.05 -6.35794 15.8383
      vertex 46.05 6.35794 15.8383
      vertex 46.05 -6.35 16
    endloop
  endfacet
  facet normal 1 0 0
    outer loop
      vertex 46.05 6.35794 15.8383
      vertex 46.05 -6.35794 15.8383
      vertex 46.05 6.3817 15.6781
    endloop
  endfacet
  facet normal 1 0 0
    outer loop
      vertex 46.05 -6.3817 15.6781
      vertex 46.05 6.3817 15.6781
      vertex 46.05 -6.35794 15.8383
    endloop
  endfacet
  facet normal 1 0 0
    outer loop
      vertex 46.05 -6.42105 15.521
      vertex 46.05 6.3817 15.6781
      vertex 46.05 -6.3817 15.6781
    endloop
  endfacet
  facet normal 1 0 0
    outer loop
      vertex 46.05 6.42105 15.521
      vertex 46.05 -6.42105 15.521
      vertex 46.05 -6.4756 15.3686
    endloop
  endfacet
  facet normal 1 0 0
    outer loop
      vertex 46.05 6.4756 15.3686
      vertex 46.05 -6.4756 15.3686
      vertex 46.05 -6.54483 15.2222
    endloop
  endfacet
  facet normal 1 0 0
    outer loop
      vertex 46.05 6.54483 15.2222
      vertex 46.05 -6.54483 15.2222
      vertex 46.05 -6.62807 15.0833
    endloop
  endfacet
  facet normal 1 0 0
    outer loop
      vertex 46.05 6.62807 15.0833
      vertex 46.05 -6.62807 15.0833
      vertex 46.05 -6.72453 14.9533
    endloop
  endfacet
  facet normal 1 0 0
    outer loop
      vertex 46.05 6.72453 14.9533
      vertex 46.05 -6.72453 14.9533
      vertex 46.05 -6.83327 14.8333
    endloop
  endfacet
  facet normal 1 0 0
    outer loop
      vertex 46.05 6.83327 14.8333
      vertex 46.05 -6.83327 14.8333
      vertex 46.05 -6.95325 14.7245
    endloop
  endfacet
  facet normal 1 0 0
    outer loop
      vertex 46.05 6.95325 14.7245
      vertex 46.05 -6.95325 14.7245
      vertex 46.05 10.15 0
    endloop
  endfacet
  facet normal 1 0 0
    outer loop
      vertex 46.05 -10.15 0
      vertex 46.05 -6.95325 14.7245
      vertex 46.05 -7.08331 14.6281
    endloop
  endfacet
  facet normal 1 0 0
    outer loop
      vertex 46.05 -10.15 0
      vertex 46.05 -7.08331 14.6281
      vertex 46.05 -7.22219 14.5448
    endloop
  endfacet
  facet normal 1 0 0
    outer loop
      vertex 46.05 -10.15 0
      vertex 46.05 -7.22219 14.5448
      vertex 46.05 -7.36857 14.4756
    endloop
  endfacet
  facet normal 1 0 0
    outer loop
      vertex 46.05 -10.15 0
      vertex 46.05 -7.36857 14.4756
      vertex 46.05 -7.52103 14.421
    endloop
  endfacet
  facet normal 1 0 0
    outer loop
      vertex 46.05 -10.15 0
      vertex 46.05 -7.52103 14.421
      vertex 46.05 -7.6781 14.3817
    endloop
  endfacet
  facet normal 1 0 0
    outer loop
      vertex 46.05 -10.15 0
      vertex 46.05 -7.6781 14.3817
      vertex 46.05 -7.83827 14.3579
    endloop
  endfacet
  facet normal 1 0 0
    outer loop
      vertex 46.05 -10.15 0
      vertex 46.05 -7.83827 14.3579
      vertex 46.05 -8 14.35
    endloop
  endfacet
  facet normal 1 0 0
    outer loop
      vertex 46.05 -10.15 0
      vertex 46.05 -8 14.35
      vertex 46.05 -8.16173 14.3579
    endloop
  endfacet
  facet normal 1 0 0
    outer loop
      vertex 46.05 -10.15 0
      vertex 46.05 -8.16173 14.3579
      vertex 46.05 -8.3219 14.3817
    endloop
  endfacet
  facet normal 1 0 0
    outer loop
      vertex 46.05 -10.15 0
      vertex 46.05 -8.3219 14.3817
      vertex 46.05 -8.47897 14.421
    endloop
  endfacet
  facet normal 1 0 0
    outer loop
      vertex 46.05 -10.15 0
      vertex 46.05 -8.47897 14.421
      vertex 46.05 -8.63143 14.4756
    endloop
  endfacet
  facet normal 1 0 0
    outer loop
      vertex 46.05 -10.15 0
      vertex 46.05 -8.63143 14.4756
      vertex 46.05 -8.7778 14.5448
    endloop
  endfacet
  facet normal 1 0 0
    outer loop
      vertex 46.05 -10.15 0
      vertex 46.05 -8.7778 14.5448
      vertex 46.05 -8.91669 14.6281
    endloop
  endfacet
  facet normal 1 0 0
    outer loop
      vertex 46.05 -10.15 0
      vertex 46.05 -8.91669 14.6281
      vertex 46.05 -9.04675 14.7245
    endloop
  endfacet
  facet normal 1 0 0
    outer loop
      vertex 46.05 -6.95325 14.7245
      vertex 46.05 -10.15 0
      vertex 46.05 10.15 0
    endloop
  endfacet
  facet normal 1 0 0
    outer loop
      vertex 46.05 -9.16673 14.8333
      vertex 46.05 -10.15 0
      vertex 46.05 -9.04675 14.7245
    endloop
  endfacet
  facet normal 1 0 0
    outer loop
      vertex 46.05 -9.27547 14.9533
      vertex 46.05 -10.15 0
      vertex 46.05 -9.16673 14.8333
    endloop
  endfacet
  facet normal 1 0 0
    outer loop
      vertex 46.05 -9.37192 15.0833
      vertex 46.05 -10.15 0
      vertex 46.05 -9.27547 14.9533
    endloop
  endfacet
  facet normal 1 0 0
    outer loop
      vertex 46.05 -9.45517 15.2222
      vertex 46.05 -10.15 0
      vertex 46.05 -9.37192 15.0833
    endloop
  endfacet
  facet normal 1 0 0
    outer loop
      vertex 46.05 -9.5244 15.3686
      vertex 46.05 -10.15 0
      vertex 46.05 -9.45517 15.2222
    endloop
  endfacet
  facet normal 1 0 0
    outer loop
      vertex 46.05 -9.57895 15.521
      vertex 46.05 -10.15 0
      vertex 46.05 -9.5244 15.3686
    endloop
  endfacet
  facet normal 1 0 0
    outer loop
      vertex 46.05 -9.6183 15.6781
      vertex 46.05 -10.15 0
      vertex 46.05 -9.57895 15.521
    endloop
  endfacet
  facet normal 1 0 0
    outer loop
      vertex 46.05 -9.64205 15.8383
      vertex 46.05 -10.15 0
      vertex 46.05 -9.6183 15.6781
    endloop
  endfacet
  facet normal 1 0 0
    outer loop
      vertex 46.05 -9.65 16
      vertex 46.05 -10.15 0
      vertex 46.05 -9.64205 15.8383
    endloop
  endfacet
  facet normal 1 0 0
    outer loop
      vertex 46.05 -10.15 0
      vertex 46.05 -9.65 16
      vertex 46.05 -10.15 32
    endloop
  endfacet
  facet normal 0 -1 0
    outer loop
      vertex 46.05 10.15 0
      vertex 58.2 10.15 32
      vertex 46.05 10.15 32
    endloop
  endfacet
  facet normal 0 -1 -0
    outer loop
      vertex 58.2 10.15 32
      vertex 46.05 10.15 0
      vertex 58.2 10.15 0
    endloop
  endfacet
  facet normal 0 1 -0
    outer loop
      vertex 58.2 -10.15 0
      vertex 46.05 -10.15 32
      vertex 58.2 -10.15 32
    endloop
  endfacet
  facet normal 0 1 0
    outer loop
      vertex 46.05 -10.15 32
      vertex 58.2 -10.15 0
      vertex 46.05 -10.15 0
    endloop
  endfacet
endsolid OpenSCAD_Model
