solid OpenSCAD_Model
  facet normal -0.427516 0.904008 0
    outer loop
      vertex -4.97488 12.0104 0
      vertex -6.12816 11.465 3
      vertex -4.97488 12.0104 3
    endloop
  endfacet
  facet normal -0.427516 0.904008 0
    outer loop
      vertex -6.12816 11.465 3
      vertex -4.97488 12.0104 0
      vertex -6.12816 11.465 0
    endloop
  endfacet
  facet normal 0.989176 0.146736 0
    outer loop
      vertex 12.9374 1.27422 6
      vertex 12.7502 2.53617 0
      vertex 12.7502 2.53617 6
    endloop
  endfacet
  facet normal 0.989176 0.146736 0
    outer loop
      vertex 12.7502 2.53617 0
      vertex 12.9374 1.27422 6
      vertex 12.9374 1.27422 0
    endloop
  endfacet
  facet normal 0.998795 0.0490689 0
    outer loop
      vertex 13 0 7
      vertex 12.9374 1.27422 6
      vertex 12.9374 1.27422 7
    endloop
  endfacet
  facet normal 0.998795 0.0490689 -0
    outer loop
      vertex 13 0 0
      vertex 12.9374 1.27422 6
      vertex 13 0 7
    endloop
  endfacet
  facet normal 0.998795 0.0490689 0
    outer loop
      vertex 12.9374 1.27422 6
      vertex 13 0 0
      vertex 12.9374 1.27422 0
    endloop
  endfacet
  facet normal 0.970029 0.242991 0
    outer loop
      vertex 12.7502 2.53617 6
      vertex 12.4402 3.7737 0
      vertex 12.4402 3.7737 6
    endloop
  endfacet
  facet normal 0.970029 0.242991 0
    outer loop
      vertex 12.4402 3.7737 0
      vertex 12.7502 2.53617 6
      vertex 12.7502 2.53617 0
    endloop
  endfacet
  facet normal 0.336897 -0.941541 0
    outer loop
      vertex 3.7737 -12.4402 0
      vertex 4.97488 -12.0104 7
      vertex 3.7737 -12.4402 7
    endloop
  endfacet
  facet normal 0.336897 -0.941541 0
    outer loop
      vertex 4.97488 -12.0104 7
      vertex 3.7737 -12.4402 0
      vertex 4.97488 -12.0104 0
    endloop
  endfacet
  facet normal 0.857718 0.514121 0
    outer loop
      vertex 11.465 6.12816 6
      vertex 10.8091 7.22241 0
      vertex 10.8091 7.22241 6
    endloop
  endfacet
  facet normal 0.857718 0.514121 0
    outer loop
      vertex 10.8091 7.22241 0
      vertex 11.465 6.12816 6
      vertex 11.465 6.12816 0
    endloop
  endfacet
  facet normal 0.740967 0.671541 0
    outer loop
      vertex 10.0491 8.24711 6
      vertex 9.19239 9.19239 0
      vertex 9.19239 9.19239 6
    endloop
  endfacet
  facet normal 0.740967 0.671541 0
    outer loop
      vertex 9.19239 9.19239 0
      vertex 10.0491 8.24711 6
      vertex 10.0491 8.24711 0
    endloop
  endfacet
  facet normal 0.941541 0.336897 0
    outer loop
      vertex 12.4402 3.7737 6
      vertex 12.0104 4.97488 0
      vertex 12.0104 4.97488 6
    endloop
  endfacet
  facet normal 0.941541 0.336897 0
    outer loop
      vertex 12.0104 4.97488 0
      vertex 12.4402 3.7737 6
      vertex 12.4402 3.7737 0
    endloop
  endfacet
  facet normal 0.803196 0.595715 0
    outer loop
      vertex 10.8091 7.22241 6
      vertex 10.0491 8.24711 0
      vertex 10.0491 8.24711 6
    endloop
  endfacet
  facet normal 0.803196 0.595715 0
    outer loop
      vertex 10.0491 8.24711 0
      vertex 10.8091 7.22241 6
      vertex 10.8091 7.22241 0
    endloop
  endfacet
  facet normal 0.514121 -0.857718 0
    outer loop
      vertex 6.12816 -11.465 0
      vertex 7.22241 -10.8091 7
      vertex 6.12816 -11.465 7
    endloop
  endfacet
  facet normal 0.514121 -0.857718 0
    outer loop
      vertex 7.22241 -10.8091 7
      vertex 6.12816 -11.465 0
      vertex 7.22241 -10.8091 0
    endloop
  endfacet
  facet normal -0.803196 0.595715 0
    outer loop
      vertex -10.8091 7.22241 0
      vertex -10.0491 8.24711 6
      vertex -10.0491 8.24711 0
    endloop
  endfacet
  facet normal -0.803196 0.595715 0
    outer loop
      vertex -10.0491 8.24711 6
      vertex -10.8091 7.22241 0
      vertex -10.8091 7.22241 6
    endloop
  endfacet
  facet normal 0 0 -1
    outer loop
      vertex -7.18683 0.813172 0
      vertex -1.23682 1.01503 0
      vertex -7.11104 0.729552 0
    endloop
  endfacet
  facet normal -0 0 -1
    outer loop
      vertex -1.23682 1.01503 0
      vertex -7.18683 0.813172 0
      vertex -1.13137 1.13137 0
    endloop
  endfacet
  facet normal 0 0 -1
    outer loop
      vertex -7.27045 0.888962 0
      vertex -1.13137 1.13137 0
      vertex -7.18683 0.813172 0
    endloop
  endfacet
  facet normal -0 0 -1
    outer loop
      vertex -1.13137 1.13137 0
      vertex -7.27045 0.888962 0
      vertex -0.888962 7.27045 0
    endloop
  endfacet
  facet normal -0 0 -1
    outer loop
      vertex -0.888962 7.27045 0
      vertex -7.27045 0.888962 0
      vertex -0.956189 7.36109 0
    endloop
  endfacet
  facet normal 0 0 -1
    outer loop
      vertex -7.36109 0.956189 0
      vertex -0.956189 7.36109 0
      vertex -7.27045 0.888962 0
    endloop
  endfacet
  facet normal -0 0 -1
    outer loop
      vertex -0.956189 7.36109 0
      vertex -7.36109 0.956189 0
      vertex -1.01421 7.45789 0
    endloop
  endfacet
  facet normal 0 0 -1
    outer loop
      vertex -7.45789 1.01421 0
      vertex -1.01421 7.45789 0
      vertex -7.36109 0.956189 0
    endloop
  endfacet
  facet normal -0 0 -1
    outer loop
      vertex -1.01421 7.45789 0
      vertex -7.45789 1.01421 0
      vertex -1.06246 7.55991 0
    endloop
  endfacet
  facet normal 0 0 -1
    outer loop
      vertex -1.10048 7.66617 0
      vertex -7.22241 10.8091 0
      vertex -6.12816 11.465 0
    endloop
  endfacet
  facet normal 0 0 -1
    outer loop
      vertex -7.55991 1.06246 0
      vertex -1.06246 7.55991 0
      vertex -7.45789 1.01421 0
    endloop
  endfacet
  facet normal 0 0 -1
    outer loop
      vertex -9.19239 9.19239 0
      vertex -1.06246 7.55991 0
      vertex -7.55991 1.06246 0
    endloop
  endfacet
  facet normal 0 0 -1
    outer loop
      vertex -1.06246 7.55991 0
      vertex -9.19239 9.19239 0
      vertex -1.10048 7.66617 0
    endloop
  endfacet
  facet normal 0 0 -1
    outer loop
      vertex -9.19239 9.19239 0
      vertex -7.55991 1.06246 0
      vertex -7.66617 1.10048 0
    endloop
  endfacet
  facet normal 0 0 -1
    outer loop
      vertex -10.0491 8.24711 0
      vertex -7.66617 1.10048 0
      vertex -7.77565 1.1279 0
    endloop
  endfacet
  facet normal 0 0 -1
    outer loop
      vertex -10.8091 7.22241 0
      vertex -7.77565 1.1279 0
      vertex -7.88728 1.14446 0
    endloop
  endfacet
  facet normal 0 0 -1
    outer loop
      vertex -10.8091 7.22241 0
      vertex -7.88728 1.14446 0
      vertex -8 1.15 0
    endloop
  endfacet
  facet normal 0 0 -1
    outer loop
      vertex -11.465 6.12816 0
      vertex -8 1.15 0
      vertex -8.11272 1.14446 0
    endloop
  endfacet
  facet normal 0 0 -1
    outer loop
      vertex -11.465 6.12816 0
      vertex -8.11272 1.14446 0
      vertex -8.22435 1.1279 0
    endloop
  endfacet
  facet normal 0 0 -1
    outer loop
      vertex -1.10048 7.66617 0
      vertex -8.24711 10.0491 0
      vertex -7.22241 10.8091 0
    endloop
  endfacet
  facet normal 0 0 -1
    outer loop
      vertex -12.0104 4.97488 0
      vertex -8.22435 1.1279 0
      vertex -8.33383 1.10048 0
    endloop
  endfacet
  facet normal 0 0 -1
    outer loop
      vertex -12.0104 4.97488 0
      vertex -8.33383 1.10048 0
      vertex -8.44009 1.06246 0
    endloop
  endfacet
  facet normal 0 0 -1
    outer loop
      vertex -12.0104 4.97488 0
      vertex -8.44009 1.06246 0
      vertex -8.54211 1.01421 0
    endloop
  endfacet
  facet normal 0 0 -1
    outer loop
      vertex -12.4402 3.7737 0
      vertex -8.54211 1.01421 0
      vertex -8.63891 0.956189 0
    endloop
  endfacet
  facet normal 0 0 -1
    outer loop
      vertex -12.4402 3.7737 0
      vertex -8.63891 0.956189 0
      vertex -8.72955 0.888962 0
    endloop
  endfacet
  facet normal 0 0 -1
    outer loop
      vertex -12.4402 3.7737 0
      vertex -8.72955 0.888962 0
      vertex -8.81317 0.813172 0
    endloop
  endfacet
  facet normal 0 0 -1
    outer loop
      vertex -12.7502 2.53617 0
      vertex -8.81317 0.813172 0
      vertex -8.88896 0.729552 0
    endloop
  endfacet
  facet normal 0 0 -1
    outer loop
      vertex -12.7502 2.53617 0
      vertex -8.88896 0.729552 0
      vertex -8.95619 0.638906 0
    endloop
  endfacet
  facet normal 0 0 -1
    outer loop
      vertex -12.7502 2.53617 0
      vertex -8.95619 0.638906 0
      vertex -9.01421 0.542106 0
    endloop
  endfacet
  facet normal 0 0 -1
    outer loop
      vertex -12.9374 1.27422 0
      vertex -9.01421 0.542106 0
      vertex -9.06246 0.440085 0
    endloop
  endfacet
  facet normal 0 0 -1
    outer loop
      vertex -12.9374 1.27422 0
      vertex -9.06246 0.440085 0
      vertex -9.10048 0.333827 0
    endloop
  endfacet
  facet normal 0 0 -1
    outer loop
      vertex -12.9374 1.27422 0
      vertex -9.10048 0.333827 0
      vertex -9.1279 0.224354 0
    endloop
  endfacet
  facet normal 0 0 -1
    outer loop
      vertex -13 0 0
      vertex -9.1279 0.224354 0
      vertex -9.14446 0.11272 0
    endloop
  endfacet
  facet normal 0 0 -1
    outer loop
      vertex -1.10048 7.66617 0
      vertex -9.19239 9.19239 0
      vertex -8.24711 10.0491 0
    endloop
  endfacet
  facet normal 0 0 -1
    outer loop
      vertex -13 0 0
      vertex -9.14446 0.11272 0
      vertex -9.15 0 0
    endloop
  endfacet
  facet normal -0 0 -1
    outer loop
      vertex -8.95619 -0.638906 0
      vertex -12.7502 -2.53617 0
      vertex -9.01421 -0.542106 0
    endloop
  endfacet
  facet normal 0 0 -1
    outer loop
      vertex -12.9374 -1.27422 0
      vertex -9.01421 -0.542106 0
      vertex -12.7502 -2.53617 0
    endloop
  endfacet
  facet normal 0 0 -1
    outer loop
      vertex -7.66617 1.10048 0
      vertex -10.0491 8.24711 0
      vertex -9.19239 9.19239 0
    endloop
  endfacet
  facet normal -0 0 -1
    outer loop
      vertex -9.01421 -0.542106 0
      vertex -12.9374 -1.27422 0
      vertex -9.06246 -0.440085 0
    endloop
  endfacet
  facet normal 0 0 -1
    outer loop
      vertex -7.77565 1.1279 0
      vertex -10.8091 7.22241 0
      vertex -10.0491 8.24711 0
    endloop
  endfacet
  facet normal -0 0 -1
    outer loop
      vertex -9.06246 -0.440085 0
      vertex -12.9374 -1.27422 0
      vertex -9.10048 -0.333827 0
    endloop
  endfacet
  facet normal 0 0 -1
    outer loop
      vertex -8 1.15 0
      vertex -11.465 6.12816 0
      vertex -10.8091 7.22241 0
    endloop
  endfacet
  facet normal -0 0 -1
    outer loop
      vertex -9.10048 -0.333827 0
      vertex -12.9374 -1.27422 0
      vertex -9.1279 -0.224354 0
    endloop
  endfacet
  facet normal 0 0 -1
    outer loop
      vertex -8.22435 1.1279 0
      vertex -12.0104 4.97488 0
      vertex -11.465 6.12816 0
    endloop
  endfacet
  facet normal 0 0 -1
    outer loop
      vertex -13 0 0
      vertex -9.1279 -0.224354 0
      vertex -12.9374 -1.27422 0
    endloop
  endfacet
  facet normal 0 0 -1
    outer loop
      vertex -8.54211 1.01421 0
      vertex -12.4402 3.7737 0
      vertex -12.0104 4.97488 0
    endloop
  endfacet
  facet normal 0 0 -1
    outer loop
      vertex -9.1279 -0.224354 0
      vertex -13 0 0
      vertex -9.14446 -0.11272 0
    endloop
  endfacet
  facet normal 0 0 -1
    outer loop
      vertex -8.81317 0.813172 0
      vertex -12.7502 2.53617 0
      vertex -12.4402 3.7737 0
    endloop
  endfacet
  facet normal 0 0 -1
    outer loop
      vertex -9.14446 -0.11272 0
      vertex -13 0 0
      vertex -9.15 0 0
    endloop
  endfacet
  facet normal 0 0 -1
    outer loop
      vertex -9.01421 0.542106 0
      vertex -12.9374 1.27422 0
      vertex -12.7502 2.53617 0
    endloop
  endfacet
  facet normal -0 0 -1
    outer loop
      vertex -9.1279 0.224354 0
      vertex -13 0 0
      vertex -12.9374 1.27422 0
    endloop
  endfacet
  facet normal 0 0 -1
    outer loop
      vertex 7.22241 10.8091 0
      vertex 1.14446 7.88728 0
      vertex 1.15 8 0
    endloop
  endfacet
  facet normal 0 0 -1
    outer loop
      vertex 7.27045 0.888962 0
      vertex 1.13137 1.13137 0
      vertex 0.888962 7.27045 0
    endloop
  endfacet
  facet normal 0 0 -1
    outer loop
      vertex 7.27045 0.888962 0
      vertex 1.1279 7.77565 0
      vertex 1.14446 7.88728 0
    endloop
  endfacet
  facet normal 0 0 -1
    outer loop
      vertex 7.27045 0.888962 0
      vertex 1.10048 7.66617 0
      vertex 1.1279 7.77565 0
    endloop
  endfacet
  facet normal 0 0 -1
    outer loop
      vertex 7.27045 0.888962 0
      vertex 1.06246 7.55991 0
      vertex 1.10048 7.66617 0
    endloop
  endfacet
  facet normal 0 0 -1
    outer loop
      vertex 0.813172 7.18683 0
      vertex 1.13137 1.13137 0
      vertex 1.01503 1.23682 0
    endloop
  endfacet
  facet normal 0 0 -1
    outer loop
      vertex 7.27045 0.888962 0
      vertex 1.01421 7.45789 0
      vertex 1.06246 7.55991 0
    endloop
  endfacet
  facet normal 0 0 -1
    outer loop
      vertex 7.27045 0.888962 0
      vertex 0.956189 7.36109 0
      vertex 1.01421 7.45789 0
    endloop
  endfacet
  facet normal 0 0 -1
    outer loop
      vertex 7.27045 0.888962 0
      vertex 0.888962 7.27045 0
      vertex 0.956189 7.36109 0
    endloop
  endfacet
  facet normal 0 0 -1
    outer loop
      vertex 0.729552 7.11104 0
      vertex 1.01503 1.23682 0
      vertex 0.888912 1.33035 0
    endloop
  endfacet
  facet normal 0 0 -1
    outer loop
      vertex 1.13137 1.13137 0
      vertex 0.813172 7.18683 0
      vertex 0.888962 7.27045 0
    endloop
  endfacet
  facet normal 0 0 -1
    outer loop
      vertex 0.638906 7.04381 0
      vertex 0.888912 1.33035 0
      vertex 0.754234 1.41107 0
    endloop
  endfacet
  facet normal 0 0 -1
    outer loop
      vertex 1.01503 1.23682 0
      vertex 0.729552 7.11104 0
      vertex 0.813172 7.18683 0
    endloop
  endfacet
  facet normal 0 0 -1
    outer loop
      vertex 0.888912 1.33035 0
      vertex 0.638906 7.04381 0
      vertex 0.729552 7.11104 0
    endloop
  endfacet
  facet normal 0 0 -1
    outer loop
      vertex 0.542106 6.98579 0
      vertex 0.754234 1.41107 0
      vertex 0.612293 1.47821 0
    endloop
  endfacet
  facet normal 0 0 -1
    outer loop
      vertex 0.754234 1.41107 0
      vertex 0.542106 6.98579 0
      vertex 0.638906 7.04381 0
    endloop
  endfacet
  facet normal 0 0 -1
    outer loop
      vertex 0.440085 6.93754 0
      vertex 0.612293 1.47821 0
      vertex 0.464455 1.5311 0
    endloop
  endfacet
  facet normal 0 0 -1
    outer loop
      vertex 0.612293 1.47821 0
      vertex 0.440085 6.93754 0
      vertex 0.542106 6.98579 0
    endloop
  endfacet
  facet normal 0 0 -1
    outer loop
      vertex 0.464455 1.5311 0
      vertex 0.333827 6.89952 0
      vertex 0.440085 6.93754 0
    endloop
  endfacet
  facet normal 0 0 -1
    outer loop
      vertex 0.312144 1.56926 0
      vertex 0.333827 6.89952 0
      vertex 0.464455 1.5311 0
    endloop
  endfacet
  facet normal 0 0 -1
    outer loop
      vertex 0.312144 1.56926 0
      vertex 0.224354 6.8721 0
      vertex 0.333827 6.89952 0
    endloop
  endfacet
  facet normal 0 0 -1
    outer loop
      vertex 0.156827 1.59229 0
      vertex 0.224354 6.8721 0
      vertex 0.312144 1.56926 0
    endloop
  endfacet
  facet normal 0 0 -1
    outer loop
      vertex 0.156827 1.59229 0
      vertex 0.11272 6.85554 0
      vertex 0.224354 6.8721 0
    endloop
  endfacet
  facet normal 0 0 -1
    outer loop
      vertex 0 1.6 0
      vertex 0.11272 6.85554 0
      vertex 0.156827 1.59229 0
    endloop
  endfacet
  facet normal 0 0 -1
    outer loop
      vertex 0 1.6 0
      vertex 0 6.85 0
      vertex 0.11272 6.85554 0
    endloop
  endfacet
  facet normal 0 0 -1
    outer loop
      vertex 0 1.6 0
      vertex -0.11272 6.85554 0
      vertex 0 6.85 0
    endloop
  endfacet
  facet normal 0 0 -1
    outer loop
      vertex -0.156827 1.59229 0
      vertex -0.11272 6.85554 0
      vertex 0 1.6 0
    endloop
  endfacet
  facet normal 0 0 -1
    outer loop
      vertex -0.156827 1.59229 0
      vertex -0.224354 6.8721 0
      vertex -0.11272 6.85554 0
    endloop
  endfacet
  facet normal 0 0 -1
    outer loop
      vertex -0.312144 1.56926 0
      vertex -0.224354 6.8721 0
      vertex -0.156827 1.59229 0
    endloop
  endfacet
  facet normal 0 0 -1
    outer loop
      vertex -0.312144 1.56926 0
      vertex -0.333827 6.89952 0
      vertex -0.224354 6.8721 0
    endloop
  endfacet
  facet normal 0 0 -1
    outer loop
      vertex -0.464455 1.5311 0
      vertex -0.333827 6.89952 0
      vertex -0.312144 1.56926 0
    endloop
  endfacet
  facet normal -0 0 -1
    outer loop
      vertex -0.333827 6.89952 0
      vertex -0.464455 1.5311 0
      vertex -0.440085 6.93754 0
    endloop
  endfacet
  facet normal 0 0 -1
    outer loop
      vertex -0.612293 1.47821 0
      vertex -0.440085 6.93754 0
      vertex -0.464455 1.5311 0
    endloop
  endfacet
  facet normal -0 0 -1
    outer loop
      vertex -0.440085 6.93754 0
      vertex -0.612293 1.47821 0
      vertex -0.542106 6.98579 0
    endloop
  endfacet
  facet normal 0 0 -1
    outer loop
      vertex -0.754234 1.41107 0
      vertex -0.542106 6.98579 0
      vertex -0.612293 1.47821 0
    endloop
  endfacet
  facet normal -0 0 -1
    outer loop
      vertex -0.542106 6.98579 0
      vertex -0.754234 1.41107 0
      vertex -0.638906 7.04381 0
    endloop
  endfacet
  facet normal 0 0 -1
    outer loop
      vertex -0.888912 1.33035 0
      vertex -0.638906 7.04381 0
      vertex -0.754234 1.41107 0
    endloop
  endfacet
  facet normal -0 0 -1
    outer loop
      vertex -0.638906 7.04381 0
      vertex -0.888912 1.33035 0
      vertex -0.729552 7.11104 0
    endloop
  endfacet
  facet normal 0 0 -1
    outer loop
      vertex -1.01503 1.23682 0
      vertex -0.729552 7.11104 0
      vertex -0.888912 1.33035 0
    endloop
  endfacet
  facet normal -0 0 -1
    outer loop
      vertex -0.729552 7.11104 0
      vertex -1.01503 1.23682 0
      vertex -0.813172 7.18683 0
    endloop
  endfacet
  facet normal 0 0 -1
    outer loop
      vertex -1.13137 1.13137 0
      vertex -0.813172 7.18683 0
      vertex -1.01503 1.23682 0
    endloop
  endfacet
  facet normal -0 0 -1
    outer loop
      vertex -0.813172 7.18683 0
      vertex -1.13137 1.13137 0
      vertex -0.888962 7.27045 0
    endloop
  endfacet
  facet normal 0 0 -1
    outer loop
      vertex -6.98579 0.542106 0
      vertex -1.47821 0.612293 0
      vertex -6.93754 0.440085 0
    endloop
  endfacet
  facet normal -0 0 -1
    outer loop
      vertex -1.47821 0.612293 0
      vertex -6.98579 0.542106 0
      vertex -1.41107 0.754234 0
    endloop
  endfacet
  facet normal 0 0 -1
    outer loop
      vertex -7.04381 0.638906 0
      vertex -1.41107 0.754234 0
      vertex -6.98579 0.542106 0
    endloop
  endfacet
  facet normal -0 0 -1
    outer loop
      vertex -1.41107 0.754234 0
      vertex -7.04381 0.638906 0
      vertex -1.33035 0.888912 0
    endloop
  endfacet
  facet normal 0 0 -1
    outer loop
      vertex -7.11104 0.729552 0
      vertex -1.33035 0.888912 0
      vertex -7.04381 0.638906 0
    endloop
  endfacet
  facet normal -0 0 -1
    outer loop
      vertex -1.33035 0.888912 0
      vertex -7.11104 0.729552 0
      vertex -1.23682 1.01503 0
    endloop
  endfacet
  facet normal 0 0 -1
    outer loop
      vertex -1.10048 7.66617 0
      vertex -6.12816 11.465 0
      vertex -1.1279 7.77565 0
    endloop
  endfacet
  facet normal -0 0 -1
    outer loop
      vertex -1.5311 0.464455 0
      vertex -6.93754 0.440085 0
      vertex -1.47821 0.612293 0
    endloop
  endfacet
  facet normal 0 0 -1
    outer loop
      vertex 1.13137 1.13137 0
      vertex 7.18683 0.813172 0
      vertex 1.23682 1.01503 0
    endloop
  endfacet
  facet normal 0 0 -1
    outer loop
      vertex 7.18683 0.813172 0
      vertex 1.13137 1.13137 0
      vertex 7.27045 0.888962 0
    endloop
  endfacet
  facet normal -0 0 -1
    outer loop
      vertex 8.24711 10.0491 0
      vertex 1.14446 7.88728 0
      vertex 7.22241 10.8091 0
    endloop
  endfacet
  facet normal 0 0 -1
    outer loop
      vertex 1.1279 8.22435 0
      vertex 6.12816 11.465 0
      vertex 1.14446 8.11272 0
    endloop
  endfacet
  facet normal 0 0 -1
    outer loop
      vertex 1.14446 8.11272 0
      vertex 6.12816 11.465 0
      vertex 1.15 8 0
    endloop
  endfacet
  facet normal -0 0 -1
    outer loop
      vertex 7.22241 10.8091 0
      vertex 1.15 8 0
      vertex 6.12816 11.465 0
    endloop
  endfacet
  facet normal -0 0 -1
    outer loop
      vertex 6.12816 11.465 0
      vertex 1.1279 8.22435 0
      vertex 4.97488 12.0104 0
    endloop
  endfacet
  facet normal 0 0 -1
    outer loop
      vertex 1.14446 7.88728 0
      vertex 7.36109 0.956189 0
      vertex 7.27045 0.888962 0
    endloop
  endfacet
  facet normal 0 0 -1
    outer loop
      vertex 1.10048 8.33383 0
      vertex 4.97488 12.0104 0
      vertex 1.1279 8.22435 0
    endloop
  endfacet
  facet normal 0 0 -1
    outer loop
      vertex 1.06246 8.44009 0
      vertex 4.97488 12.0104 0
      vertex 1.10048 8.33383 0
    endloop
  endfacet
  facet normal 0 0 -1
    outer loop
      vertex 1.01421 8.54211 0
      vertex 4.97488 12.0104 0
      vertex 1.06246 8.44009 0
    endloop
  endfacet
  facet normal -0 0 -1
    outer loop
      vertex 4.97488 12.0104 0
      vertex 1.01421 8.54211 0
      vertex 3.7737 12.4402 0
    endloop
  endfacet
  facet normal 0 0 -1
    outer loop
      vertex 0.956189 8.63891 0
      vertex 3.7737 12.4402 0
      vertex 1.01421 8.54211 0
    endloop
  endfacet
  facet normal 0 0 -1
    outer loop
      vertex 0.888962 8.72955 0
      vertex 3.7737 12.4402 0
      vertex 0.956189 8.63891 0
    endloop
  endfacet
  facet normal -0 0 -1
    outer loop
      vertex 3.7737 12.4402 0
      vertex 0.888962 8.72955 0
      vertex 2.53617 12.7502 0
    endloop
  endfacet
  facet normal 0 0 -1
    outer loop
      vertex 0.813172 8.81317 0
      vertex 2.53617 12.7502 0
      vertex 0.888962 8.72955 0
    endloop
  endfacet
  facet normal 0 0 -1
    outer loop
      vertex 0.729552 8.88896 0
      vertex 2.53617 12.7502 0
      vertex 0.813172 8.81317 0
    endloop
  endfacet
  facet normal 0 0 -1
    outer loop
      vertex 0.638906 8.95619 0
      vertex 2.53617 12.7502 0
      vertex 0.729552 8.88896 0
    endloop
  endfacet
  facet normal 0 0 -1
    outer loop
      vertex 0.542106 9.01421 0
      vertex 2.53617 12.7502 0
      vertex 0.638906 8.95619 0
    endloop
  endfacet
  facet normal -0 0 -1
    outer loop
      vertex 2.53617 12.7502 0
      vertex 0.542106 9.01421 0
      vertex 1.27422 12.9374 0
    endloop
  endfacet
  facet normal 0 0 -1
    outer loop
      vertex 0.440085 9.06246 0
      vertex 1.27422 12.9374 0
      vertex 0.542106 9.01421 0
    endloop
  endfacet
  facet normal 0 0 -1
    outer loop
      vertex 0.333827 9.10048 0
      vertex 1.27422 12.9374 0
      vertex 0.440085 9.06246 0
    endloop
  endfacet
  facet normal 0 0 -1
    outer loop
      vertex 0.224354 9.1279 0
      vertex 1.27422 12.9374 0
      vertex 0.333827 9.10048 0
    endloop
  endfacet
  facet normal 0 0 -1
    outer loop
      vertex 0 13 0
      vertex 0.224354 9.1279 0
      vertex 0.11272 9.14446 0
    endloop
  endfacet
  facet normal 0 0 -1
    outer loop
      vertex 0 13 0
      vertex 0.11272 9.14446 0
      vertex 0 9.15 0
    endloop
  endfacet
  facet normal 0 0 -1
    outer loop
      vertex 0.224354 9.1279 0
      vertex 0 13 0
      vertex 1.27422 12.9374 0
    endloop
  endfacet
  facet normal 0 0 -1
    outer loop
      vertex -0.11272 9.14446 0
      vertex 0 13 0
      vertex 0 9.15 0
    endloop
  endfacet
  facet normal 0 0 -1
    outer loop
      vertex -0.224354 9.1279 0
      vertex 0 13 0
      vertex -0.11272 9.14446 0
    endloop
  endfacet
  facet normal 0 0 -1
    outer loop
      vertex -1.27422 12.9374 0
      vertex -0.224354 9.1279 0
      vertex -0.333827 9.10048 0
    endloop
  endfacet
  facet normal 0 0 -1
    outer loop
      vertex -1.27422 12.9374 0
      vertex -0.333827 9.10048 0
      vertex -0.440085 9.06246 0
    endloop
  endfacet
  facet normal 0 0 -1
    outer loop
      vertex -1.27422 12.9374 0
      vertex -0.440085 9.06246 0
      vertex -0.542106 9.01421 0
    endloop
  endfacet
  facet normal 0 0 -1
    outer loop
      vertex -2.53617 12.7502 0
      vertex -0.542106 9.01421 0
      vertex -0.638906 8.95619 0
    endloop
  endfacet
  facet normal 0 0 -1
    outer loop
      vertex -2.53617 12.7502 0
      vertex -0.638906 8.95619 0
      vertex -0.729552 8.88896 0
    endloop
  endfacet
  facet normal 0 0 -1
    outer loop
      vertex -2.53617 12.7502 0
      vertex -0.729552 8.88896 0
      vertex -0.813172 8.81317 0
    endloop
  endfacet
  facet normal 0 0 -1
    outer loop
      vertex -2.53617 12.7502 0
      vertex -0.813172 8.81317 0
      vertex -0.888962 8.72955 0
    endloop
  endfacet
  facet normal 0 0 -1
    outer loop
      vertex -3.7737 12.4402 0
      vertex -0.888962 8.72955 0
      vertex -0.956189 8.63891 0
    endloop
  endfacet
  facet normal 0 0 -1
    outer loop
      vertex -3.7737 12.4402 0
      vertex -0.956189 8.63891 0
      vertex -1.01421 8.54211 0
    endloop
  endfacet
  facet normal 0 0 -1
    outer loop
      vertex -4.97488 12.0104 0
      vertex -1.01421 8.54211 0
      vertex -1.06246 8.44009 0
    endloop
  endfacet
  facet normal 0 0 -1
    outer loop
      vertex -4.97488 12.0104 0
      vertex -1.06246 8.44009 0
      vertex -1.10048 8.33383 0
    endloop
  endfacet
  facet normal 0 0 -1
    outer loop
      vertex -4.97488 12.0104 0
      vertex -1.10048 8.33383 0
      vertex -1.1279 8.22435 0
    endloop
  endfacet
  facet normal 0 0 -1
    outer loop
      vertex -0.224354 9.1279 0
      vertex -1.27422 12.9374 0
      vertex 0 13 0
    endloop
  endfacet
  facet normal 0 0 -1
    outer loop
      vertex -6.12816 11.465 0
      vertex -1.1279 8.22435 0
      vertex -1.14446 8.11272 0
    endloop
  endfacet
  facet normal 0 0 -1
    outer loop
      vertex -6.12816 11.465 0
      vertex -1.14446 8.11272 0
      vertex -1.15 8 0
    endloop
  endfacet
  facet normal 0 0 -1
    outer loop
      vertex -1.1279 7.77565 0
      vertex -6.12816 11.465 0
      vertex -1.14446 7.88728 0
    endloop
  endfacet
  facet normal 0 0 -1
    outer loop
      vertex -6.93754 0.440085 0
      vertex -1.5311 0.464455 0
      vertex -6.89952 0.333827 0
    endloop
  endfacet
  facet normal 0 0 -1
    outer loop
      vertex -1.56926 0.312144 0
      vertex -6.89952 0.333827 0
      vertex -1.5311 0.464455 0
    endloop
  endfacet
  facet normal 0 0 -1
    outer loop
      vertex -6.89952 0.333827 0
      vertex -1.56926 0.312144 0
      vertex -6.8721 0.224354 0
    endloop
  endfacet
  facet normal 0 0 -1
    outer loop
      vertex -1.59229 0.156827 0
      vertex -6.8721 0.224354 0
      vertex -1.56926 0.312144 0
    endloop
  endfacet
  facet normal 0 0 -1
    outer loop
      vertex -6.8721 0.224354 0
      vertex -1.59229 0.156827 0
      vertex -6.85554 0.11272 0
    endloop
  endfacet
  facet normal 0 0 -1
    outer loop
      vertex -6.85554 0.11272 0
      vertex -1.59229 0.156827 0
      vertex -6.85 0 0
    endloop
  endfacet
  facet normal 0 0 -1
    outer loop
      vertex -6.85 0 0
      vertex -1.59229 0.156827 0
      vertex -1.6 0 0
    endloop
  endfacet
  facet normal 0 -0 -1
    outer loop
      vertex -7.11104 -0.729552 0
      vertex -1.23682 -1.01503 0
      vertex -7.18683 -0.813172 0
    endloop
  endfacet
  facet normal 0 0 -1
    outer loop
      vertex -1.14446 7.88728 0
      vertex -6.12816 11.465 0
      vertex -1.15 8 0
    endloop
  endfacet
  facet normal 0 0 -1
    outer loop
      vertex -1.23682 -1.01503 0
      vertex -7.11104 -0.729552 0
      vertex -1.33035 -0.888912 0
    endloop
  endfacet
  facet normal 0 0 -1
    outer loop
      vertex -0.542106 9.01421 0
      vertex -2.53617 12.7502 0
      vertex -1.27422 12.9374 0
    endloop
  endfacet
  facet normal 0 -0 -1
    outer loop
      vertex -7.04381 -0.638906 0
      vertex -1.33035 -0.888912 0
      vertex -7.11104 -0.729552 0
    endloop
  endfacet
  facet normal 0 0 -1
    outer loop
      vertex -0.888962 8.72955 0
      vertex -3.7737 12.4402 0
      vertex -2.53617 12.7502 0
    endloop
  endfacet
  facet normal 0 -0 -1
    outer loop
      vertex -6.98579 -0.542106 0
      vertex -1.41107 -0.754234 0
      vertex -7.04381 -0.638906 0
    endloop
  endfacet
  facet normal 0 0 -1
    outer loop
      vertex -1.01421 8.54211 0
      vertex -4.97488 12.0104 0
      vertex -3.7737 12.4402 0
    endloop
  endfacet
  facet normal 0 0 -1
    outer loop
      vertex -1.1279 8.22435 0
      vertex -6.12816 11.465 0
      vertex -4.97488 12.0104 0
    endloop
  endfacet
  facet normal -0 0 -1
    outer loop
      vertex -1.6 0 0
      vertex -6.85554 -0.11272 0
      vertex -6.85 0 0
    endloop
  endfacet
  facet normal 0 0 -1
    outer loop
      vertex -1.59229 -0.156827 0
      vertex -6.85554 -0.11272 0
      vertex -1.6 0 0
    endloop
  endfacet
  facet normal 0 -0 -1
    outer loop
      vertex -6.85554 -0.11272 0
      vertex -1.59229 -0.156827 0
      vertex -6.8721 -0.224354 0
    endloop
  endfacet
  facet normal 0 0 -1
    outer loop
      vertex -1.56926 -0.312144 0
      vertex -6.8721 -0.224354 0
      vertex -1.59229 -0.156827 0
    endloop
  endfacet
  facet normal 0 -0 -1
    outer loop
      vertex -6.8721 -0.224354 0
      vertex -1.56926 -0.312144 0
      vertex -6.89952 -0.333827 0
    endloop
  endfacet
  facet normal 0 0 -1
    outer loop
      vertex -1.5311 -0.464455 0
      vertex -6.89952 -0.333827 0
      vertex -1.56926 -0.312144 0
    endloop
  endfacet
  facet normal 0 -0 -1
    outer loop
      vertex -6.89952 -0.333827 0
      vertex -1.5311 -0.464455 0
      vertex -6.93754 -0.440085 0
    endloop
  endfacet
  facet normal 0 0 -1
    outer loop
      vertex -1.47821 -0.612293 0
      vertex -6.93754 -0.440085 0
      vertex -1.5311 -0.464455 0
    endloop
  endfacet
  facet normal 0 0 -1
    outer loop
      vertex -1.41107 -0.754234 0
      vertex -6.98579 -0.542106 0
      vertex -1.47821 -0.612293 0
    endloop
  endfacet
  facet normal 0 -0 -1
    outer loop
      vertex -6.93754 -0.440085 0
      vertex -1.47821 -0.612293 0
      vertex -6.98579 -0.542106 0
    endloop
  endfacet
  facet normal 0 0 -1
    outer loop
      vertex -1.33035 -0.888912 0
      vertex -7.04381 -0.638906 0
      vertex -1.41107 -0.754234 0
    endloop
  endfacet
  facet normal 0 0 -1
    outer loop
      vertex -8.24711 -10.0491 0
      vertex -7.36109 -0.956189 0
      vertex -7.22241 -10.8091 0
    endloop
  endfacet
  facet normal 0 0 -1
    outer loop
      vertex -7.36109 -0.956189 0
      vertex -8.24711 -10.0491 0
      vertex -7.45789 -1.01421 0
    endloop
  endfacet
  facet normal 0 0 -1
    outer loop
      vertex -7.45789 -1.01421 0
      vertex -8.24711 -10.0491 0
      vertex -7.55991 -1.06246 0
    endloop
  endfacet
  facet normal 0 0 -1
    outer loop
      vertex -9.19239 -9.19239 0
      vertex -7.55991 -1.06246 0
      vertex -8.24711 -10.0491 0
    endloop
  endfacet
  facet normal 0 0 -1
    outer loop
      vertex -7.55991 -1.06246 0
      vertex -9.19239 -9.19239 0
      vertex -7.66617 -1.10048 0
    endloop
  endfacet
  facet normal 0 0 -1
    outer loop
      vertex -10.0491 -8.24711 0
      vertex -7.66617 -1.10048 0
      vertex -9.19239 -9.19239 0
    endloop
  endfacet
  facet normal 0 0 -1
    outer loop
      vertex -7.66617 -1.10048 0
      vertex -10.0491 -8.24711 0
      vertex -7.77565 -1.1279 0
    endloop
  endfacet
  facet normal 0 0 -1
    outer loop
      vertex -10.8091 -7.22241 0
      vertex -7.77565 -1.1279 0
      vertex -10.0491 -8.24711 0
    endloop
  endfacet
  facet normal 0 0 -1
    outer loop
      vertex -7.77565 -1.1279 0
      vertex -10.8091 -7.22241 0
      vertex -7.88728 -1.14446 0
    endloop
  endfacet
  facet normal 0 0 -1
    outer loop
      vertex -7.88728 -1.14446 0
      vertex -10.8091 -7.22241 0
      vertex -8 -1.15 0
    endloop
  endfacet
  facet normal 0 0 -1
    outer loop
      vertex -11.465 -6.12816 0
      vertex -8 -1.15 0
      vertex -10.8091 -7.22241 0
    endloop
  endfacet
  facet normal -0 0 -1
    outer loop
      vertex -8 -1.15 0
      vertex -11.465 -6.12816 0
      vertex -8.11272 -1.14446 0
    endloop
  endfacet
  facet normal -0 0 -1
    outer loop
      vertex -8.11272 -1.14446 0
      vertex -11.465 -6.12816 0
      vertex -8.22435 -1.1279 0
    endloop
  endfacet
  facet normal 0 0 -1
    outer loop
      vertex -12.0104 -4.97488 0
      vertex -8.22435 -1.1279 0
      vertex -11.465 -6.12816 0
    endloop
  endfacet
  facet normal -0 0 -1
    outer loop
      vertex -8.22435 -1.1279 0
      vertex -12.0104 -4.97488 0
      vertex -8.33383 -1.10048 0
    endloop
  endfacet
  facet normal -0 0 -1
    outer loop
      vertex -8.33383 -1.10048 0
      vertex -12.0104 -4.97488 0
      vertex -8.44009 -1.06246 0
    endloop
  endfacet
  facet normal -0 0 -1
    outer loop
      vertex -8.44009 -1.06246 0
      vertex -12.0104 -4.97488 0
      vertex -8.54211 -1.01421 0
    endloop
  endfacet
  facet normal 0 0 -1
    outer loop
      vertex -12.4402 -3.7737 0
      vertex -8.54211 -1.01421 0
      vertex -12.0104 -4.97488 0
    endloop
  endfacet
  facet normal -0 0 -1
    outer loop
      vertex -8.54211 -1.01421 0
      vertex -12.4402 -3.7737 0
      vertex -8.63891 -0.956189 0
    endloop
  endfacet
  facet normal -0 0 -1
    outer loop
      vertex -8.63891 -0.956189 0
      vertex -12.4402 -3.7737 0
      vertex -8.72955 -0.888962 0
    endloop
  endfacet
  facet normal -0 0 -1
    outer loop
      vertex -8.72955 -0.888962 0
      vertex -12.4402 -3.7737 0
      vertex -8.81317 -0.813172 0
    endloop
  endfacet
  facet normal 0 0 -1
    outer loop
      vertex -12.7502 -2.53617 0
      vertex -8.81317 -0.813172 0
      vertex -12.4402 -3.7737 0
    endloop
  endfacet
  facet normal -0 0 -1
    outer loop
      vertex -8.88896 -0.729552 0
      vertex -12.7502 -2.53617 0
      vertex -8.95619 -0.638906 0
    endloop
  endfacet
  facet normal -0 0 -1
    outer loop
      vertex -8.81317 -0.813172 0
      vertex -12.7502 -2.53617 0
      vertex -8.88896 -0.729552 0
    endloop
  endfacet
  facet normal -0 0 -1
    outer loop
      vertex 7.55991 -1.06246 0
      vertex 1.06246 -7.55991 0
      vertex 7.45789 -1.01421 0
    endloop
  endfacet
  facet normal 0 0 -1
    outer loop
      vertex 1.01421 -7.45789 0
      vertex 7.45789 -1.01421 0
      vertex 1.06246 -7.55991 0
    endloop
  endfacet
  facet normal -0 0 -1
    outer loop
      vertex 7.45789 -1.01421 0
      vertex 1.01421 -7.45789 0
      vertex 7.36109 -0.956189 0
    endloop
  endfacet
  facet normal 0 0 -1
    outer loop
      vertex 0.956189 -7.36109 0
      vertex 7.36109 -0.956189 0
      vertex 1.01421 -7.45789 0
    endloop
  endfacet
  facet normal -0 0 -1
    outer loop
      vertex 7.36109 -0.956189 0
      vertex 0.956189 -7.36109 0
      vertex 7.27045 -0.888962 0
    endloop
  endfacet
  facet normal 0 0 -1
    outer loop
      vertex 0.888962 -7.27045 0
      vertex 7.27045 -0.888962 0
      vertex 0.956189 -7.36109 0
    endloop
  endfacet
  facet normal 0 -0 -1
    outer loop
      vertex 1.13137 -1.13137 0
      vertex 7.27045 -0.888962 0
      vertex 0.888962 -7.27045 0
    endloop
  endfacet
  facet normal 0 0 -1
    outer loop
      vertex 7.27045 -0.888962 0
      vertex 1.13137 -1.13137 0
      vertex 1.23682 -1.01503 0
    endloop
  endfacet
  facet normal 0 0 -1
    outer loop
      vertex 0.813172 -7.18683 0
      vertex 1.13137 -1.13137 0
      vertex 0.888962 -7.27045 0
    endloop
  endfacet
  facet normal 0 0 -1
    outer loop
      vertex 1.13137 -1.13137 0
      vertex 0.813172 -7.18683 0
      vertex 1.01503 -1.23682 0
    endloop
  endfacet
  facet normal 0 0 -1
    outer loop
      vertex 0.729552 -7.11104 0
      vertex 1.01503 -1.23682 0
      vertex 0.813172 -7.18683 0
    endloop
  endfacet
  facet normal 0 0 -1
    outer loop
      vertex 1.01503 -1.23682 0
      vertex 0.729552 -7.11104 0
      vertex 0.888912 -1.33035 0
    endloop
  endfacet
  facet normal 0 0 -1
    outer loop
      vertex 0.638906 -7.04381 0
      vertex 0.888912 -1.33035 0
      vertex 0.729552 -7.11104 0
    endloop
  endfacet
  facet normal 0 0 -1
    outer loop
      vertex 0.888912 -1.33035 0
      vertex 0.638906 -7.04381 0
      vertex 0.754234 -1.41107 0
    endloop
  endfacet
  facet normal 0 0 -1
    outer loop
      vertex 0.542106 -6.98579 0
      vertex 0.754234 -1.41107 0
      vertex 0.638906 -7.04381 0
    endloop
  endfacet
  facet normal 0 0 -1
    outer loop
      vertex 0.754234 -1.41107 0
      vertex 0.542106 -6.98579 0
      vertex 0.612293 -1.47821 0
    endloop
  endfacet
  facet normal 0 0 -1
    outer loop
      vertex 0.440085 -6.93754 0
      vertex 0.612293 -1.47821 0
      vertex 0.542106 -6.98579 0
    endloop
  endfacet
  facet normal 0 0 -1
    outer loop
      vertex 0.612293 -1.47821 0
      vertex 0.440085 -6.93754 0
      vertex 0.464455 -1.5311 0
    endloop
  endfacet
  facet normal 0 0 -1
    outer loop
      vertex 0.333827 -6.89952 0
      vertex 0.464455 -1.5311 0
      vertex 0.440085 -6.93754 0
    endloop
  endfacet
  facet normal 0 0 -1
    outer loop
      vertex 0.333827 -6.89952 0
      vertex 0.312144 -1.56926 0
      vertex 0.464455 -1.5311 0
    endloop
  endfacet
  facet normal 0 0 -1
    outer loop
      vertex 0.224354 -6.8721 0
      vertex 0.312144 -1.56926 0
      vertex 0.333827 -6.89952 0
    endloop
  endfacet
  facet normal 0 0 -1
    outer loop
      vertex 0.224354 -6.8721 0
      vertex 0.156827 -1.59229 0
      vertex 0.312144 -1.56926 0
    endloop
  endfacet
  facet normal 0 0 -1
    outer loop
      vertex 0.11272 -6.85554 0
      vertex 0.156827 -1.59229 0
      vertex 0.224354 -6.8721 0
    endloop
  endfacet
  facet normal 0 0 -1
    outer loop
      vertex 0 -6.85 0
      vertex 0.156827 -1.59229 0
      vertex 0.11272 -6.85554 0
    endloop
  endfacet
  facet normal 0 0 -1
    outer loop
      vertex 0 -6.85 0
      vertex 0 -1.6 0
      vertex 0.156827 -1.59229 0
    endloop
  endfacet
  facet normal 0 0 -1
    outer loop
      vertex -0.11272 -6.85554 0
      vertex 0 -1.6 0
      vertex 0 -6.85 0
    endloop
  endfacet
  facet normal 0 0 -1
    outer loop
      vertex -0.11272 -6.85554 0
      vertex -0.156827 -1.59229 0
      vertex 0 -1.6 0
    endloop
  endfacet
  facet normal 0 0 -1
    outer loop
      vertex -0.224354 -6.8721 0
      vertex -0.156827 -1.59229 0
      vertex -0.11272 -6.85554 0
    endloop
  endfacet
  facet normal 0 0 -1
    outer loop
      vertex -0.224354 -6.8721 0
      vertex -0.312144 -1.56926 0
      vertex -0.156827 -1.59229 0
    endloop
  endfacet
  facet normal 0 0 -1
    outer loop
      vertex -0.333827 -6.89952 0
      vertex -0.312144 -1.56926 0
      vertex -0.224354 -6.8721 0
    endloop
  endfacet
  facet normal 0 0 -1
    outer loop
      vertex -0.464455 -1.5311 0
      vertex -0.333827 -6.89952 0
      vertex -0.440085 -6.93754 0
    endloop
  endfacet
  facet normal 0 0 -1
    outer loop
      vertex -0.333827 -6.89952 0
      vertex -0.464455 -1.5311 0
      vertex -0.312144 -1.56926 0
    endloop
  endfacet
  facet normal 0 0 -1
    outer loop
      vertex -0.612293 -1.47821 0
      vertex -0.440085 -6.93754 0
      vertex -0.542106 -6.98579 0
    endloop
  endfacet
  facet normal 0 0 -1
    outer loop
      vertex -0.440085 -6.93754 0
      vertex -0.612293 -1.47821 0
      vertex -0.464455 -1.5311 0
    endloop
  endfacet
  facet normal 0 0 -1
    outer loop
      vertex -0.754234 -1.41107 0
      vertex -0.542106 -6.98579 0
      vertex -0.638906 -7.04381 0
    endloop
  endfacet
  facet normal 0 0 -1
    outer loop
      vertex -0.888912 -1.33035 0
      vertex -0.638906 -7.04381 0
      vertex -0.729552 -7.11104 0
    endloop
  endfacet
  facet normal 0 0 -1
    outer loop
      vertex -0.542106 -6.98579 0
      vertex -0.754234 -1.41107 0
      vertex -0.612293 -1.47821 0
    endloop
  endfacet
  facet normal 0 0 -1
    outer loop
      vertex -1.01503 -1.23682 0
      vertex -0.729552 -7.11104 0
      vertex -0.813172 -7.18683 0
    endloop
  endfacet
  facet normal 0 0 -1
    outer loop
      vertex -0.638906 -7.04381 0
      vertex -0.888912 -1.33035 0
      vertex -0.754234 -1.41107 0
    endloop
  endfacet
  facet normal 0 0 -1
    outer loop
      vertex -1.13137 -1.13137 0
      vertex -0.813172 -7.18683 0
      vertex -0.888962 -7.27045 0
    endloop
  endfacet
  facet normal 0 0 -1
    outer loop
      vertex -7.36109 -0.956189 0
      vertex -0.888962 -7.27045 0
      vertex -0.956189 -7.36109 0
    endloop
  endfacet
  facet normal 0 0 -1
    outer loop
      vertex -7.36109 -0.956189 0
      vertex -0.956189 -7.36109 0
      vertex -1.01421 -7.45789 0
    endloop
  endfacet
  facet normal 0 0 -1
    outer loop
      vertex -0.729552 -7.11104 0
      vertex -1.01503 -1.23682 0
      vertex -0.888912 -1.33035 0
    endloop
  endfacet
  facet normal 0 0 -1
    outer loop
      vertex -7.36109 -0.956189 0
      vertex -1.06246 -7.55991 0
      vertex -7.22241 -10.8091 0
    endloop
  endfacet
  facet normal -0 0 -1
    outer loop
      vertex -1.14446 -7.88728 0
      vertex -7.22241 -10.8091 0
      vertex -1.1279 -7.77565 0
    endloop
  endfacet
  facet normal 0 0 -1
    outer loop
      vertex -7.22241 -10.8091 0
      vertex -1.15 -8 0
      vertex -6.12816 -11.465 0
    endloop
  endfacet
  facet normal 0 0 -1
    outer loop
      vertex -0.813172 -7.18683 0
      vertex -1.13137 -1.13137 0
      vertex -1.01503 -1.23682 0
    endloop
  endfacet
  facet normal -0 0 -1
    outer loop
      vertex -1.14446 -8.11272 0
      vertex -6.12816 -11.465 0
      vertex -1.15 -8 0
    endloop
  endfacet
  facet normal 0 0 -1
    outer loop
      vertex -6.12816 -11.465 0
      vertex -1.1279 -8.22435 0
      vertex -4.97488 -12.0104 0
    endloop
  endfacet
  facet normal 0 -0 -1
    outer loop
      vertex -7.27045 -0.888962 0
      vertex -0.888962 -7.27045 0
      vertex -7.36109 -0.956189 0
    endloop
  endfacet
  facet normal 0 0 -1
    outer loop
      vertex 9.1279 -0.224354 0
      vertex 13 0 0
      vertex 12.9374 -1.27422 0
    endloop
  endfacet
  facet normal 0 0 -1
    outer loop
      vertex 9.01421 -0.542106 0
      vertex 12.9374 -1.27422 0
      vertex 12.7502 -2.53617 0
    endloop
  endfacet
  facet normal 0 0 -1
    outer loop
      vertex 13 0 0
      vertex 9.1279 -0.224354 0
      vertex 9.14446 -0.11272 0
    endloop
  endfacet
  facet normal 0 0 -1
    outer loop
      vertex 8.81317 -0.813172 0
      vertex 12.7502 -2.53617 0
      vertex 12.4402 -3.7737 0
    endloop
  endfacet
  facet normal 0 0 -1
    outer loop
      vertex 9.14446 0.11272 0
      vertex 13 0 0
      vertex 9.15 0 0
    endloop
  endfacet
  facet normal 0 0 -1
    outer loop
      vertex 8.54211 -1.01421 0
      vertex 12.4402 -3.7737 0
      vertex 12.0104 -4.97488 0
    endloop
  endfacet
  facet normal 0 0 -1
    outer loop
      vertex 9.1279 0.224354 0
      vertex 13 0 0
      vertex 9.14446 0.11272 0
    endloop
  endfacet
  facet normal 0 0 -1
    outer loop
      vertex 8.22435 -1.1279 0
      vertex 12.0104 -4.97488 0
      vertex 11.465 -6.12816 0
    endloop
  endfacet
  facet normal 0 0 -1
    outer loop
      vertex 13 0 0
      vertex 9.1279 0.224354 0
      vertex 12.9374 1.27422 0
    endloop
  endfacet
  facet normal 0 0 -1
    outer loop
      vertex 8 -1.15 0
      vertex 11.465 -6.12816 0
      vertex 10.8091 -7.22241 0
    endloop
  endfacet
  facet normal 0 0 -1
    outer loop
      vertex 9.10048 0.333827 0
      vertex 12.9374 1.27422 0
      vertex 9.1279 0.224354 0
    endloop
  endfacet
  facet normal 0 0 -1
    outer loop
      vertex 7.77565 -1.1279 0
      vertex 10.8091 -7.22241 0
      vertex 10.0491 -8.24711 0
    endloop
  endfacet
  facet normal 0 0 -1
    outer loop
      vertex 9.06246 0.440085 0
      vertex 12.9374 1.27422 0
      vertex 9.10048 0.333827 0
    endloop
  endfacet
  facet normal 0 0 -1
    outer loop
      vertex 7.66617 -1.10048 0
      vertex 10.0491 -8.24711 0
      vertex 9.19239 -9.19239 0
    endloop
  endfacet
  facet normal -0 0 -1
    outer loop
      vertex 12.9374 1.27422 0
      vertex 9.01421 0.542106 0
      vertex 12.7502 2.53617 0
    endloop
  endfacet
  facet normal 0 0 -1
    outer loop
      vertex 8.95619 0.638906 0
      vertex 12.7502 2.53617 0
      vertex 9.01421 0.542106 0
    endloop
  endfacet
  facet normal 0 0 -1
    outer loop
      vertex 9.01421 0.542106 0
      vertex 12.9374 1.27422 0
      vertex 9.06246 0.440085 0
    endloop
  endfacet
  facet normal -0 0 -1
    outer loop
      vertex 13 0 0
      vertex 9.14446 -0.11272 0
      vertex 9.15 0 0
    endloop
  endfacet
  facet normal 0 0 -1
    outer loop
      vertex 12.9374 -1.27422 0
      vertex 9.10048 -0.333827 0
      vertex 9.1279 -0.224354 0
    endloop
  endfacet
  facet normal 0 0 -1
    outer loop
      vertex 12.9374 -1.27422 0
      vertex 9.06246 -0.440085 0
      vertex 9.10048 -0.333827 0
    endloop
  endfacet
  facet normal 0 0 -1
    outer loop
      vertex 12.9374 -1.27422 0
      vertex 9.01421 -0.542106 0
      vertex 9.06246 -0.440085 0
    endloop
  endfacet
  facet normal 0 0 -1
    outer loop
      vertex 12.7502 -2.53617 0
      vertex 8.95619 -0.638906 0
      vertex 9.01421 -0.542106 0
    endloop
  endfacet
  facet normal 0 0 -1
    outer loop
      vertex 12.7502 -2.53617 0
      vertex 8.88896 -0.729552 0
      vertex 8.95619 -0.638906 0
    endloop
  endfacet
  facet normal 0 0 -1
    outer loop
      vertex 12.7502 -2.53617 0
      vertex 8.81317 -0.813172 0
      vertex 8.88896 -0.729552 0
    endloop
  endfacet
  facet normal 0 0 -1
    outer loop
      vertex 12.4402 -3.7737 0
      vertex 8.72955 -0.888962 0
      vertex 8.81317 -0.813172 0
    endloop
  endfacet
  facet normal 0 0 -1
    outer loop
      vertex 12.4402 -3.7737 0
      vertex 8.63891 -0.956189 0
      vertex 8.72955 -0.888962 0
    endloop
  endfacet
  facet normal 0 0 -1
    outer loop
      vertex 12.4402 -3.7737 0
      vertex 8.54211 -1.01421 0
      vertex 8.63891 -0.956189 0
    endloop
  endfacet
  facet normal 0 0 -1
    outer loop
      vertex 12.0104 -4.97488 0
      vertex 8.44009 -1.06246 0
      vertex 8.54211 -1.01421 0
    endloop
  endfacet
  facet normal 0 0 -1
    outer loop
      vertex 12.0104 -4.97488 0
      vertex 8.33383 -1.10048 0
      vertex 8.44009 -1.06246 0
    endloop
  endfacet
  facet normal 0 0 -1
    outer loop
      vertex 1.1279 -7.77565 0
      vertex 7.22241 -10.8091 0
      vertex 1.14446 -7.88728 0
    endloop
  endfacet
  facet normal 0 0 -1
    outer loop
      vertex 12.0104 -4.97488 0
      vertex 8.22435 -1.1279 0
      vertex 8.33383 -1.10048 0
    endloop
  endfacet
  facet normal 0 0 -1
    outer loop
      vertex 11.465 -6.12816 0
      vertex 8.11272 -1.14446 0
      vertex 8.22435 -1.1279 0
    endloop
  endfacet
  facet normal 0 0 -1
    outer loop
      vertex 11.465 -6.12816 0
      vertex 8 -1.15 0
      vertex 8.11272 -1.14446 0
    endloop
  endfacet
  facet normal 0 0 -1
    outer loop
      vertex 10.8091 -7.22241 0
      vertex 7.88728 -1.14446 0
      vertex 8 -1.15 0
    endloop
  endfacet
  facet normal 0 0 -1
    outer loop
      vertex 10.8091 -7.22241 0
      vertex 7.77565 -1.1279 0
      vertex 7.88728 -1.14446 0
    endloop
  endfacet
  facet normal 0 0 -1
    outer loop
      vertex 10.0491 -8.24711 0
      vertex 7.66617 -1.10048 0
      vertex 7.77565 -1.1279 0
    endloop
  endfacet
  facet normal 0 0 -1
    outer loop
      vertex 9.19239 -9.19239 0
      vertex 7.55991 -1.06246 0
      vertex 7.66617 -1.10048 0
    endloop
  endfacet
  facet normal 0 0 -1
    outer loop
      vertex 7.22241 -10.8091 0
      vertex 1.1279 -7.77565 0
      vertex 8.24711 -10.0491 0
    endloop
  endfacet
  facet normal 0 0 -1
    outer loop
      vertex 1.10048 -7.66617 0
      vertex 8.24711 -10.0491 0
      vertex 1.1279 -7.77565 0
    endloop
  endfacet
  facet normal 0 0 -1
    outer loop
      vertex 8.24711 -10.0491 0
      vertex 1.10048 -7.66617 0
      vertex 9.19239 -9.19239 0
    endloop
  endfacet
  facet normal 0 0 -1
    outer loop
      vertex 1.14446 -7.88728 0
      vertex 7.22241 -10.8091 0
      vertex 1.15 -8 0
    endloop
  endfacet
  facet normal 0 0 -1
    outer loop
      vertex 1.06246 -7.55991 0
      vertex 9.19239 -9.19239 0
      vertex 1.10048 -7.66617 0
    endloop
  endfacet
  facet normal 0 0 -1
    outer loop
      vertex 9.19239 -9.19239 0
      vertex 1.06246 -7.55991 0
      vertex 7.55991 -1.06246 0
    endloop
  endfacet
  facet normal -0 0 -1
    outer loop
      vertex 7.27045 -0.888962 0
      vertex 1.23682 -1.01503 0
      vertex 7.18683 -0.813172 0
    endloop
  endfacet
  facet normal -0 0 -1
    outer loop
      vertex 7.18683 -0.813172 0
      vertex 1.23682 -1.01503 0
      vertex 7.11104 -0.729552 0
    endloop
  endfacet
  facet normal 0 -0 -1
    outer loop
      vertex 1.33035 -0.888912 0
      vertex 7.11104 -0.729552 0
      vertex 1.23682 -1.01503 0
    endloop
  endfacet
  facet normal -0 0 -1
    outer loop
      vertex 7.11104 -0.729552 0
      vertex 1.33035 -0.888912 0
      vertex 7.04381 -0.638906 0
    endloop
  endfacet
  facet normal 0 -0 -1
    outer loop
      vertex 1.41107 -0.754234 0
      vertex 7.04381 -0.638906 0
      vertex 1.33035 -0.888912 0
    endloop
  endfacet
  facet normal -0 0 -1
    outer loop
      vertex 7.04381 -0.638906 0
      vertex 1.41107 -0.754234 0
      vertex 6.98579 -0.542106 0
    endloop
  endfacet
  facet normal 0 -0 -1
    outer loop
      vertex 1.47821 -0.612293 0
      vertex 6.98579 -0.542106 0
      vertex 1.41107 -0.754234 0
    endloop
  endfacet
  facet normal 0 0 -1
    outer loop
      vertex 1.15 -8 0
      vertex 7.22241 -10.8091 0
      vertex 6.12816 -11.465 0
    endloop
  endfacet
  facet normal 0 0 -1
    outer loop
      vertex 8.88896 0.729552 0
      vertex 12.7502 2.53617 0
      vertex 8.95619 0.638906 0
    endloop
  endfacet
  facet normal 0 0 -1
    outer loop
      vertex 8.81317 0.813172 0
      vertex 12.7502 2.53617 0
      vertex 8.88896 0.729552 0
    endloop
  endfacet
  facet normal -0 0 -1
    outer loop
      vertex 12.7502 2.53617 0
      vertex 8.81317 0.813172 0
      vertex 12.4402 3.7737 0
    endloop
  endfacet
  facet normal 0 0 -1
    outer loop
      vertex 8.72955 0.888962 0
      vertex 12.4402 3.7737 0
      vertex 8.81317 0.813172 0
    endloop
  endfacet
  facet normal 0 0 -1
    outer loop
      vertex 8.63891 0.956189 0
      vertex 12.4402 3.7737 0
      vertex 8.72955 0.888962 0
    endloop
  endfacet
  facet normal 0 0 -1
    outer loop
      vertex 8.54211 1.01421 0
      vertex 12.4402 3.7737 0
      vertex 8.63891 0.956189 0
    endloop
  endfacet
  facet normal -0 0 -1
    outer loop
      vertex 12.4402 3.7737 0
      vertex 8.54211 1.01421 0
      vertex 12.0104 4.97488 0
    endloop
  endfacet
  facet normal 0 0 -1
    outer loop
      vertex 8.44009 1.06246 0
      vertex 12.0104 4.97488 0
      vertex 8.54211 1.01421 0
    endloop
  endfacet
  facet normal 0 0 -1
    outer loop
      vertex 8.33383 1.10048 0
      vertex 12.0104 4.97488 0
      vertex 8.44009 1.06246 0
    endloop
  endfacet
  facet normal 0 0 -1
    outer loop
      vertex 8.22435 1.1279 0
      vertex 12.0104 4.97488 0
      vertex 8.33383 1.10048 0
    endloop
  endfacet
  facet normal -0 0 -1
    outer loop
      vertex 12.0104 4.97488 0
      vertex 8.22435 1.1279 0
      vertex 11.465 6.12816 0
    endloop
  endfacet
  facet normal 0 0 -1
    outer loop
      vertex 8.11272 1.14446 0
      vertex 11.465 6.12816 0
      vertex 8.22435 1.1279 0
    endloop
  endfacet
  facet normal 0 0 -1
    outer loop
      vertex 8 1.15 0
      vertex 11.465 6.12816 0
      vertex 8.11272 1.14446 0
    endloop
  endfacet
  facet normal -0 0 -1
    outer loop
      vertex 11.465 6.12816 0
      vertex 8 1.15 0
      vertex 10.8091 7.22241 0
    endloop
  endfacet
  facet normal 0 0 -1
    outer loop
      vertex 7.88728 1.14446 0
      vertex 10.8091 7.22241 0
      vertex 8 1.15 0
    endloop
  endfacet
  facet normal 0 0 -1
    outer loop
      vertex 7.77565 1.1279 0
      vertex 10.8091 7.22241 0
      vertex 7.88728 1.14446 0
    endloop
  endfacet
  facet normal -0 0 -1
    outer loop
      vertex 10.8091 7.22241 0
      vertex 7.77565 1.1279 0
      vertex 10.0491 8.24711 0
    endloop
  endfacet
  facet normal 0 0 -1
    outer loop
      vertex 7.66617 1.10048 0
      vertex 10.0491 8.24711 0
      vertex 7.77565 1.1279 0
    endloop
  endfacet
  facet normal -0 0 -1
    outer loop
      vertex 10.0491 8.24711 0
      vertex 7.66617 1.10048 0
      vertex 9.19239 9.19239 0
    endloop
  endfacet
  facet normal 0 0 -1
    outer loop
      vertex 7.55991 1.06246 0
      vertex 9.19239 9.19239 0
      vertex 7.66617 1.10048 0
    endloop
  endfacet
  facet normal 0 0 -1
    outer loop
      vertex 1.14446 7.88728 0
      vertex 9.19239 9.19239 0
      vertex 7.55991 1.06246 0
    endloop
  endfacet
  facet normal 0 0 -1
    outer loop
      vertex 1.14446 7.88728 0
      vertex 7.55991 1.06246 0
      vertex 7.45789 1.01421 0
    endloop
  endfacet
  facet normal 0 0 -1
    outer loop
      vertex 1.14446 7.88728 0
      vertex 7.45789 1.01421 0
      vertex 7.36109 0.956189 0
    endloop
  endfacet
  facet normal 0 0 -1
    outer loop
      vertex 1.33035 0.888912 0
      vertex 7.04381 0.638906 0
      vertex 1.41107 0.754234 0
    endloop
  endfacet
  facet normal -0 0 -1
    outer loop
      vertex 9.19239 9.19239 0
      vertex 1.14446 7.88728 0
      vertex 8.24711 10.0491 0
    endloop
  endfacet
  facet normal 0 0 -1
    outer loop
      vertex 6.93754 0.440085 0
      vertex 1.47821 0.612293 0
      vertex 6.98579 0.542106 0
    endloop
  endfacet
  facet normal 0 0 -1
    outer loop
      vertex 1.47821 0.612293 0
      vertex 6.93754 0.440085 0
      vertex 1.5311 0.464455 0
    endloop
  endfacet
  facet normal 0 0 -1
    outer loop
      vertex 6.89952 0.333827 0
      vertex 1.5311 0.464455 0
      vertex 6.93754 0.440085 0
    endloop
  endfacet
  facet normal 0 0 -1
    outer loop
      vertex 1.5311 0.464455 0
      vertex 6.89952 0.333827 0
      vertex 1.56926 0.312144 0
    endloop
  endfacet
  facet normal 0 0 -1
    outer loop
      vertex 6.8721 0.224354 0
      vertex 1.56926 0.312144 0
      vertex 6.89952 0.333827 0
    endloop
  endfacet
  facet normal 0 0 -1
    outer loop
      vertex 1.56926 0.312144 0
      vertex 6.8721 0.224354 0
      vertex 1.59229 0.156827 0
    endloop
  endfacet
  facet normal 0 0 -1
    outer loop
      vertex 6.85554 0.11272 0
      vertex 1.59229 0.156827 0
      vertex 6.8721 0.224354 0
    endloop
  endfacet
  facet normal 0 0 -1
    outer loop
      vertex 1.59229 0.156827 0
      vertex 6.85554 0.11272 0
      vertex 1.6 0 0
    endloop
  endfacet
  facet normal 0 0 -1
    outer loop
      vertex 1.6 0 0
      vertex 6.85554 0.11272 0
      vertex 6.85 0 0
    endloop
  endfacet
  facet normal -0 0 -1
    outer loop
      vertex 6.98579 -0.542106 0
      vertex 1.47821 -0.612293 0
      vertex 6.93754 -0.440085 0
    endloop
  endfacet
  facet normal 0 0 -1
    outer loop
      vertex 1.41107 0.754234 0
      vertex 6.98579 0.542106 0
      vertex 1.47821 0.612293 0
    endloop
  endfacet
  facet normal 0 0 -1
    outer loop
      vertex 1.1279 -8.22435 0
      vertex 6.12816 -11.465 0
      vertex 4.97488 -12.0104 0
    endloop
  endfacet
  facet normal 0 0 -1
    outer loop
      vertex 6.98579 0.542106 0
      vertex 1.41107 0.754234 0
      vertex 7.04381 0.638906 0
    endloop
  endfacet
  facet normal 0 0 -1
    outer loop
      vertex 1.01421 -8.54211 0
      vertex 4.97488 -12.0104 0
      vertex 3.7737 -12.4402 0
    endloop
  endfacet
  facet normal 0 0 -1
    outer loop
      vertex 7.04381 0.638906 0
      vertex 1.33035 0.888912 0
      vertex 7.11104 0.729552 0
    endloop
  endfacet
  facet normal 0 0 -1
    outer loop
      vertex 0.888962 -8.72955 0
      vertex 3.7737 -12.4402 0
      vertex 2.53617 -12.7502 0
    endloop
  endfacet
  facet normal 0 0 -1
    outer loop
      vertex 1.23682 1.01503 0
      vertex 7.11104 0.729552 0
      vertex 1.33035 0.888912 0
    endloop
  endfacet
  facet normal 0 0 -1
    outer loop
      vertex 7.11104 0.729552 0
      vertex 1.23682 1.01503 0
      vertex 7.18683 0.813172 0
    endloop
  endfacet
  facet normal -0 0 -1
    outer loop
      vertex 6.85 0 0
      vertex 1.59229 -0.156827 0
      vertex 1.6 0 0
    endloop
  endfacet
  facet normal -0 0 -1
    outer loop
      vertex 6.85554 -0.11272 0
      vertex 1.59229 -0.156827 0
      vertex 6.85 0 0
    endloop
  endfacet
  facet normal 0 0 -1
    outer loop
      vertex 6.8721 -0.224354 0
      vertex 1.59229 -0.156827 0
      vertex 6.85554 -0.11272 0
    endloop
  endfacet
  facet normal 0 -0 -1
    outer loop
      vertex 1.5311 -0.464455 0
      vertex 6.93754 -0.440085 0
      vertex 1.47821 -0.612293 0
    endloop
  endfacet
  facet normal 0 -0 -1
    outer loop
      vertex 1.59229 -0.156827 0
      vertex 6.8721 -0.224354 0
      vertex 1.56926 -0.312144 0
    endloop
  endfacet
  facet normal 0 0 -1
    outer loop
      vertex 6.89952 -0.333827 0
      vertex 1.56926 -0.312144 0
      vertex 6.8721 -0.224354 0
    endloop
  endfacet
  facet normal 0 0 -1
    outer loop
      vertex 0.542106 -9.01421 0
      vertex 2.53617 -12.7502 0
      vertex 1.27422 -12.9374 0
    endloop
  endfacet
  facet normal 0 -0 -1
    outer loop
      vertex 1.56926 -0.312144 0
      vertex 6.89952 -0.333827 0
      vertex 1.5311 -0.464455 0
    endloop
  endfacet
  facet normal -0 0 -1
    outer loop
      vertex 6.93754 -0.440085 0
      vertex 1.5311 -0.464455 0
      vertex 6.89952 -0.333827 0
    endloop
  endfacet
  facet normal 0 0 -1
    outer loop
      vertex 6.12816 -11.465 0
      vertex 1.14446 -8.11272 0
      vertex 1.15 -8 0
    endloop
  endfacet
  facet normal 0 0 -1
    outer loop
      vertex 6.12816 -11.465 0
      vertex 1.1279 -8.22435 0
      vertex 1.14446 -8.11272 0
    endloop
  endfacet
  facet normal 0 0 -1
    outer loop
      vertex 4.97488 -12.0104 0
      vertex 1.10048 -8.33383 0
      vertex 1.1279 -8.22435 0
    endloop
  endfacet
  facet normal 0 0 -1
    outer loop
      vertex 4.97488 -12.0104 0
      vertex 1.06246 -8.44009 0
      vertex 1.10048 -8.33383 0
    endloop
  endfacet
  facet normal 0 0 -1
    outer loop
      vertex 4.97488 -12.0104 0
      vertex 1.01421 -8.54211 0
      vertex 1.06246 -8.44009 0
    endloop
  endfacet
  facet normal 0 0 -1
    outer loop
      vertex 3.7737 -12.4402 0
      vertex 0.956189 -8.63891 0
      vertex 1.01421 -8.54211 0
    endloop
  endfacet
  facet normal 0 0 -1
    outer loop
      vertex 3.7737 -12.4402 0
      vertex 0.888962 -8.72955 0
      vertex 0.956189 -8.63891 0
    endloop
  endfacet
  facet normal 0 0 -1
    outer loop
      vertex 2.53617 -12.7502 0
      vertex 0.813172 -8.81317 0
      vertex 0.888962 -8.72955 0
    endloop
  endfacet
  facet normal 0 0 -1
    outer loop
      vertex 2.53617 -12.7502 0
      vertex 0.729552 -8.88896 0
      vertex 0.813172 -8.81317 0
    endloop
  endfacet
  facet normal 0 0 -1
    outer loop
      vertex 2.53617 -12.7502 0
      vertex 0.638906 -8.95619 0
      vertex 0.729552 -8.88896 0
    endloop
  endfacet
  facet normal 0 0 -1
    outer loop
      vertex 2.53617 -12.7502 0
      vertex 0.542106 -9.01421 0
      vertex 0.638906 -8.95619 0
    endloop
  endfacet
  facet normal 0 0 -1
    outer loop
      vertex 1.27422 -12.9374 0
      vertex 0.440085 -9.06246 0
      vertex 0.542106 -9.01421 0
    endloop
  endfacet
  facet normal 0 0 -1
    outer loop
      vertex 1.27422 -12.9374 0
      vertex 0.333827 -9.10048 0
      vertex 0.440085 -9.06246 0
    endloop
  endfacet
  facet normal 0 0 -1
    outer loop
      vertex 1.27422 -12.9374 0
      vertex 0.224354 -9.1279 0
      vertex 0.333827 -9.10048 0
    endloop
  endfacet
  facet normal 0 0 -1
    outer loop
      vertex 0 -13 0
      vertex 0.224354 -9.1279 0
      vertex 1.27422 -12.9374 0
    endloop
  endfacet
  facet normal 0 0 -1
    outer loop
      vertex 0.224354 -9.1279 0
      vertex 0 -13 0
      vertex 0.11272 -9.14446 0
    endloop
  endfacet
  facet normal 0 0 -1
    outer loop
      vertex 0 -13 0
      vertex 0 -9.15 0
      vertex 0.11272 -9.14446 0
    endloop
  endfacet
  facet normal 0 0 -1
    outer loop
      vertex 0 -13 0
      vertex -0.11272 -9.14446 0
      vertex 0 -9.15 0
    endloop
  endfacet
  facet normal 0 0 -1
    outer loop
      vertex 0 -13 0
      vertex -0.224354 -9.1279 0
      vertex -0.11272 -9.14446 0
    endloop
  endfacet
  facet normal 0 0 -1
    outer loop
      vertex -1.27422 -12.9374 0
      vertex -0.224354 -9.1279 0
      vertex 0 -13 0
    endloop
  endfacet
  facet normal -0 0 -1
    outer loop
      vertex -0.224354 -9.1279 0
      vertex -1.27422 -12.9374 0
      vertex -0.333827 -9.10048 0
    endloop
  endfacet
  facet normal -0 0 -1
    outer loop
      vertex -0.333827 -9.10048 0
      vertex -1.27422 -12.9374 0
      vertex -0.440085 -9.06246 0
    endloop
  endfacet
  facet normal -0 0 -1
    outer loop
      vertex -0.440085 -9.06246 0
      vertex -1.27422 -12.9374 0
      vertex -0.542106 -9.01421 0
    endloop
  endfacet
  facet normal 0 0 -1
    outer loop
      vertex -2.53617 -12.7502 0
      vertex -0.542106 -9.01421 0
      vertex -1.27422 -12.9374 0
    endloop
  endfacet
  facet normal -0 0 -1
    outer loop
      vertex -0.542106 -9.01421 0
      vertex -2.53617 -12.7502 0
      vertex -0.638906 -8.95619 0
    endloop
  endfacet
  facet normal -0 0 -1
    outer loop
      vertex -0.638906 -8.95619 0
      vertex -2.53617 -12.7502 0
      vertex -0.729552 -8.88896 0
    endloop
  endfacet
  facet normal -0 0 -1
    outer loop
      vertex -0.729552 -8.88896 0
      vertex -2.53617 -12.7502 0
      vertex -0.813172 -8.81317 0
    endloop
  endfacet
  facet normal -0 0 -1
    outer loop
      vertex -0.813172 -8.81317 0
      vertex -2.53617 -12.7502 0
      vertex -0.888962 -8.72955 0
    endloop
  endfacet
  facet normal 0 0 -1
    outer loop
      vertex -3.7737 -12.4402 0
      vertex -0.888962 -8.72955 0
      vertex -2.53617 -12.7502 0
    endloop
  endfacet
  facet normal -0 0 -1
    outer loop
      vertex -0.888962 -8.72955 0
      vertex -3.7737 -12.4402 0
      vertex -0.956189 -8.63891 0
    endloop
  endfacet
  facet normal -0 0 -1
    outer loop
      vertex -0.956189 -8.63891 0
      vertex -3.7737 -12.4402 0
      vertex -1.01421 -8.54211 0
    endloop
  endfacet
  facet normal 0 0 -1
    outer loop
      vertex -4.97488 -12.0104 0
      vertex -1.01421 -8.54211 0
      vertex -3.7737 -12.4402 0
    endloop
  endfacet
  facet normal -0 0 -1
    outer loop
      vertex -1.01421 -8.54211 0
      vertex -4.97488 -12.0104 0
      vertex -1.06246 -8.44009 0
    endloop
  endfacet
  facet normal -0 0 -1
    outer loop
      vertex -1.06246 -8.44009 0
      vertex -4.97488 -12.0104 0
      vertex -1.10048 -8.33383 0
    endloop
  endfacet
  facet normal -0 0 -1
    outer loop
      vertex -1.10048 -8.33383 0
      vertex -4.97488 -12.0104 0
      vertex -1.1279 -8.22435 0
    endloop
  endfacet
  facet normal -0 0 -1
    outer loop
      vertex -1.1279 -8.22435 0
      vertex -6.12816 -11.465 0
      vertex -1.14446 -8.11272 0
    endloop
  endfacet
  facet normal 0 0 -1
    outer loop
      vertex -0.888962 -7.27045 0
      vertex -7.27045 -0.888962 0
      vertex -1.13137 -1.13137 0
    endloop
  endfacet
  facet normal 0 0 -1
    outer loop
      vertex -1.06246 -7.55991 0
      vertex -7.36109 -0.956189 0
      vertex -1.01421 -7.45789 0
    endloop
  endfacet
  facet normal -0 0 -1
    outer loop
      vertex -1.1279 -7.77565 0
      vertex -7.22241 -10.8091 0
      vertex -1.10048 -7.66617 0
    endloop
  endfacet
  facet normal -0 0 -1
    outer loop
      vertex -1.15 -8 0
      vertex -7.22241 -10.8091 0
      vertex -1.14446 -7.88728 0
    endloop
  endfacet
  facet normal -0 0 -1
    outer loop
      vertex -1.10048 -7.66617 0
      vertex -7.22241 -10.8091 0
      vertex -1.06246 -7.55991 0
    endloop
  endfacet
  facet normal 0 -0 -1
    outer loop
      vertex -7.18683 -0.813172 0
      vertex -1.13137 -1.13137 0
      vertex -7.27045 -0.888962 0
    endloop
  endfacet
  facet normal 0 0 -1
    outer loop
      vertex -1.13137 -1.13137 0
      vertex -7.18683 -0.813172 0
      vertex -1.23682 -1.01503 0
    endloop
  endfacet
  facet normal -0.514121 -0.857718 0
    outer loop
      vertex -7.22241 -10.8091 0
      vertex -6.12816 -11.465 7
      vertex -7.22241 -10.8091 7
    endloop
  endfacet
  facet normal -0.514121 -0.857718 -0
    outer loop
      vertex -6.12816 -11.465 7
      vertex -7.22241 -10.8091 0
      vertex -6.12816 -11.465 0
    endloop
  endfacet
  facet normal 0.336897 0.941541 -0
    outer loop
      vertex 4.97488 12.0104 0
      vertex 3.7737 12.4402 3
      vertex 4.97488 12.0104 3
    endloop
  endfacet
  facet normal 0.336897 0.941541 0
    outer loop
      vertex 3.7737 12.4402 3
      vertex 4.97488 12.0104 0
      vertex 3.7737 12.4402 0
    endloop
  endfacet
  facet normal -0.242991 -0.970029 0
    outer loop
      vertex -3.7737 -12.4402 0
      vertex -2.53617 -12.7502 7
      vertex -3.7737 -12.4402 7
    endloop
  endfacet
  facet normal -0.242991 -0.970029 -0
    outer loop
      vertex -2.53617 -12.7502 7
      vertex -3.7737 -12.4402 0
      vertex -2.53617 -12.7502 0
    endloop
  endfacet
  facet normal 0.427516 0.904008 -0
    outer loop
      vertex 6.12816 11.465 0
      vertex 4.97488 12.0104 3
      vertex 6.12816 11.465 3
    endloop
  endfacet
  facet normal 0.427516 0.904008 0
    outer loop
      vertex 4.97488 12.0104 3
      vertex 6.12816 11.465 0
      vertex 4.97488 12.0104 0
    endloop
  endfacet
  facet normal 0.595715 -0.803196 0
    outer loop
      vertex 7.22241 -10.8091 0
      vertex 8.24711 -10.0491 7
      vertex 7.22241 -10.8091 7
    endloop
  endfacet
  facet normal 0.595715 -0.803196 0
    outer loop
      vertex 8.24711 -10.0491 7
      vertex 7.22241 -10.8091 0
      vertex 8.24711 -10.0491 0
    endloop
  endfacet
  facet normal 0.989176 -0.146736 0
    outer loop
      vertex 12.7502 -2.53617 7
      vertex 12.9374 -1.27422 0
      vertex 12.9374 -1.27422 7
    endloop
  endfacet
  facet normal 0.989176 -0.146736 0
    outer loop
      vertex 12.9374 -1.27422 0
      vertex 12.7502 -2.53617 7
      vertex 12.7502 -2.53617 0
    endloop
  endfacet
  facet normal -0.146736 -0.989176 0
    outer loop
      vertex -2.53617 -12.7502 0
      vertex -1.27422 -12.9374 7
      vertex -2.53617 -12.7502 7
    endloop
  endfacet
  facet normal -0.146736 -0.989176 -0
    outer loop
      vertex -1.27422 -12.9374 7
      vertex -2.53617 -12.7502 0
      vertex -1.27422 -12.9374 0
    endloop
  endfacet
  facet normal 0.671541 0.740967 -0
    outer loop
      vertex 9.19239 9.19239 0
      vertex 8.24711 10.0491 6
      vertex 9.19239 9.19239 6
    endloop
  endfacet
  facet normal 0.671541 0.740967 0
    outer loop
      vertex 8.24711 10.0491 6
      vertex 9.19239 9.19239 0
      vertex 8.24711 10.0491 0
    endloop
  endfacet
  facet normal -0.242991 0.970029 0
    outer loop
      vertex -2.53617 12.7502 0
      vertex -3.7737 12.4402 3
      vertex -2.53617 12.7502 3
    endloop
  endfacet
  facet normal -0.242991 0.970029 0
    outer loop
      vertex -3.7737 12.4402 3
      vertex -2.53617 12.7502 0
      vertex -3.7737 12.4402 0
    endloop
  endfacet
  facet normal -0.998795 -0.0490689 0
    outer loop
      vertex -12.9374 -1.27422 0
      vertex -13 0 7
      vertex -13 0 0
    endloop
  endfacet
  facet normal -0.998795 -0.0490689 0
    outer loop
      vertex -13 0 7
      vertex -12.9374 -1.27422 0
      vertex -12.9374 -1.27422 7
    endloop
  endfacet
  facet normal -0.904008 -0.427516 0
    outer loop
      vertex -11.465 -6.12816 0
      vertex -12.0104 -4.97488 7
      vertex -12.0104 -4.97488 0
    endloop
  endfacet
  facet normal -0.904008 -0.427516 0
    outer loop
      vertex -12.0104 -4.97488 7
      vertex -11.465 -6.12816 0
      vertex -11.465 -6.12816 7
    endloop
  endfacet
  facet normal 0.904008 -0.427516 0
    outer loop
      vertex 11.465 -6.12816 7
      vertex 12.0104 -4.97488 0
      vertex 12.0104 -4.97488 7
    endloop
  endfacet
  facet normal 0.904008 -0.427516 0
    outer loop
      vertex 12.0104 -4.97488 0
      vertex 11.465 -6.12816 7
      vertex 11.465 -6.12816 0
    endloop
  endfacet
  facet normal 0.970029 -0.242991 0
    outer loop
      vertex 12.4402 -3.7737 7
      vertex 12.7502 -2.53617 0
      vertex 12.7502 -2.53617 7
    endloop
  endfacet
  facet normal 0.970029 -0.242991 0
    outer loop
      vertex 12.7502 -2.53617 0
      vertex 12.4402 -3.7737 7
      vertex 12.4402 -3.7737 0
    endloop
  endfacet
  facet normal -0.0490689 0.998795 0
    outer loop
      vertex 0 13 0
      vertex -1.27422 12.9374 3
      vertex 0 13 3
    endloop
  endfacet
  facet normal -0.0490689 0.998795 0
    outer loop
      vertex -1.27422 12.9374 3
      vertex 0 13 0
      vertex -1.27422 12.9374 0
    endloop
  endfacet
  facet normal -0.970029 0.242991 0
    outer loop
      vertex -12.7502 2.53617 0
      vertex -12.4402 3.7737 6
      vertex -12.4402 3.7737 0
    endloop
  endfacet
  facet normal -0.970029 0.242991 0
    outer loop
      vertex -12.4402 3.7737 6
      vertex -12.7502 2.53617 0
      vertex -12.7502 2.53617 6
    endloop
  endfacet
  facet normal -0.941541 -0.336897 0
    outer loop
      vertex -12.0104 -4.97488 0
      vertex -12.4402 -3.7737 7
      vertex -12.4402 -3.7737 0
    endloop
  endfacet
  facet normal -0.941541 -0.336897 0
    outer loop
      vertex -12.4402 -3.7737 7
      vertex -12.0104 -4.97488 0
      vertex -12.0104 -4.97488 7
    endloop
  endfacet
  facet normal -0.336897 0.941541 0
    outer loop
      vertex -3.7737 12.4402 0
      vertex -4.97488 12.0104 3
      vertex -3.7737 12.4402 3
    endloop
  endfacet
  facet normal -0.336897 0.941541 0
    outer loop
      vertex -4.97488 12.0104 3
      vertex -3.7737 12.4402 0
      vertex -4.97488 12.0104 0
    endloop
  endfacet
  facet normal -0.989176 0.146736 0
    outer loop
      vertex -12.9374 1.27422 0
      vertex -12.7502 2.53617 6
      vertex -12.7502 2.53617 0
    endloop
  endfacet
  facet normal -0.989176 0.146736 0
    outer loop
      vertex -12.7502 2.53617 6
      vertex -12.9374 1.27422 0
      vertex -12.9374 1.27422 6
    endloop
  endfacet
  facet normal 0.998795 -0.0490689 0
    outer loop
      vertex 12.9374 -1.27422 7
      vertex 13 0 0
      vertex 13 0 7
    endloop
  endfacet
  facet normal 0.998795 -0.0490689 0
    outer loop
      vertex 13 0 0
      vertex 12.9374 -1.27422 7
      vertex 12.9374 -1.27422 0
    endloop
  endfacet
  facet normal -0.671541 0.740967 0
    outer loop
      vertex -8.24711 10.0491 0
      vertex -9.19239 9.19239 6
      vertex -8.24711 10.0491 6
    endloop
  endfacet
  facet normal -0.671541 0.740967 0
    outer loop
      vertex -9.19239 9.19239 6
      vertex -8.24711 10.0491 0
      vertex -9.19239 9.19239 0
    endloop
  endfacet
  facet normal 0.514112 0.857723 0
    outer loop
      vertex 7.22241 10.8091 6
      vertex 6.90392 11 3
      vertex 6.90392 11 6
    endloop
  endfacet
  facet normal 0.514112 0.857723 -0
    outer loop
      vertex 7.22241 10.8091 0
      vertex 6.90392 11 3
      vertex 7.22241 10.8091 6
    endloop
  endfacet
  facet normal 0.514121 0.857718 1.3759e-06
    outer loop
      vertex 6.12816 11.465 0
      vertex 6.90392 11 3
      vertex 7.22241 10.8091 0
    endloop
  endfacet
  facet normal 0.514125 0.857715 0
    outer loop
      vertex 6.90392 11 3
      vertex 6.12816 11.465 0
      vertex 6.12816 11.465 3
    endloop
  endfacet
  facet normal 0.242991 -0.970029 0
    outer loop
      vertex 2.53617 -12.7502 0
      vertex 3.7737 -12.4402 7
      vertex 2.53617 -12.7502 7
    endloop
  endfacet
  facet normal 0.242991 -0.970029 0
    outer loop
      vertex 3.7737 -12.4402 7
      vertex 2.53617 -12.7502 0
      vertex 3.7737 -12.4402 0
    endloop
  endfacet
  facet normal 0.803196 -0.595715 0
    outer loop
      vertex 10.0491 -8.24711 7
      vertex 10.8091 -7.22241 0
      vertex 10.8091 -7.22241 7
    endloop
  endfacet
  facet normal 0.803196 -0.595715 0
    outer loop
      vertex 10.8091 -7.22241 0
      vertex 10.0491 -8.24711 7
      vertex 10.0491 -8.24711 0
    endloop
  endfacet
  facet normal 0.857718 -0.514121 0
    outer loop
      vertex 10.8091 -7.22241 7
      vertex 11.465 -6.12816 0
      vertex 11.465 -6.12816 7
    endloop
  endfacet
  facet normal 0.857718 -0.514121 0
    outer loop
      vertex 11.465 -6.12816 0
      vertex 10.8091 -7.22241 7
      vertex 10.8091 -7.22241 0
    endloop
  endfacet
  facet normal 0.595715 0.803196 -0
    outer loop
      vertex 8.24711 10.0491 0
      vertex 7.22241 10.8091 6
      vertex 8.24711 10.0491 6
    endloop
  endfacet
  facet normal 0.595715 0.803196 0
    outer loop
      vertex 7.22241 10.8091 6
      vertex 8.24711 10.0491 0
      vertex 7.22241 10.8091 0
    endloop
  endfacet
  facet normal 0.941541 -0.336897 0
    outer loop
      vertex 12.0104 -4.97488 7
      vertex 12.4402 -3.7737 0
      vertex 12.4402 -3.7737 7
    endloop
  endfacet
  facet normal 0.941541 -0.336897 0
    outer loop
      vertex 12.4402 -3.7737 0
      vertex 12.0104 -4.97488 7
      vertex 12.0104 -4.97488 0
    endloop
  endfacet
  facet normal 0.0490689 0.998795 -0
    outer loop
      vertex 1.27422 12.9374 0
      vertex 0 13 3
      vertex 1.27422 12.9374 3
    endloop
  endfacet
  facet normal 0.0490689 0.998795 0
    outer loop
      vertex 0 13 3
      vertex 1.27422 12.9374 0
      vertex 0 13 0
    endloop
  endfacet
  facet normal -0.970029 -0.242991 0
    outer loop
      vertex -12.4402 -3.7737 0
      vertex -12.7502 -2.53617 7
      vertex -12.7502 -2.53617 0
    endloop
  endfacet
  facet normal -0.970029 -0.242991 0
    outer loop
      vertex -12.7502 -2.53617 7
      vertex -12.4402 -3.7737 0
      vertex -12.4402 -3.7737 7
    endloop
  endfacet
  facet normal -0.595715 0.803196 0
    outer loop
      vertex -7.22241 10.8091 0
      vertex -8.24711 10.0491 6
      vertex -7.22241 10.8091 6
    endloop
  endfacet
  facet normal -0.595715 0.803196 0
    outer loop
      vertex -8.24711 10.0491 6
      vertex -7.22241 10.8091 0
      vertex -8.24711 10.0491 0
    endloop
  endfacet
  facet normal -0.514125 0.857715 0
    outer loop
      vertex -6.12816 11.465 3
      vertex -6.12816 11.465 0
      vertex -6.90392 11 3
    endloop
  endfacet
  facet normal -0.514112 0.857723 0
    outer loop
      vertex -6.90392 11 3
      vertex -7.22241 10.8091 6
      vertex -6.90392 11 6
    endloop
  endfacet
  facet normal -0.514112 0.857723 0
    outer loop
      vertex -6.90392 11 3
      vertex -7.22241 10.8091 0
      vertex -7.22241 10.8091 6
    endloop
  endfacet
  facet normal -0.514121 0.857718 1.3759e-06
    outer loop
      vertex -7.22241 10.8091 0
      vertex -6.90392 11 3
      vertex -6.12816 11.465 0
    endloop
  endfacet
  facet normal -0.427516 -0.904008 0
    outer loop
      vertex -6.12816 -11.465 0
      vertex -4.97488 -12.0104 7
      vertex -6.12816 -11.465 7
    endloop
  endfacet
  facet normal -0.427516 -0.904008 -0
    outer loop
      vertex -4.97488 -12.0104 7
      vertex -6.12816 -11.465 0
      vertex -4.97488 -12.0104 0
    endloop
  endfacet
  facet normal 0.904008 0.427516 0
    outer loop
      vertex 12.0104 4.97488 6
      vertex 11.465 6.12816 0
      vertex 11.465 6.12816 6
    endloop
  endfacet
  facet normal 0.904008 0.427516 0
    outer loop
      vertex 11.465 6.12816 0
      vertex 12.0104 4.97488 6
      vertex 12.0104 4.97488 0
    endloop
  endfacet
  facet normal -0.857718 0.514121 0
    outer loop
      vertex -11.465 6.12816 0
      vertex -10.8091 7.22241 6
      vertex -10.8091 7.22241 0
    endloop
  endfacet
  facet normal -0.857718 0.514121 0
    outer loop
      vertex -10.8091 7.22241 6
      vertex -11.465 6.12816 0
      vertex -11.465 6.12816 6
    endloop
  endfacet
  facet normal 0.0490689 -0.998795 0
    outer loop
      vertex 0 -13 0
      vertex 1.27422 -12.9374 7
      vertex 0 -13 7
    endloop
  endfacet
  facet normal 0.0490689 -0.998795 0
    outer loop
      vertex 1.27422 -12.9374 7
      vertex 0 -13 0
      vertex 1.27422 -12.9374 0
    endloop
  endfacet
  facet normal -0.857718 -0.514121 0
    outer loop
      vertex -10.8091 -7.22241 0
      vertex -11.465 -6.12816 7
      vertex -11.465 -6.12816 0
    endloop
  endfacet
  facet normal -0.857718 -0.514121 0
    outer loop
      vertex -11.465 -6.12816 7
      vertex -10.8091 -7.22241 0
      vertex -10.8091 -7.22241 7
    endloop
  endfacet
  facet normal -0.803196 -0.595715 0
    outer loop
      vertex -10.0491 -8.24711 0
      vertex -10.8091 -7.22241 7
      vertex -10.8091 -7.22241 0
    endloop
  endfacet
  facet normal -0.803196 -0.595715 0
    outer loop
      vertex -10.8091 -7.22241 7
      vertex -10.0491 -8.24711 0
      vertex -10.0491 -8.24711 7
    endloop
  endfacet
  facet normal 0.427516 -0.904008 0
    outer loop
      vertex 4.97488 -12.0104 0
      vertex 6.12816 -11.465 7
      vertex 4.97488 -12.0104 7
    endloop
  endfacet
  facet normal 0.427516 -0.904008 0
    outer loop
      vertex 6.12816 -11.465 7
      vertex 4.97488 -12.0104 0
      vertex 6.12816 -11.465 0
    endloop
  endfacet
  facet normal -0.671541 -0.740967 0
    outer loop
      vertex -9.19239 -9.19239 0
      vertex -8.24711 -10.0491 7
      vertex -9.19239 -9.19239 7
    endloop
  endfacet
  facet normal -0.671541 -0.740967 -0
    outer loop
      vertex -8.24711 -10.0491 7
      vertex -9.19239 -9.19239 0
      vertex -8.24711 -10.0491 0
    endloop
  endfacet
  facet normal -0.146736 0.989176 0
    outer loop
      vertex -1.27422 12.9374 0
      vertex -2.53617 12.7502 3
      vertex -1.27422 12.9374 3
    endloop
  endfacet
  facet normal -0.146736 0.989176 0
    outer loop
      vertex -2.53617 12.7502 3
      vertex -1.27422 12.9374 0
      vertex -2.53617 12.7502 0
    endloop
  endfacet
  facet normal -0.336897 -0.941541 0
    outer loop
      vertex -4.97488 -12.0104 0
      vertex -3.7737 -12.4402 7
      vertex -4.97488 -12.0104 7
    endloop
  endfacet
  facet normal -0.336897 -0.941541 -0
    outer loop
      vertex -3.7737 -12.4402 7
      vertex -4.97488 -12.0104 0
      vertex -3.7737 -12.4402 0
    endloop
  endfacet
  facet normal -0.989176 -0.146736 0
    outer loop
      vertex -12.7502 -2.53617 0
      vertex -12.9374 -1.27422 7
      vertex -12.9374 -1.27422 0
    endloop
  endfacet
  facet normal -0.989176 -0.146736 0
    outer loop
      vertex -12.9374 -1.27422 7
      vertex -12.7502 -2.53617 0
      vertex -12.7502 -2.53617 7
    endloop
  endfacet
  facet normal 0.146736 0.989176 -0
    outer loop
      vertex 2.53617 12.7502 0
      vertex 1.27422 12.9374 3
      vertex 2.53617 12.7502 3
    endloop
  endfacet
  facet normal 0.146736 0.989176 0
    outer loop
      vertex 1.27422 12.9374 3
      vertex 2.53617 12.7502 0
      vertex 1.27422 12.9374 0
    endloop
  endfacet
  facet normal -0.740967 -0.671541 0
    outer loop
      vertex -9.19239 -9.19239 0
      vertex -10.0491 -8.24711 7
      vertex -10.0491 -8.24711 0
    endloop
  endfacet
  facet normal -0.740967 -0.671541 0
    outer loop
      vertex -10.0491 -8.24711 7
      vertex -9.19239 -9.19239 0
      vertex -9.19239 -9.19239 7
    endloop
  endfacet
  facet normal 0.146736 -0.989176 0
    outer loop
      vertex 1.27422 -12.9374 0
      vertex 2.53617 -12.7502 7
      vertex 1.27422 -12.9374 7
    endloop
  endfacet
  facet normal 0.146736 -0.989176 0
    outer loop
      vertex 2.53617 -12.7502 7
      vertex 1.27422 -12.9374 0
      vertex 2.53617 -12.7502 0
    endloop
  endfacet
  facet normal -0.740967 0.671541 0
    outer loop
      vertex -10.0491 8.24711 0
      vertex -9.19239 9.19239 6
      vertex -9.19239 9.19239 0
    endloop
  endfacet
  facet normal -0.740967 0.671541 0
    outer loop
      vertex -9.19239 9.19239 6
      vertex -10.0491 8.24711 0
      vertex -10.0491 8.24711 6
    endloop
  endfacet
  facet normal -0.904008 0.427516 0
    outer loop
      vertex -12.0104 4.97488 0
      vertex -11.465 6.12816 6
      vertex -11.465 6.12816 0
    endloop
  endfacet
  facet normal -0.904008 0.427516 0
    outer loop
      vertex -11.465 6.12816 6
      vertex -12.0104 4.97488 0
      vertex -12.0104 4.97488 6
    endloop
  endfacet
  facet normal -0.941541 0.336897 0
    outer loop
      vertex -12.4402 3.7737 0
      vertex -12.0104 4.97488 6
      vertex -12.0104 4.97488 0
    endloop
  endfacet
  facet normal -0.941541 0.336897 0
    outer loop
      vertex -12.0104 4.97488 6
      vertex -12.4402 3.7737 0
      vertex -12.4402 3.7737 6
    endloop
  endfacet
  facet normal -0.595715 -0.803196 0
    outer loop
      vertex -8.24711 -10.0491 0
      vertex -7.22241 -10.8091 7
      vertex -8.24711 -10.0491 7
    endloop
  endfacet
  facet normal -0.595715 -0.803196 -0
    outer loop
      vertex -7.22241 -10.8091 7
      vertex -8.24711 -10.0491 0
      vertex -7.22241 -10.8091 0
    endloop
  endfacet
  facet normal 0.242991 0.970029 -0
    outer loop
      vertex 3.7737 12.4402 0
      vertex 2.53617 12.7502 3
      vertex 3.7737 12.4402 3
    endloop
  endfacet
  facet normal 0.242991 0.970029 0
    outer loop
      vertex 2.53617 12.7502 3
      vertex 3.7737 12.4402 0
      vertex 2.53617 12.7502 0
    endloop
  endfacet
  facet normal 0 0 -1
    outer loop
      vertex -7.22241 10.8091 6
      vertex -11 11 6
      vertex -6.90392 11 6
    endloop
  endfacet
  facet normal 0 0 -1
    outer loop
      vertex -8.24711 10.0491 6
      vertex -11 11 6
      vertex -7.22241 10.8091 6
    endloop
  endfacet
  facet normal 0 0 -1
    outer loop
      vertex -9.19239 9.19239 6
      vertex -11 11 6
      vertex -8.24711 10.0491 6
    endloop
  endfacet
  facet normal 0 0 -1
    outer loop
      vertex -10.0491 8.24711 6
      vertex -11 11 6
      vertex -9.19239 9.19239 6
    endloop
  endfacet
  facet normal 0 0 -1
    outer loop
      vertex -10.8091 7.22241 6
      vertex -11 11 6
      vertex -10.0491 8.24711 6
    endloop
  endfacet
  facet normal 0 0 -1
    outer loop
      vertex -11.465 6.12816 6
      vertex -11 11 6
      vertex -10.8091 7.22241 6
    endloop
  endfacet
  facet normal 0 0 -1
    outer loop
      vertex -12.0104 4.97488 6
      vertex -11 11 6
      vertex -11.465 6.12816 6
    endloop
  endfacet
  facet normal 0 0 -1
    outer loop
      vertex -12.4402 3.7737 6
      vertex -11 11 6
      vertex -12.0104 4.97488 6
    endloop
  endfacet
  facet normal -0 0 -1
    outer loop
      vertex -11 11 6
      vertex -12.4402 3.7737 6
      vertex -11 18 6
    endloop
  endfacet
  facet normal 0 0 -1
    outer loop
      vertex -12.7502 2.53617 6
      vertex -11 18 6
      vertex -12.4402 3.7737 6
    endloop
  endfacet
  facet normal 0 0 -1
    outer loop
      vertex -11 18 6
      vertex -12.7502 2.53617 6
      vertex -12.9374 1.27422 6
    endloop
  endfacet
  facet normal 0 0 -1
    outer loop
      vertex 10.8091 7.22241 6
      vertex 11 11 6
      vertex 11.465 6.12816 6
    endloop
  endfacet
  facet normal 0 0 -1
    outer loop
      vertex 10.0491 8.24711 6
      vertex 11 11 6
      vertex 10.8091 7.22241 6
    endloop
  endfacet
  facet normal 0 0 -1
    outer loop
      vertex 9.19239 9.19239 6
      vertex 11 11 6
      vertex 10.0491 8.24711 6
    endloop
  endfacet
  facet normal 0 0 -1
    outer loop
      vertex 8.24711 10.0491 6
      vertex 11 11 6
      vertex 9.19239 9.19239 6
    endloop
  endfacet
  facet normal 0 0 -1
    outer loop
      vertex 7.22241 10.8091 6
      vertex 11 11 6
      vertex 8.24711 10.0491 6
    endloop
  endfacet
  facet normal -0 0 -1
    outer loop
      vertex 11 11 6
      vertex 7.22241 10.8091 6
      vertex 6.90392 11 6
    endloop
  endfacet
  facet normal 0 0 -1
    outer loop
      vertex 11 11 6
      vertex 12.0104 4.97488 6
      vertex 11.465 6.12816 6
    endloop
  endfacet
  facet normal 0 0 -1
    outer loop
      vertex 11 11 6
      vertex 12.4402 3.7737 6
      vertex 12.0104 4.97488 6
    endloop
  endfacet
  facet normal 0 0 -1
    outer loop
      vertex 11 18 6
      vertex 12.4402 3.7737 6
      vertex 11 11 6
    endloop
  endfacet
  facet normal 0 0 -1
    outer loop
      vertex 12.7502 2.53617 6
      vertex 11 18 6
      vertex 12.9374 1.27422 6
    endloop
  endfacet
  facet normal 0 0 -1
    outer loop
      vertex 12.4402 3.7737 6
      vertex 11 18 6
      vertex 12.7502 2.53617 6
    endloop
  endfacet
  facet normal -0.0490689 -0.998795 0
    outer loop
      vertex -1.27422 -12.9374 0
      vertex 0 -13 7
      vertex -1.27422 -12.9374 7
    endloop
  endfacet
  facet normal -0.0490689 -0.998795 -0
    outer loop
      vertex 0 -13 7
      vertex -1.27422 -12.9374 0
      vertex 0 -13 0
    endloop
  endfacet
  facet normal -0.998795 0.0490689 0
    outer loop
      vertex -13 0 0
      vertex -12.9374 1.27422 6
      vertex -12.9374 1.27422 0
    endloop
  endfacet
  facet normal -0.998795 0.0490689 0
    outer loop
      vertex -13 0 7
      vertex -12.9374 1.27422 6
      vertex -13 0 0
    endloop
  endfacet
  facet normal -0.998795 0.0490689 0
    outer loop
      vertex -12.9374 1.27422 6
      vertex -13 0 7
      vertex -12.9374 1.27422 7
    endloop
  endfacet
  facet normal 0.740967 -0.671541 0
    outer loop
      vertex 9.19239 -9.19239 7
      vertex 10.0491 -8.24711 0
      vertex 10.0491 -8.24711 7
    endloop
  endfacet
  facet normal 0.740967 -0.671541 0
    outer loop
      vertex 10.0491 -8.24711 0
      vertex 9.19239 -9.19239 7
      vertex 9.19239 -9.19239 0
    endloop
  endfacet
  facet normal 0.671541 -0.740967 0
    outer loop
      vertex 8.24711 -10.0491 0
      vertex 9.19239 -9.19239 7
      vertex 8.24711 -10.0491 7
    endloop
  endfacet
  facet normal 0.671541 -0.740967 0
    outer loop
      vertex 9.19239 -9.19239 7
      vertex 8.24711 -10.0491 0
      vertex 9.19239 -9.19239 0
    endloop
  endfacet
  facet normal 0.279862 -0.591788 0.755952
    outer loop
      vertex 8.44009 -1.06246 14.2876
      vertex 6.12816 -11.465 7
      vertex 8.49509 -1.03645 14.2876
    endloop
  endfacet
  facet normal 0.280032 -0.591784 0.755893
    outer loop
      vertex 8.33383 -1.10048 14.2972
      vertex 6.12816 -11.465 7
      vertex 8.44009 -1.06246 14.2876
    endloop
  endfacet
  facet normal 0.27944 -0.591802 0.756098
    outer loop
      vertex 8.22435 -1.1279 14.3162
      vertex 6.12816 -11.465 7
      vertex 8.33383 -1.10048 14.2972
    endloop
  endfacet
  facet normal 0.280092 -0.591777 0.755875
    outer loop
      vertex 8.11272 -1.14446 14.3446
      vertex 6.12816 -11.465 7
      vertex 8.22435 -1.1279 14.3162
    endloop
  endfacet
  facet normal 0.279903 -0.591786 0.755939
    outer loop
      vertex 8 -1.15 14.382
      vertex 6.12816 -11.465 7
      vertex 8.11272 -1.14446 14.3446
    endloop
  endfacet
  facet normal 0.280556 -0.591751 0.755724
    outer loop
      vertex 7.9485 -1.14747 14.4031
      vertex 6.12816 -11.465 7
      vertex 8 -1.15 14.382
    endloop
  endfacet
  facet normal 0.279865 -0.591791 0.755949
    outer loop
      vertex 6.12816 -11.465 7
      vertex 7.9485 -1.14747 14.4031
      vertex 4.97488 -12.0104 7
    endloop
  endfacet
  facet normal 0.281021 -0.591763 0.755542
    outer loop
      vertex 11 10 22
      vertex 8.88896 0.729552 15.5243
      vertex 8.89428 0.722375 15.5167
    endloop
  endfacet
  facet normal 0.279729 -0.591789 0.756001
    outer loop
      vertex 11 10 22
      vertex 8.81317 0.813172 15.6178
      vertex 8.88896 0.729552 15.5243
    endloop
  endfacet
  facet normal 0.279939 -0.591787 0.755925
    outer loop
      vertex 11 10 22
      vertex 8.72955 0.888962 15.7081
      vertex 8.81317 0.813172 15.6178
    endloop
  endfacet
  facet normal 0.279964 -0.591787 0.755916
    outer loop
      vertex 11 10 22
      vertex 8.63891 0.956189 15.7943
      vertex 8.72955 0.888962 15.7081
    endloop
  endfacet
  facet normal 0.279523 -0.591785 0.756081
    outer loop
      vertex 11 10 22
      vertex 8.54211 1.01421 15.8755
      vertex 8.63891 0.956189 15.7943
    endloop
  endfacet
  facet normal 0.305858 -0.591919 0.745709
    outer loop
      vertex 8.54211 1.01421 15.8755
      vertex 11 10 22
      vertex 8.54045 1.01499 15.8768
    endloop
  endfacet
  facet normal -0.353651 -0.588367 0.727156
    outer loop
      vertex -9.14446 0.11272 14.9023
      vertex -11 10 22
      vertex -9.15 0 14.8084
    endloop
  endfacet
  facet normal -0.35234 -0.5885 0.727684
    outer loop
      vertex -9.1279 0.224354 15.0006
      vertex -11 10 22
      vertex -9.14446 0.11272 14.9023
    endloop
  endfacet
  facet normal -0.352205 -0.588513 0.727739
    outer loop
      vertex -9.10048 0.333827 15.1024
      vertex -11 10 22
      vertex -9.1279 0.224354 15.0006
    endloop
  endfacet
  facet normal -0.352926 -0.588445 0.727445
    outer loop
      vertex -9.06246 0.440085 15.2068
      vertex -11 10 22
      vertex -9.10048 0.333827 15.1024
    endloop
  endfacet
  facet normal -0.352611 -0.588473 0.727574
    outer loop
      vertex -9.01421 0.542106 15.3127
      vertex -11 10 22
      vertex -9.06246 0.440085 15.2068
    endloop
  endfacet
  facet normal -0.35329 -0.588416 0.727291
    outer loop
      vertex -8.95619 0.638906 15.4192
      vertex -11 10 22
      vertex -9.01421 0.542106 15.3127
    endloop
  endfacet
  facet normal -0.352505 -0.588477 0.727623
    outer loop
      vertex -11 10 22
      vertex -8.95619 0.638906 15.4192
      vertex -8.89428 0.722375 15.5167
    endloop
  endfacet
  facet normal -0.352728 -0.588462 0.727527
    outer loop
      vertex -8.49509 -1.03645 14.2876
      vertex -7.22241 -10.8091 7
      vertex -6.12816 -11.465 7
    endloop
  endfacet
  facet normal -0.352618 -0.588478 0.727567
    outer loop
      vertex -8.54211 -1.01421 14.2828
      vertex -7.22241 -10.8091 7
      vertex -8.49509 -1.03645 14.2876
    endloop
  endfacet
  facet normal -0.35272 -0.588464 0.72753
    outer loop
      vertex -8.63891 -0.956189 14.2828
      vertex -7.22241 -10.8091 7
      vertex -8.54211 -1.01421 14.2828
    endloop
  endfacet
  facet normal -0.352968 -0.58843 0.727436
    outer loop
      vertex -8.72955 -0.888962 14.2932
      vertex -7.22241 -10.8091 7
      vertex -8.63891 -0.956189 14.2828
    endloop
  endfacet
  facet normal -0.352398 -0.588503 0.727654
    outer loop
      vertex -8.81317 -0.813172 14.314
      vertex -7.22241 -10.8091 7
      vertex -8.72955 -0.888962 14.2932
    endloop
  endfacet
  facet normal -0.35264 -0.588474 0.72756
    outer loop
      vertex -8.88896 -0.729552 14.3449
      vertex -7.22241 -10.8091 7
      vertex -8.81317 -0.813172 14.314
    endloop
  endfacet
  facet normal -0.353012 -0.58843 0.727415
    outer loop
      vertex -8.95619 -0.638906 14.3856
      vertex -7.22241 -10.8091 7
      vertex -8.88896 -0.729552 14.3449
    endloop
  endfacet
  facet normal -0.352242 -0.588518 0.727717
    outer loop
      vertex -9.01421 -0.542106 14.4358
      vertex -7.22241 -10.8091 7
      vertex -8.95619 -0.638906 14.3856
    endloop
  endfacet
  facet normal -0.353273 -0.588403 0.72731
    outer loop
      vertex -9.06246 -0.440085 14.4949
      vertex -7.22241 -10.8091 7
      vertex -9.01421 -0.542106 14.4358
    endloop
  endfacet
  facet normal -0.353169 -0.588414 0.727352
    outer loop
      vertex -9.10048 -0.333827 14.5624
      vertex -7.22241 -10.8091 7
      vertex -9.06246 -0.440085 14.4949
    endloop
  endfacet
  facet normal -0.34907 -0.588851 0.728975
    outer loop
      vertex -9.1279 -0.224354 14.6377
      vertex -7.22241 -10.8091 7
      vertex -9.10048 -0.333827 14.5624
    endloop
  endfacet
  facet normal -0.354334 -0.588291 0.726885
    outer loop
      vertex -9.1279 -0.224354 14.6377
      vertex -11 10 22
      vertex -7.22241 -10.8091 7
    endloop
  endfacet
  facet normal -0.342254 -0.589519 0.731662
    outer loop
      vertex -9.14446 -0.11272 14.7199
      vertex -11 10 22
      vertex -9.1279 -0.224354 14.6377
    endloop
  endfacet
  facet normal -0.353203 -0.588413 0.727336
    outer loop
      vertex -11 10 22
      vertex -9.14446 -0.11272 14.7199
      vertex -9.15 0 14.8084
    endloop
  endfacet
  facet normal 0.507358 -0.559811 0.655133
    outer loop
      vertex 11 10 22
      vertex 8.24711 -10.0491 7
      vertex 9.19239 -9.19239 7
    endloop
  endfacet
  facet normal -0 0 1
    outer loop
      vertex -11 11 22
      vertex 11 10 22
      vertex 11 11 22
    endloop
  endfacet
  facet normal 0 0 1
    outer loop
      vertex 11 10 22
      vertex -11 11 22
      vertex -11 10 22
    endloop
  endfacet
  facet normal -0.000160157 -0.546205 0.837651
    outer loop
      vertex 11 10 22
      vertex 1.14446 -7.88728 10.3344
      vertex 1.15 -8 10.2609
    endloop
  endfacet
  facet normal -0.000224181 -0.546257 0.837618
    outer loop
      vertex 0.888962 -7.27045 10.7367
      vertex 1.23682 -1.01503 14.8163
      vertex 1.13137 -1.13137 14.7404
    endloop
  endfacet
  facet normal -5.69628e-05 -0.546262 0.837614
    outer loop
      vertex 1.33035 -0.888912 14.8985
      vertex 1.1279 -7.77565 10.4072
      vertex 1.14446 -7.88728 10.3344
    endloop
  endfacet
  facet normal 2.21084e-05 -0.546264 0.837613
    outer loop
      vertex 1.33035 -0.888912 14.8985
      vertex 1.10048 -7.66617 10.4786
      vertex 1.1279 -7.77565 10.4072
    endloop
  endfacet
  facet normal 1.60499e-05 -0.546264 0.837613
    outer loop
      vertex 1.33035 -0.888912 14.8985
      vertex 1.06246 -7.55991 10.5479
      vertex 1.10048 -7.66617 10.4786
    endloop
  endfacet
  facet normal -0.000215363 -0.546259 0.837617
    outer loop
      vertex 0.813172 -7.18683 10.7912
      vertex 1.13137 -1.13137 14.7404
      vertex 1.01503 -1.23682 14.6716
    endloop
  endfacet
  facet normal -0.000544122 -0.546248 0.837623
    outer loop
      vertex 1.33035 -0.888912 14.8985
      vertex 1.01421 -7.45789 10.6144
      vertex 1.06246 -7.55991 10.5479
    endloop
  endfacet
  facet normal -0.000422555 -0.546261 0.837615
    outer loop
      vertex 1.23682 -1.01503 14.8163
      vertex 0.956189 -7.36109 10.6775
      vertex 1.01421 -7.45789 10.6144
    endloop
  endfacet
  facet normal 0.00101148 -0.546305 0.837586
    outer loop
      vertex 1.23682 -1.01503 14.8163
      vertex 0.888962 -7.27045 10.7367
      vertex 0.956189 -7.36109 10.6775
    endloop
  endfacet
  facet normal -1.64087e-05 -0.546266 0.837612
    outer loop
      vertex 0.729552 -7.11104 10.8406
      vertex 1.01503 -1.23682 14.6716
      vertex 0.888912 -1.33035 14.6106
    endloop
  endfacet
  facet normal -0.000361465 -0.546253 0.83762
    outer loop
      vertex 1.13137 -1.13137 14.7404
      vertex 0.813172 -7.18683 10.7912
      vertex 0.888962 -7.27045 10.7367
    endloop
  endfacet
  facet normal 0.000271412 -0.546269 0.83761
    outer loop
      vertex 0.638906 -7.04381 10.8845
      vertex 0.888912 -1.33035 14.6106
      vertex 0.754234 -1.41107 14.558
    endloop
  endfacet
  facet normal -0.00026953 -0.546257 0.837617
    outer loop
      vertex 1.01503 -1.23682 14.6716
      vertex 0.729552 -7.11104 10.8406
      vertex 0.813172 -7.18683 10.7912
    endloop
  endfacet
  facet normal 0.000493736 -0.546276 0.837605
    outer loop
      vertex 0.888912 -1.33035 14.6106
      vertex 0.638906 -7.04381 10.8845
      vertex 0.729552 -7.11104 10.8406
    endloop
  endfacet
  facet normal -7.74379e-05 -0.546267 0.837611
    outer loop
      vertex 0.542106 -6.98579 10.9223
      vertex 0.754234 -1.41107 14.558
      vertex 0.612293 -1.47821 14.5142
    endloop
  endfacet
  facet normal -0.000332196 -0.54626 0.837615
    outer loop
      vertex 0.754234 -1.41107 14.558
      vertex 0.542106 -6.98579 10.9223
      vertex 0.638906 -7.04381 10.8845
    endloop
  endfacet
  facet normal -3.91826e-05 -0.546263 0.837613
    outer loop
      vertex 0.440085 -6.93754 10.9538
      vertex 0.612293 -1.47821 14.5142
      vertex 0.464455 -1.5311 14.4797
    endloop
  endfacet
  facet normal 0.000266119 -0.54627 0.837609
    outer loop
      vertex 0.612293 -1.47821 14.5142
      vertex 0.440085 -6.93754 10.9538
      vertex 0.542106 -6.98579 10.9223
    endloop
  endfacet
  facet normal 3.63837e-05 -0.546264 0.837613
    outer loop
      vertex 0.464455 -1.5311 14.4797
      vertex 0.333827 -6.89952 10.9786
      vertex 0.440085 -6.93754 10.9538
    endloop
  endfacet
  facet normal -7.38809e-05 -0.546262 0.837615
    outer loop
      vertex 0.312144 -1.56926 14.4548
      vertex 0.333827 -6.89952 10.9786
      vertex 0.464455 -1.5311 14.4797
    endloop
  endfacet
  facet normal 0.000135429 -0.546261 0.837615
    outer loop
      vertex 0.312144 -1.56926 14.4548
      vertex 0.224354 -6.8721 10.9965
      vertex 0.333827 -6.89952 10.9786
    endloop
  endfacet
  facet normal 0.000104038 -0.546261 0.837615
    outer loop
      vertex 0.156827 -1.59229 14.4398
      vertex 0.224354 -6.8721 10.9965
      vertex 0.312144 -1.56926 14.4548
    endloop
  endfacet
  facet normal 1.28144e-06 -0.546262 0.837615
    outer loop
      vertex 0.156827 -1.59229 14.4398
      vertex 0.11272 -6.85554 11.0073
      vertex 0.224354 -6.8721 10.9965
    endloop
  endfacet
  facet normal 0.000150578 -0.546263 0.837614
    outer loop
      vertex 0 -1.6 14.4348
      vertex 0.11272 -6.85554 11.0073
      vertex 0.156827 -1.59229 14.4398
    endloop
  endfacet
  facet normal -9.68226e-05 -0.546266 0.837612
    outer loop
      vertex 0 -1.6 14.4348
      vertex 0 -6.85 11.0109
      vertex 0.11272 -6.85554 11.0073
    endloop
  endfacet
  facet normal 9.68226e-05 -0.546266 0.837612
    outer loop
      vertex 0 -1.6 14.4348
      vertex -0.11272 -6.85554 11.0073
      vertex 0 -6.85 11.0109
    endloop
  endfacet
  facet normal -0.000150578 -0.546263 0.837614
    outer loop
      vertex -0.156827 -1.59229 14.4398
      vertex -0.11272 -6.85554 11.0073
      vertex 0 -1.6 14.4348
    endloop
  endfacet
  facet normal -1.28144e-06 -0.546262 0.837615
    outer loop
      vertex -0.156827 -1.59229 14.4398
      vertex -0.224354 -6.8721 10.9965
      vertex -0.11272 -6.85554 11.0073
    endloop
  endfacet
  facet normal -0.000104038 -0.546261 0.837615
    outer loop
      vertex -0.312144 -1.56926 14.4548
      vertex -0.224354 -6.8721 10.9965
      vertex -0.156827 -1.59229 14.4398
    endloop
  endfacet
  facet normal -0.000135429 -0.546261 0.837615
    outer loop
      vertex -0.312144 -1.56926 14.4548
      vertex -0.333827 -6.89952 10.9786
      vertex -0.224354 -6.8721 10.9965
    endloop
  endfacet
  facet normal 7.38809e-05 -0.546262 0.837615
    outer loop
      vertex -0.464455 -1.5311 14.4797
      vertex -0.333827 -6.89952 10.9786
      vertex -0.312144 -1.56926 14.4548
    endloop
  endfacet
  facet normal -3.63837e-05 -0.546264 0.837613
    outer loop
      vertex -0.333827 -6.89952 10.9786
      vertex -0.464455 -1.5311 14.4797
      vertex -0.440085 -6.93754 10.9538
    endloop
  endfacet
  facet normal 3.91826e-05 -0.546263 0.837613
    outer loop
      vertex -0.612293 -1.47821 14.5142
      vertex -0.440085 -6.93754 10.9538
      vertex -0.464455 -1.5311 14.4797
    endloop
  endfacet
  facet normal -0.000266119 -0.54627 0.837609
    outer loop
      vertex -0.440085 -6.93754 10.9538
      vertex -0.612293 -1.47821 14.5142
      vertex -0.542106 -6.98579 10.9223
    endloop
  endfacet
  facet normal 7.74379e-05 -0.546267 0.837611
    outer loop
      vertex -0.754234 -1.41107 14.558
      vertex -0.542106 -6.98579 10.9223
      vertex -0.612293 -1.47821 14.5142
    endloop
  endfacet
  facet normal 0.000332196 -0.54626 0.837615
    outer loop
      vertex -0.542106 -6.98579 10.9223
      vertex -0.754234 -1.41107 14.558
      vertex -0.638906 -7.04381 10.8845
    endloop
  endfacet
  facet normal -0.000271412 -0.546269 0.83761
    outer loop
      vertex -0.888912 -1.33035 14.6106
      vertex -0.638906 -7.04381 10.8845
      vertex -0.754234 -1.41107 14.558
    endloop
  endfacet
  facet normal -0.000493736 -0.546276 0.837605
    outer loop
      vertex -0.638906 -7.04381 10.8845
      vertex -0.888912 -1.33035 14.6106
      vertex -0.729552 -7.11104 10.8406
    endloop
  endfacet
  facet normal 1.64087e-05 -0.546266 0.837612
    outer loop
      vertex -1.01503 -1.23682 14.6716
      vertex -0.729552 -7.11104 10.8406
      vertex -0.888912 -1.33035 14.6106
    endloop
  endfacet
  facet normal 0.00026953 -0.546257 0.837617
    outer loop
      vertex -0.729552 -7.11104 10.8406
      vertex -1.01503 -1.23682 14.6716
      vertex -0.813172 -7.18683 10.7912
    endloop
  endfacet
  facet normal 0.000215363 -0.546259 0.837617
    outer loop
      vertex -1.13137 -1.13137 14.7404
      vertex -0.813172 -7.18683 10.7912
      vertex -1.01503 -1.23682 14.6716
    endloop
  endfacet
  facet normal 0.000361465 -0.546253 0.83762
    outer loop
      vertex -0.813172 -7.18683 10.7912
      vertex -1.13137 -1.13137 14.7404
      vertex -0.888962 -7.27045 10.7367
    endloop
  endfacet
  facet normal 0.000224181 -0.546257 0.837618
    outer loop
      vertex -1.23682 -1.01503 14.8163
      vertex -0.888962 -7.27045 10.7367
      vertex -1.13137 -1.13137 14.7404
    endloop
  endfacet
  facet normal -0.00101148 -0.546305 0.837586
    outer loop
      vertex -0.888962 -7.27045 10.7367
      vertex -1.23682 -1.01503 14.8163
      vertex -0.956189 -7.36109 10.6775
    endloop
  endfacet
  facet normal 0.000422555 -0.546261 0.837615
    outer loop
      vertex -0.956189 -7.36109 10.6775
      vertex -1.23682 -1.01503 14.8163
      vertex -1.01421 -7.45789 10.6144
    endloop
  endfacet
  facet normal -0.000484216 -0.546283 0.837601
    outer loop
      vertex -1.33035 -0.888912 14.8985
      vertex -1.01421 -7.45789 10.6144
      vertex -1.23682 -1.01503 14.8163
    endloop
  endfacet
  facet normal 0.000544122 -0.546248 0.837623
    outer loop
      vertex -1.01421 -7.45789 10.6144
      vertex -1.33035 -0.888912 14.8985
      vertex -1.06246 -7.55991 10.5479
    endloop
  endfacet
  facet normal 0.000751286 -0.546242 0.837627
    outer loop
      vertex -1.41107 -0.754234 14.9864
      vertex -1.06246 -7.55991 10.5479
      vertex -1.33035 -0.888912 14.8985
    endloop
  endfacet
  facet normal 4.70972e-06 -0.546269 0.83761
    outer loop
      vertex -1.06246 -7.55991 10.5479
      vertex -1.41107 -0.754234 14.9864
      vertex -1.10048 -7.66617 10.4786
    endloop
  endfacet
  facet normal -0.000972363 -0.5463 0.837589
    outer loop
      vertex -1.47821 -0.612293 15.0789
      vertex -1.10048 -7.66617 10.4786
      vertex -1.41107 -0.754234 14.9864
    endloop
  endfacet
  facet normal -0.000420521 -0.545988 0.837793
    outer loop
      vertex 11 10 22
      vertex 1.59229 0.156827 15.5805
      vertex 1.6 0 15.4783
    endloop
  endfacet
  facet normal 2.77617e-05 -0.546289 0.837597
    outer loop
      vertex 11 10 22
      vertex 1.56926 0.312144 15.6818
      vertex 1.59229 0.156827 15.5805
    endloop
  endfacet
  facet normal 0.000297472 -0.546473 0.837477
    outer loop
      vertex 11 10 22
      vertex 1.5311 0.464455 15.7812
      vertex 1.56926 0.312144 15.6818
    endloop
  endfacet
  facet normal -6.52872e-05 -0.54622 0.837642
    outer loop
      vertex 11 10 22
      vertex 1.47821 0.612293 15.8776
      vertex 1.5311 0.464455 15.7812
    endloop
  endfacet
  facet normal 0.000119216 -0.546352 0.837556
    outer loop
      vertex 11 10 22
      vertex 1.41107 0.754234 15.9702
      vertex 1.47821 0.612293 15.8776
    endloop
  endfacet
  facet normal -0.000124619 -0.546174 0.837672
    outer loop
      vertex 11 10 22
      vertex 1.33035 0.888912 16.058
      vertex 1.41107 0.754234 15.9702
    endloop
  endfacet
  facet normal -0.000186702 -0.546128 0.837702
    outer loop
      vertex 11 10 22
      vertex 1.23682 1.01503 16.1402
      vertex 1.33035 0.888912 16.058
    endloop
  endfacet
  facet normal 9.25044e-05 -0.546341 0.837563
    outer loop
      vertex 11 10 22
      vertex 1.13137 1.13137 16.2161
      vertex 1.23682 1.01503 16.1402
    endloop
  endfacet
  facet normal 0.00010083 -0.546347 0.837559
    outer loop
      vertex 11 10 22
      vertex 1.01503 1.23682 16.2849
      vertex 1.13137 1.13137 16.2161
    endloop
  endfacet
  facet normal 8.4936e-06 -0.546273 0.837607
    outer loop
      vertex 11 10 22
      vertex 0.888912 1.33035 16.3459
      vertex 1.01503 1.23682 16.2849
    endloop
  endfacet
  facet normal -0.000158505 -0.546137 0.837696
    outer loop
      vertex 11 10 22
      vertex 0.754234 1.41107 16.3985
      vertex 0.888912 1.33035 16.3459
    endloop
  endfacet
  facet normal 4.84993e-05 -0.54631 0.837583
    outer loop
      vertex 11 10 22
      vertex 0.612293 1.47821 16.4423
      vertex 0.754234 1.41107 16.3985
    endloop
  endfacet
  facet normal 2.54633e-05 -0.54629 0.837596
    outer loop
      vertex 11 10 22
      vertex 0.464455 1.5311 16.4768
      vertex 0.612293 1.47821 16.4423
    endloop
  endfacet
  facet normal 5.46019e-05 -0.546316 0.837579
    outer loop
      vertex 11 10 22
      vertex 0.312144 1.56926 16.5017
      vertex 0.464455 1.5311 16.4768
    endloop
  endfacet
  facet normal -8.87156e-05 -0.546188 0.837662
    outer loop
      vertex 11 10 22
      vertex 0.156827 1.59229 16.5167
      vertex 0.312144 1.56926 16.5017
    endloop
  endfacet
  facet normal -0.000142005 -0.54614 0.837694
    outer loop
      vertex 11 10 22
      vertex 0 1.6 16.5217
      vertex 0.156827 1.59229 16.5167
    endloop
  endfacet
  facet normal 0 -0.546271 0.837609
    outer loop
      vertex -11 10 22
      vertex 0 1.6 16.5217
      vertex 11 10 22
    endloop
  endfacet
  facet normal 0.000142005 -0.54614 0.837694
    outer loop
      vertex 0 1.6 16.5217
      vertex -11 10 22
      vertex -0.156827 1.59229 16.5167
    endloop
  endfacet
  facet normal 8.87156e-05 -0.546188 0.837662
    outer loop
      vertex -0.156827 1.59229 16.5167
      vertex -11 10 22
      vertex -0.312144 1.56926 16.5017
    endloop
  endfacet
  facet normal -5.46019e-05 -0.546316 0.837579
    outer loop
      vertex -0.312144 1.56926 16.5017
      vertex -11 10 22
      vertex -0.464455 1.5311 16.4768
    endloop
  endfacet
  facet normal -2.54633e-05 -0.54629 0.837596
    outer loop
      vertex -0.464455 1.5311 16.4768
      vertex -11 10 22
      vertex -0.612293 1.47821 16.4423
    endloop
  endfacet
  facet normal -4.84993e-05 -0.54631 0.837583
    outer loop
      vertex -0.612293 1.47821 16.4423
      vertex -11 10 22
      vertex -0.754234 1.41107 16.3985
    endloop
  endfacet
  facet normal 0.000420521 -0.545988 0.837793
    outer loop
      vertex -1.59229 0.156827 15.5805
      vertex -11 10 22
      vertex -1.6 0 15.4783
    endloop
  endfacet
  facet normal -2.77617e-05 -0.546289 0.837597
    outer loop
      vertex -1.56926 0.312144 15.6818
      vertex -11 10 22
      vertex -1.59229 0.156827 15.5805
    endloop
  endfacet
  facet normal -0.000297472 -0.546473 0.837477
    outer loop
      vertex -1.5311 0.464455 15.7812
      vertex -11 10 22
      vertex -1.56926 0.312144 15.6818
    endloop
  endfacet
  facet normal 6.52872e-05 -0.54622 0.837642
    outer loop
      vertex -1.47821 0.612293 15.8776
      vertex -11 10 22
      vertex -1.5311 0.464455 15.7812
    endloop
  endfacet
  facet normal -0.000119216 -0.546352 0.837556
    outer loop
      vertex -1.41107 0.754234 15.9702
      vertex -11 10 22
      vertex -1.47821 0.612293 15.8776
    endloop
  endfacet
  facet normal 0.000124619 -0.546174 0.837672
    outer loop
      vertex -1.33035 0.888912 16.058
      vertex -11 10 22
      vertex -1.41107 0.754234 15.9702
    endloop
  endfacet
  facet normal 0.000186702 -0.546128 0.837702
    outer loop
      vertex -1.23682 1.01503 16.1402
      vertex -11 10 22
      vertex -1.33035 0.888912 16.058
    endloop
  endfacet
  facet normal -9.25044e-05 -0.546341 0.837563
    outer loop
      vertex -1.13137 1.13137 16.2161
      vertex -11 10 22
      vertex -1.23682 1.01503 16.1402
    endloop
  endfacet
  facet normal -0.00010083 -0.546347 0.837559
    outer loop
      vertex -1.01503 1.23682 16.2849
      vertex -11 10 22
      vertex -1.13137 1.13137 16.2161
    endloop
  endfacet
  facet normal -8.4936e-06 -0.546273 0.837607
    outer loop
      vertex -0.888912 1.33035 16.3459
      vertex -11 10 22
      vertex -1.01503 1.23682 16.2849
    endloop
  endfacet
  facet normal 0.000158505 -0.546137 0.837696
    outer loop
      vertex -0.754234 1.41107 16.3985
      vertex -11 10 22
      vertex -0.888912 1.33035 16.3459
    endloop
  endfacet
  facet normal 0.000132703 -0.546353 0.837555
    outer loop
      vertex 1.59229 -0.156827 15.376
      vertex 11 10 22
      vertex 1.6 0 15.4783
    endloop
  endfacet
  facet normal 4.55676e-05 -0.546296 0.837592
    outer loop
      vertex 1.56926 -0.312144 15.2747
      vertex 11 10 22
      vertex 1.59229 -0.156827 15.376
    endloop
  endfacet
  facet normal -0.000274131 -0.546091 0.837726
    outer loop
      vertex 1.5311 -0.464455 15.1754
      vertex 11 10 22
      vertex 1.56926 -0.312144 15.2747
    endloop
  endfacet
  facet normal -0.00154541 -0.546213 0.837645
    outer loop
      vertex 1.14446 -7.88728 10.3344
      vertex 1.5311 -0.464455 15.1754
      vertex 1.47821 -0.612293 15.0789
    endloop
  endfacet
  facet normal 0.000954775 -0.546294 0.837593
    outer loop
      vertex 1.14446 -7.88728 10.3344
      vertex 1.47821 -0.612293 15.0789
      vertex 1.41107 -0.754234 14.9864
    endloop
  endfacet
  facet normal -0.000733383 -0.54625 0.837622
    outer loop
      vertex 1.14446 -7.88728 10.3344
      vertex 1.41107 -0.754234 14.9864
      vertex 1.33035 -0.888912 14.8985
    endloop
  endfacet
  facet normal 0.000484216 -0.546283 0.837601
    outer loop
      vertex 1.01421 -7.45789 10.6144
      vertex 1.33035 -0.888912 14.8985
      vertex 1.23682 -1.01503 14.8163
    endloop
  endfacet
  facet normal 7.77874e-06 -0.54627 0.837609
    outer loop
      vertex 1.14446 -7.88728 10.3344
      vertex 11 10 22
      vertex 1.5311 -0.464455 15.1754
    endloop
  endfacet
  facet normal -0.000191767 -0.546193 0.837659
    outer loop
      vertex 1.14446 -8.11272 10.1874
      vertex 11 10 22
      vertex 1.15 -8 10.2609
    endloop
  endfacet
  facet normal -3.61352e-05 -0.546253 0.837621
    outer loop
      vertex 1.1279 -8.22435 10.1146
      vertex 11 10 22
      vertex 1.14446 -8.11272 10.1874
    endloop
  endfacet
  facet normal 7.2044e-06 -0.546269 0.83761
    outer loop
      vertex 1.10048 -8.33383 10.0432
      vertex 11 10 22
      vertex 1.1279 -8.22435 10.1146
    endloop
  endfacet
  facet normal -0.00251894 -0.545855 0.837876
    outer loop
      vertex 0 -13 7
      vertex 1.10048 -8.33383 10.0432
      vertex 1.06246 -8.44009 9.97386
    endloop
  endfacet
  facet normal -0.000174201 -0.54624 0.837629
    outer loop
      vertex 0 -13 7
      vertex 1.06246 -8.44009 9.97386
      vertex 1.01421 -8.54211 9.90732
    endloop
  endfacet
  facet normal 3.38044e-05 -0.546279 0.837603
    outer loop
      vertex 1.10048 -8.33383 10.0432
      vertex 0 -13 7
      vertex 11 10 22
    endloop
  endfacet
  facet normal 1.03363e-05 -0.546269 0.837609
    outer loop
      vertex 0.956189 -8.63891 9.84419
      vertex 0 -13 7
      vertex 1.01421 -8.54211 9.90732
    endloop
  endfacet
  facet normal -0.000122732 -0.546249 0.837623
    outer loop
      vertex 0.888962 -8.72955 9.78507
      vertex 0 -13 7
      vertex 0.956189 -8.63891 9.84419
    endloop
  endfacet
  facet normal 6.69046e-05 -0.546277 0.837605
    outer loop
      vertex 0.813172 -8.81317 9.73054
      vertex 0 -13 7
      vertex 0.888962 -8.72955 9.78507
    endloop
  endfacet
  facet normal -2.14295e-05 -0.546265 0.837613
    outer loop
      vertex 0.729552 -8.88896 9.68111
      vertex 0 -13 7
      vertex 0.813172 -8.81317 9.73054
    endloop
  endfacet
  facet normal 5.9615e-05 -0.546275 0.837606
    outer loop
      vertex 0.638906 -8.95619 9.63727
      vertex 0 -13 7
      vertex 0.729552 -8.88896 9.68111
    endloop
  endfacet
  facet normal -7.95369e-06 -0.546267 0.837611
    outer loop
      vertex 0.542106 -9.01421 9.59943
      vertex 0 -13 7
      vertex 0.638906 -8.95619 9.63727
    endloop
  endfacet
  facet normal -2.27056e-05 -0.546266 0.837612
    outer loop
      vertex 0.440085 -9.06246 9.56796
      vertex 0 -13 7
      vertex 0.542106 -9.01421 9.59943
    endloop
  endfacet
  facet normal -3.57698e-05 -0.546265 0.837613
    outer loop
      vertex 0.333827 -9.10048 9.54316
      vertex 0 -13 7
      vertex 0.440085 -9.06246 9.56796
    endloop
  endfacet
  facet normal 2.01104e-05 -0.546268 0.83761
    outer loop
      vertex 0.224354 -9.1279 9.52528
      vertex 0 -13 7
      vertex 0.333827 -9.10048 9.54316
    endloop
  endfacet
  facet normal -8.44368e-08 -0.546267 0.837611
    outer loop
      vertex 0.11272 -9.14446 9.51448
      vertex 0 -13 7
      vertex 0.224354 -9.1279 9.52528
    endloop
  endfacet
  facet normal 2.26204e-05 -0.546268 0.837611
    outer loop
      vertex 0 -9.15 9.51087
      vertex 0 -13 7
      vertex 0.11272 -9.14446 9.51448
    endloop
  endfacet
  facet normal -2.26204e-05 -0.546268 0.837611
    outer loop
      vertex -0.11272 -9.14446 9.51448
      vertex 0 -13 7
      vertex 0 -9.15 9.51087
    endloop
  endfacet
  facet normal 8.44368e-08 -0.546267 0.837611
    outer loop
      vertex -0.224354 -9.1279 9.52528
      vertex 0 -13 7
      vertex -0.11272 -9.14446 9.51448
    endloop
  endfacet
  facet normal -2.01104e-05 -0.546268 0.83761
    outer loop
      vertex -0.333827 -9.10048 9.54316
      vertex 0 -13 7
      vertex -0.224354 -9.1279 9.52528
    endloop
  endfacet
  facet normal 3.57698e-05 -0.546265 0.837613
    outer loop
      vertex -0.440085 -9.06246 9.56796
      vertex 0 -13 7
      vertex -0.333827 -9.10048 9.54316
    endloop
  endfacet
  facet normal 2.27056e-05 -0.546266 0.837612
    outer loop
      vertex -0.542106 -9.01421 9.59943
      vertex 0 -13 7
      vertex -0.440085 -9.06246 9.56796
    endloop
  endfacet
  facet normal 7.95369e-06 -0.546267 0.837611
    outer loop
      vertex -0.638906 -8.95619 9.63727
      vertex 0 -13 7
      vertex -0.542106 -9.01421 9.59943
    endloop
  endfacet
  facet normal -5.9615e-05 -0.546275 0.837606
    outer loop
      vertex -0.729552 -8.88896 9.68111
      vertex 0 -13 7
      vertex -0.638906 -8.95619 9.63727
    endloop
  endfacet
  facet normal 2.14295e-05 -0.546265 0.837613
    outer loop
      vertex -0.813172 -8.81317 9.73054
      vertex 0 -13 7
      vertex -0.729552 -8.88896 9.68111
    endloop
  endfacet
  facet normal -6.69046e-05 -0.546277 0.837605
    outer loop
      vertex -0.888962 -8.72955 9.78507
      vertex 0 -13 7
      vertex -0.813172 -8.81317 9.73054
    endloop
  endfacet
  facet normal 0.000122732 -0.546249 0.837623
    outer loop
      vertex -0.956189 -8.63891 9.84419
      vertex 0 -13 7
      vertex -0.888962 -8.72955 9.78507
    endloop
  endfacet
  facet normal -1.03363e-05 -0.546269 0.837609
    outer loop
      vertex -1.01421 -8.54211 9.90732
      vertex 0 -13 7
      vertex -0.956189 -8.63891 9.84419
    endloop
  endfacet
  facet normal 0.000174201 -0.54624 0.837629
    outer loop
      vertex -1.06246 -8.44009 9.97386
      vertex 0 -13 7
      vertex -1.01421 -8.54211 9.90732
    endloop
  endfacet
  facet normal 0.00251894 -0.545855 0.837876
    outer loop
      vertex -1.10048 -8.33383 10.0432
      vertex 0 -13 7
      vertex -1.06246 -8.44009 9.97386
    endloop
  endfacet
  facet normal -7.2044e-06 -0.546269 0.83761
    outer loop
      vertex -11 10 22
      vertex -1.10048 -8.33383 10.0432
      vertex -1.1279 -8.22435 10.1146
    endloop
  endfacet
  facet normal -2.13132e-05 -0.546264 0.837613
    outer loop
      vertex -1.10048 -7.66617 10.4786
      vertex -1.47821 -0.612293 15.0789
      vertex -1.1279 -7.77565 10.4072
    endloop
  endfacet
  facet normal 0.00156006 -0.546209 0.837647
    outer loop
      vertex -1.5311 -0.464455 15.1754
      vertex -1.1279 -7.77565 10.4072
      vertex -1.47821 -0.612293 15.0789
    endloop
  endfacet
  facet normal -8.15495e-06 -0.54627 0.837609
    outer loop
      vertex -11 10 22
      vertex -1.1279 -7.77565 10.4072
      vertex -1.5311 -0.464455 15.1754
    endloop
  endfacet
  facet normal 2.21607e-05 -0.546259 0.837617
    outer loop
      vertex -1.1279 -7.77565 10.4072
      vertex -11 10 22
      vertex -1.14446 -7.88728 10.3344
    endloop
  endfacet
  facet normal 0.000160157 -0.546205 0.837651
    outer loop
      vertex -1.14446 -7.88728 10.3344
      vertex -11 10 22
      vertex -1.15 -8 10.2609
    endloop
  endfacet
  facet normal 0.000274131 -0.546091 0.837726
    outer loop
      vertex -11 10 22
      vertex -1.5311 -0.464455 15.1754
      vertex -1.56926 -0.312144 15.2747
    endloop
  endfacet
  facet normal -4.55676e-05 -0.546296 0.837592
    outer loop
      vertex -11 10 22
      vertex -1.56926 -0.312144 15.2747
      vertex -1.59229 -0.156827 15.376
    endloop
  endfacet
  facet normal -3.38044e-05 -0.546279 0.837603
    outer loop
      vertex -1.10048 -8.33383 10.0432
      vertex -11 10 22
      vertex 0 -13 7
    endloop
  endfacet
  facet normal 3.61352e-05 -0.546253 0.837621
    outer loop
      vertex -1.14446 -8.11272 10.1874
      vertex -11 10 22
      vertex -1.1279 -8.22435 10.1146
    endloop
  endfacet
  facet normal 0.000191767 -0.546193 0.837659
    outer loop
      vertex -1.15 -8 10.2609
      vertex -11 10 22
      vertex -1.14446 -8.11272 10.1874
    endloop
  endfacet
  facet normal -0.000132703 -0.546353 0.837555
    outer loop
      vertex -11 10 22
      vertex -1.59229 -0.156827 15.376
      vertex -1.6 0 15.4783
    endloop
  endfacet
  facet normal 0.0332715 -0.556855 0.829943
    outer loop
      vertex 11 10 22
      vertex 6.98579 0.542106 15.8151
      vertex 6.99923 0.56452 15.8296
    endloop
  endfacet
  facet normal 0.0361364 -0.557645 0.829292
    outer loop
      vertex 11 10 22
      vertex 6.93754 0.440085 15.7486
      vertex 6.98579 0.542106 15.8151
    endloop
  endfacet
  facet normal 0.0317698 -0.55673 0.830086
    outer loop
      vertex 0 -13 7
      vertex 6.89679 0.322936 15.6716
      vertex 6.89952 0.333827 15.6788
    endloop
  endfacet
  facet normal 0.0312347 -0.556547 0.830229
    outer loop
      vertex 0 -13 7
      vertex 6.89952 0.333827 15.6788
      vertex 6.93754 0.440085 15.7486
    endloop
  endfacet
  facet normal 0.027275 -0.555182 0.831282
    outer loop
      vertex 6.89679 0.322936 15.6716
      vertex 0 -13 7
      vertex 1.27422 -12.9374 7
    endloop
  endfacet
  facet normal 0.0271941 -0.555158 0.8313
    outer loop
      vertex 0 -13 7
      vertex 6.93754 0.440085 15.7486
      vertex 11 10 22
    endloop
  endfacet
  facet normal -0.98533 -0.0484074 0.163649
    outer loop
      vertex -11 10 22
      vertex -13 0 7
      vertex -12.9374 -1.27422 7
    endloop
  endfacet
  facet normal -0.027275 -0.555182 0.831282
    outer loop
      vertex 0 -13 7
      vertex -6.89679 0.322936 15.6716
      vertex -1.27422 -12.9374 7
    endloop
  endfacet
  facet normal -0.0317698 -0.55673 0.830086
    outer loop
      vertex 0 -13 7
      vertex -6.89952 0.333827 15.6788
      vertex -6.89679 0.322936 15.6716
    endloop
  endfacet
  facet normal -0.0312347 -0.556547 0.830229
    outer loop
      vertex 0 -13 7
      vertex -6.93754 0.440085 15.7486
      vertex -6.89952 0.333827 15.6788
    endloop
  endfacet
  facet normal -0.0172248 -0.551687 0.833873
    outer loop
      vertex 0 -13 7
      vertex -6.98579 0.542106 15.8151
      vertex -6.93754 0.440085 15.7486
    endloop
  endfacet
  facet normal -0.0332715 -0.556855 0.829943
    outer loop
      vertex -6.98579 0.542106 15.8151
      vertex -11 10 22
      vertex -6.99923 0.56452 15.8296
    endloop
  endfacet
  facet normal -0.0272803 -0.555186 0.831279
    outer loop
      vertex -11 10 22
      vertex -6.98579 0.542106 15.8151
      vertex 0 -13 7
    endloop
  endfacet
  facet normal -0.991228 0 0.132164
    outer loop
      vertex -13 0 7
      vertex -11 11 22
      vertex -11 18 22
    endloop
  endfacet
  facet normal -0.991228 0 0.132164
    outer loop
      vertex -11 11 22
      vertex -13 0 7
      vertex -11 10 22
    endloop
  endfacet
  facet normal -0.666112 -0.494043 0.558763
    outer loop
      vertex -10.0491 -8.24711 7
      vertex -11 10 22
      vertex -10.8091 -7.22241 7
    endloop
  endfacet
  facet normal -0.996051 0.0489341 0.0740859
    outer loop
      vertex -12.9374 1.27422 7
      vertex -13 0 7
      vertex -11 18 22
    endloop
  endfacet
  facet normal -0.993358 0.115064 0
    outer loop
      vertex -12.9374 1.27422 7
      vertex -11 18 6
      vertex -12.9374 1.27422 6
    endloop
  endfacet
  facet normal -0.993358 0.115064 0
    outer loop
      vertex -11 18 6
      vertex -12.9374 1.27422 7
      vertex -11 18 22
    endloop
  endfacet
  facet normal 0.666112 -0.494043 0.558763
    outer loop
      vertex 11 10 22
      vertex 10.0491 -8.24711 7
      vertex 10.8091 -7.22241 7
    endloop
  endfacet
  facet normal -0.874273 -0.312828 0.371195
    outer loop
      vertex -11 10 22
      vertex -12.4402 -3.7737 7
      vertex -12.0104 -4.97488 7
    endloop
  endfacet
  facet normal 0.21057 -0.589238 0.780038
    outer loop
      vertex 7.88728 -1.14446 14.4219
      vertex 4.97488 -12.0104 7
      vertex 7.9485 -1.14747 14.4031
    endloop
  endfacet
  facet normal 0.210919 -0.589257 0.779929
    outer loop
      vertex 7.77565 -1.1279 14.4646
      vertex 4.97488 -12.0104 7
      vertex 7.88728 -1.14446 14.4219
    endloop
  endfacet
  facet normal 0.210773 -0.58925 0.779974
    outer loop
      vertex 7.66617 -1.10048 14.5149
      vertex 4.97488 -12.0104 7
      vertex 7.77565 -1.1279 14.4646
    endloop
  endfacet
  facet normal 0.210537 -0.589241 0.780045
    outer loop
      vertex 7.55991 -1.06246 14.5723
      vertex 4.97488 -12.0104 7
      vertex 7.66617 -1.10048 14.5149
    endloop
  endfacet
  facet normal 0.21128 -0.589265 0.779825
    outer loop
      vertex 7.45789 -1.01421 14.6364
      vertex 4.97488 -12.0104 7
      vertex 7.55991 -1.06246 14.5723
    endloop
  endfacet
  facet normal 0.199338 -0.588925 0.783219
    outer loop
      vertex 7.45392 -1.01183 14.6392
      vertex 4.97488 -12.0104 7
      vertex 7.45789 -1.01421 14.6364
    endloop
  endfacet
  facet normal 0.210843 -0.589251 0.779954
    outer loop
      vertex 4.97488 -12.0104 7
      vertex 7.45392 -1.01183 14.6392
      vertex 3.7737 -12.4402 7
    endloop
  endfacet
  facet normal 0.210887 -0.589251 0.779942
    outer loop
      vertex 11 10 22
      vertex 8.44009 1.06246 15.9398
      vertex 8.54045 1.01499 15.8768
    endloop
  endfacet
  facet normal 0.210545 -0.589228 0.780052
    outer loop
      vertex 11 10 22
      vertex 8.33383 1.10048 15.9972
      vertex 8.44009 1.06246 15.9398
    endloop
  endfacet
  facet normal 0.210775 -0.589246 0.779976
    outer loop
      vertex 11 10 22
      vertex 8.22435 1.1279 16.0475
      vertex 8.33383 1.10048 15.9972
    endloop
  endfacet
  facet normal 0.210846 -0.589252 0.779953
    outer loop
      vertex 8.22435 1.1279 16.0475
      vertex 11 10 22
      vertex 8.14668 1.13942 16.0772
    endloop
  endfacet
  facet normal 0.812529 -0.384255 0.438343
    outer loop
      vertex 12.0104 -4.97488 7
      vertex 11 10 22
      vertex 11.465 -6.12816 7
    endloop
  endfacet
  facet normal -0.0840801 -0.570098 0.817263
    outer loop
      vertex -6.85554 -0.11272 15.3719
      vertex -1.27422 -12.9374 7
      vertex -6.85 0 15.4511
    endloop
  endfacet
  facet normal -0.0848167 -0.570282 0.817059
    outer loop
      vertex -1.27422 -12.9374 7
      vertex -6.85554 0.11272 15.5292
      vertex -6.85 0 15.4511
    endloop
  endfacet
  facet normal -0.0848665 -0.570294 0.817045
    outer loop
      vertex -1.27422 -12.9374 7
      vertex -6.8721 0.224354 15.6054
      vertex -6.85554 0.11272 15.5292
    endloop
  endfacet
  facet normal -0.0827777 -0.56978 0.817618
    outer loop
      vertex -6.8721 0.224354 15.6054
      vertex -1.27422 -12.9374 7
      vertex -6.89679 0.322936 15.6716
    endloop
  endfacet
  facet normal -0.0843706 -0.570171 0.817182
    outer loop
      vertex -6.8721 -0.224354 15.2923
      vertex -1.27422 -12.9374 7
      vertex -6.85554 -0.11272 15.3719
    endloop
  endfacet
  facet normal -0.085279 -0.570404 0.816925
    outer loop
      vertex -6.89952 -0.333827 15.213
      vertex -1.27422 -12.9374 7
      vertex -6.8721 -0.224354 15.2923
    endloop
  endfacet
  facet normal -0.0837767 -0.570013 0.817354
    outer loop
      vertex -6.93754 -0.440085 15.135
      vertex -1.27422 -12.9374 7
      vertex -6.89952 -0.333827 15.213
    endloop
  endfacet
  facet normal -0.0846695 -0.57025 0.817096
    outer loop
      vertex -6.98579 -0.542106 15.0588
      vertex -1.27422 -12.9374 7
      vertex -6.93754 -0.440085 15.135
    endloop
  endfacet
  facet normal -0.0851845 -0.570389 0.816946
    outer loop
      vertex -7.04268 -0.637019 14.9866
      vertex -1.27422 -12.9374 7
      vertex -6.98579 -0.542106 15.0588
    endloop
  endfacet
  facet normal -0.0845881 -0.570224 0.817123
    outer loop
      vertex -1.27422 -12.9374 7
      vertex -7.04268 -0.637019 14.9866
      vertex -2.53617 -12.7502 7
    endloop
  endfacet
  facet normal -0.0846381 -0.570237 0.817108
    outer loop
      vertex -7.66617 1.10048 16.1346
      vertex -11 10 22
      vertex -7.69144 1.10681 16.1364
    endloop
  endfacet
  facet normal -0.0848668 -0.570285 0.817051
    outer loop
      vertex -7.55991 1.06246 16.1191
      vertex -11 10 22
      vertex -7.66617 1.10048 16.1346
    endloop
  endfacet
  facet normal -0.0846831 -0.570245 0.817098
    outer loop
      vertex -7.45789 1.01421 16.096
      vertex -11 10 22
      vertex -7.55991 1.06246 16.1191
    endloop
  endfacet
  facet normal -0.0842534 -0.570149 0.81721
    outer loop
      vertex -7.36109 0.956189 16.0655
      vertex -11 10 22
      vertex -7.45789 1.01421 16.096
    endloop
  endfacet
  facet normal -0.0849778 -0.570315 0.817019
    outer loop
      vertex -7.27045 0.888962 16.028
      vertex -11 10 22
      vertex -7.36109 0.956189 16.0655
    endloop
  endfacet
  facet normal -0.0835791 -0.569987 0.817392
    outer loop
      vertex -7.18683 0.813172 15.9837
      vertex -11 10 22
      vertex -7.27045 0.888962 16.028
    endloop
  endfacet
  facet normal -0.0847535 -0.570267 0.817075
    outer loop
      vertex -7.11104 0.729552 15.9332
      vertex -11 10 22
      vertex -7.18683 0.813172 15.9837
    endloop
  endfacet
  facet normal -0.0845254 -0.570212 0.817137
    outer loop
      vertex -7.04381 0.638906 15.8769
      vertex -11 10 22
      vertex -7.11104 0.729552 15.9332
    endloop
  endfacet
  facet normal -0.0843096 -0.57016 0.817196
    outer loop
      vertex -11 10 22
      vertex -7.04381 0.638906 15.8769
      vertex -6.99923 0.56452 15.8296
    endloop
  endfacet
  facet normal -0.210843 -0.589251 0.779954
    outer loop
      vertex -7.45392 -1.01183 14.6392
      vertex -4.97488 -12.0104 7
      vertex -3.7737 -12.4402 7
    endloop
  endfacet
  facet normal -0.199338 -0.588925 0.783219
    outer loop
      vertex -7.45789 -1.01421 14.6364
      vertex -4.97488 -12.0104 7
      vertex -7.45392 -1.01183 14.6392
    endloop
  endfacet
  facet normal -0.21128 -0.589265 0.779825
    outer loop
      vertex -7.55991 -1.06246 14.5723
      vertex -4.97488 -12.0104 7
      vertex -7.45789 -1.01421 14.6364
    endloop
  endfacet
  facet normal -0.210537 -0.589241 0.780045
    outer loop
      vertex -7.66617 -1.10048 14.5149
      vertex -4.97488 -12.0104 7
      vertex -7.55991 -1.06246 14.5723
    endloop
  endfacet
  facet normal -0.210773 -0.58925 0.779974
    outer loop
      vertex -7.77565 -1.1279 14.4646
      vertex -4.97488 -12.0104 7
      vertex -7.66617 -1.10048 14.5149
    endloop
  endfacet
  facet normal -0.210919 -0.589257 0.779929
    outer loop
      vertex -7.88728 -1.14446 14.4219
      vertex -4.97488 -12.0104 7
      vertex -7.77565 -1.1279 14.4646
    endloop
  endfacet
  facet normal -0.21057 -0.589238 0.780038
    outer loop
      vertex -4.97488 -12.0104 7
      vertex -7.88728 -1.14446 14.4219
      vertex -7.9485 -1.14747 14.4031
    endloop
  endfacet
  facet normal -0.210887 -0.589251 0.779942
    outer loop
      vertex -8.44009 1.06246 15.9398
      vertex -11 10 22
      vertex -8.54045 1.01499 15.8768
    endloop
  endfacet
  facet normal -0.210545 -0.589228 0.780052
    outer loop
      vertex -8.33383 1.10048 15.9972
      vertex -11 10 22
      vertex -8.44009 1.06246 15.9398
    endloop
  endfacet
  facet normal -0.210775 -0.589246 0.779976
    outer loop
      vertex -8.22435 1.1279 16.0475
      vertex -11 10 22
      vertex -8.33383 1.10048 15.9972
    endloop
  endfacet
  facet normal -0.210846 -0.589252 0.779953
    outer loop
      vertex -11 10 22
      vertex -8.22435 1.1279 16.0475
      vertex -8.14668 1.13942 16.0772
    endloop
  endfacet
  facet normal -0.507358 -0.559811 0.655133
    outer loop
      vertex -8.24711 -10.0491 7
      vertex -11 10 22
      vertex -9.19239 -9.19239 7
    endloop
  endfacet
  facet normal -0.924877 -0.231681 0.301541
    outer loop
      vertex -11 10 22
      vertex -12.7502 -2.53617 7
      vertex -12.4402 -3.7737 7
    endloop
  endfacet
  facet normal 0.993358 0.115064 0
    outer loop
      vertex 12.9374 1.27422 7
      vertex 11 18 6
      vertex 11 18 22
    endloop
  endfacet
  facet normal 0.993358 0.115064 0
    outer loop
      vertex 11 18 6
      vertex 12.9374 1.27422 7
      vertex 12.9374 1.27422 6
    endloop
  endfacet
  facet normal -0.742153 -0.444851 0.501315
    outer loop
      vertex -11 10 22
      vertex -11.465 -6.12816 7
      vertex -10.8091 -7.22241 7
    endloop
  endfacet
  facet normal 0.145988 -0.581832 0.8001
    outer loop
      vertex 7.36109 -0.956189 14.6966
      vertex 3.7737 -12.4402 7
      vertex 7.45392 -1.01183 14.6392
    endloop
  endfacet
  facet normal 0.145812 -0.581809 0.800148
    outer loop
      vertex 7.27045 -0.888962 14.762
      vertex 3.7737 -12.4402 7
      vertex 7.36109 -0.956189 14.6966
    endloop
  endfacet
  facet normal 0.145475 -0.581768 0.800239
    outer loop
      vertex 7.18683 -0.813172 14.8323
      vertex 3.7737 -12.4402 7
      vertex 7.27045 -0.888962 14.762
    endloop
  endfacet
  facet normal 0.145711 -0.581795 0.800176
    outer loop
      vertex 7.11104 -0.729552 14.9069
      vertex 3.7737 -12.4402 7
      vertex 7.18683 -0.813172 14.8323
    endloop
  endfacet
  facet normal 0.146088 -0.58186 0.800061
    outer loop
      vertex 2.53617 -12.7502 7
      vertex 7.11104 -0.729552 14.9069
      vertex 7.04381 -0.638906 14.9851
    endloop
  endfacet
  facet normal 0.113069 -0.575901 0.809662
    outer loop
      vertex 2.53617 -12.7502 7
      vertex 7.04381 -0.638906 14.9851
      vertex 7.04268 -0.637019 14.9866
    endloop
  endfacet
  facet normal 0.14574 -0.581799 0.800169
    outer loop
      vertex 7.11104 -0.729552 14.9069
      vertex 2.53617 -12.7502 7
      vertex 3.7737 -12.4402 7
    endloop
  endfacet
  facet normal 0.146811 -0.581943 0.799868
    outer loop
      vertex 11 10 22
      vertex 8.11272 1.14446 16.0871
      vertex 8.14668 1.13942 16.0772
    endloop
  endfacet
  facet normal 0.145351 -0.581743 0.80028
    outer loop
      vertex 11 10 22
      vertex 8 1.15 16.1116
      vertex 8.11272 1.14446 16.0871
    endloop
  endfacet
  facet normal 0.145724 -0.581798 0.800173
    outer loop
      vertex 11 10 22
      vertex 7.88728 1.14446 16.1281
      vertex 8 1.15 16.1116
    endloop
  endfacet
  facet normal 0.145803 -0.58181 0.800149
    outer loop
      vertex 11 10 22
      vertex 7.77565 1.1279 16.1364
      vertex 7.88728 1.14446 16.1281
    endloop
  endfacet
  facet normal 0.145708 -0.581794 0.800178
    outer loop
      vertex 7.77565 1.1279 16.1364
      vertex 11 10 22
      vertex 7.69144 1.10681 16.1364
    endloop
  endfacet
  facet normal 0.0848167 -0.570282 0.817059
    outer loop
      vertex 1.27422 -12.9374 7
      vertex 6.85 0 15.4511
      vertex 6.85554 0.11272 15.5292
    endloop
  endfacet
  facet normal 0.0848665 -0.570294 0.817045
    outer loop
      vertex 1.27422 -12.9374 7
      vertex 6.85554 0.11272 15.5292
      vertex 6.8721 0.224354 15.6054
    endloop
  endfacet
  facet normal 0.0827777 -0.56978 0.817618
    outer loop
      vertex 1.27422 -12.9374 7
      vertex 6.8721 0.224354 15.6054
      vertex 6.89679 0.322936 15.6716
    endloop
  endfacet
  facet normal 0.0845882 -0.570225 0.817122
    outer loop
      vertex 6.85 0 15.4511
      vertex 1.27422 -12.9374 7
      vertex 2.53617 -12.7502 7
    endloop
  endfacet
  facet normal 0.0852472 -0.570361 0.816958
    outer loop
      vertex 6.98579 -0.542106 15.0588
      vertex 2.53617 -12.7502 7
      vertex 7.04268 -0.637019 14.9866
    endloop
  endfacet
  facet normal 0.0846792 -0.570246 0.817098
    outer loop
      vertex 6.93754 -0.440085 15.135
      vertex 2.53617 -12.7502 7
      vertex 6.98579 -0.542106 15.0588
    endloop
  endfacet
  facet normal 0.0836638 -0.570045 0.817343
    outer loop
      vertex 6.89952 -0.333827 15.213
      vertex 2.53617 -12.7502 7
      vertex 6.93754 -0.440085 15.135
    endloop
  endfacet
  facet normal 0.0853917 -0.570379 0.816931
    outer loop
      vertex 6.8721 -0.224354 15.2923
      vertex 2.53617 -12.7502 7
      vertex 6.89952 -0.333827 15.213
    endloop
  endfacet
  facet normal 0.0843279 -0.570178 0.817182
    outer loop
      vertex 6.85554 -0.11272 15.3719
      vertex 2.53617 -12.7502 7
      vertex 6.8721 -0.224354 15.2923
    endloop
  endfacet
  facet normal 0.0839557 -0.570108 0.817269
    outer loop
      vertex 2.53617 -12.7502 7
      vertex 6.85554 -0.11272 15.3719
      vertex 6.85 0 15.4511
    endloop
  endfacet
  facet normal 0.0846381 -0.570237 0.817108
    outer loop
      vertex 11 10 22
      vertex 7.66617 1.10048 16.1346
      vertex 7.69144 1.10681 16.1364
    endloop
  endfacet
  facet normal 0.0848668 -0.570285 0.817051
    outer loop
      vertex 11 10 22
      vertex 7.55991 1.06246 16.1191
      vertex 7.66617 1.10048 16.1346
    endloop
  endfacet
  facet normal 0.0846831 -0.570245 0.817098
    outer loop
      vertex 11 10 22
      vertex 7.45789 1.01421 16.096
      vertex 7.55991 1.06246 16.1191
    endloop
  endfacet
  facet normal 0.0842534 -0.570149 0.81721
    outer loop
      vertex 11 10 22
      vertex 7.36109 0.956189 16.0655
      vertex 7.45789 1.01421 16.096
    endloop
  endfacet
  facet normal 0.0849778 -0.570315 0.817019
    outer loop
      vertex 11 10 22
      vertex 7.27045 0.888962 16.028
      vertex 7.36109 0.956189 16.0655
    endloop
  endfacet
  facet normal 0.0835791 -0.569987 0.817392
    outer loop
      vertex 11 10 22
      vertex 7.18683 0.813172 15.9837
      vertex 7.27045 0.888962 16.028
    endloop
  endfacet
  facet normal 0.0847535 -0.570267 0.817075
    outer loop
      vertex 11 10 22
      vertex 7.11104 0.729552 15.9332
      vertex 7.18683 0.813172 15.9837
    endloop
  endfacet
  facet normal 0.0845254 -0.570212 0.817137
    outer loop
      vertex 11 10 22
      vertex 7.04381 0.638906 15.8769
      vertex 7.11104 0.729552 15.9332
    endloop
  endfacet
  facet normal 0.0843096 -0.57016 0.817196
    outer loop
      vertex 7.04381 0.638906 15.8769
      vertex 11 10 22
      vertex 6.99923 0.56452 15.8296
    endloop
  endfacet
  facet normal 0.428834 -0.578193 0.694114
    outer loop
      vertex 11 10 22
      vertex 7.22241 -10.8091 7
      vertex 8.24711 -10.0491 7
    endloop
  endfacet
  facet normal 0.996051 0.0489341 0.0740859
    outer loop
      vertex 12.9374 1.27422 7
      vertex 11 18 22
      vertex 13 0 7
    endloop
  endfacet
  facet normal 0.991228 0 0.132164
    outer loop
      vertex 13 0 7
      vertex 11 11 22
      vertex 11 10 22
    endloop
  endfacet
  facet normal 0.991228 -0 0.132164
    outer loop
      vertex 11 11 22
      vertex 13 0 7
      vertex 11 18 22
    endloop
  endfacet
  facet normal 0.874273 -0.312828 0.371195
    outer loop
      vertex 12.4402 -3.7737 7
      vertex 11 10 22
      vertex 12.0104 -4.97488 7
    endloop
  endfacet
  facet normal -0.279865 -0.591791 0.755949
    outer loop
      vertex -7.9485 -1.14747 14.4031
      vertex -6.12816 -11.465 7
      vertex -4.97488 -12.0104 7
    endloop
  endfacet
  facet normal -0.280556 -0.591751 0.755724
    outer loop
      vertex -8 -1.15 14.382
      vertex -6.12816 -11.465 7
      vertex -7.9485 -1.14747 14.4031
    endloop
  endfacet
  facet normal -0.279903 -0.591786 0.755939
    outer loop
      vertex -8.11272 -1.14446 14.3446
      vertex -6.12816 -11.465 7
      vertex -8 -1.15 14.382
    endloop
  endfacet
  facet normal -0.280092 -0.591777 0.755875
    outer loop
      vertex -8.22435 -1.1279 14.3162
      vertex -6.12816 -11.465 7
      vertex -8.11272 -1.14446 14.3446
    endloop
  endfacet
  facet normal -0.27944 -0.591802 0.756098
    outer loop
      vertex -8.33383 -1.10048 14.2972
      vertex -6.12816 -11.465 7
      vertex -8.22435 -1.1279 14.3162
    endloop
  endfacet
  facet normal -0.280032 -0.591784 0.755893
    outer loop
      vertex -8.44009 -1.06246 14.2876
      vertex -6.12816 -11.465 7
      vertex -8.33383 -1.10048 14.2972
    endloop
  endfacet
  facet normal -0.279862 -0.591788 0.755952
    outer loop
      vertex -6.12816 -11.465 7
      vertex -8.44009 -1.06246 14.2876
      vertex -8.49509 -1.03645 14.2876
    endloop
  endfacet
  facet normal -0.281021 -0.591763 0.755542
    outer loop
      vertex -8.88896 0.729552 15.5243
      vertex -11 10 22
      vertex -8.89428 0.722375 15.5167
    endloop
  endfacet
  facet normal -0.279729 -0.591789 0.756001
    outer loop
      vertex -8.81317 0.813172 15.6178
      vertex -11 10 22
      vertex -8.88896 0.729552 15.5243
    endloop
  endfacet
  facet normal -0.279939 -0.591787 0.755925
    outer loop
      vertex -8.72955 0.888962 15.7081
      vertex -11 10 22
      vertex -8.81317 0.813172 15.6178
    endloop
  endfacet
  facet normal -0.279964 -0.591787 0.755916
    outer loop
      vertex -8.63891 0.956189 15.7943
      vertex -11 10 22
      vertex -8.72955 0.888962 15.7081
    endloop
  endfacet
  facet normal -0.279523 -0.591785 0.756081
    outer loop
      vertex -8.54211 1.01421 15.8755
      vertex -11 10 22
      vertex -8.63891 0.956189 15.7943
    endloop
  endfacet
  facet normal -0.305858 -0.591919 0.745709
    outer loop
      vertex -11 10 22
      vertex -8.54211 1.01421 15.8755
      vertex -8.54045 1.01499 15.8768
    endloop
  endfacet
  facet normal -0.113069 -0.575901 0.809662
    outer loop
      vertex -7.04381 -0.638906 14.9851
      vertex -2.53617 -12.7502 7
      vertex -7.04268 -0.637019 14.9866
    endloop
  endfacet
  facet normal -0.146088 -0.58186 0.800061
    outer loop
      vertex -7.11104 -0.729552 14.9069
      vertex -2.53617 -12.7502 7
      vertex -7.04381 -0.638906 14.9851
    endloop
  endfacet
  facet normal -0.14574 -0.581799 0.800169
    outer loop
      vertex -2.53617 -12.7502 7
      vertex -7.11104 -0.729552 14.9069
      vertex -3.7737 -12.4402 7
    endloop
  endfacet
  facet normal -0.145711 -0.581795 0.800176
    outer loop
      vertex -7.18683 -0.813172 14.8323
      vertex -3.7737 -12.4402 7
      vertex -7.11104 -0.729552 14.9069
    endloop
  endfacet
  facet normal -0.145475 -0.581768 0.800239
    outer loop
      vertex -7.27045 -0.888962 14.762
      vertex -3.7737 -12.4402 7
      vertex -7.18683 -0.813172 14.8323
    endloop
  endfacet
  facet normal -0.145812 -0.581809 0.800148
    outer loop
      vertex -7.36109 -0.956189 14.6966
      vertex -3.7737 -12.4402 7
      vertex -7.27045 -0.888962 14.762
    endloop
  endfacet
  facet normal -0.145988 -0.581832 0.8001
    outer loop
      vertex -3.7737 -12.4402 7
      vertex -7.36109 -0.956189 14.6966
      vertex -7.45392 -1.01183 14.6392
    endloop
  endfacet
  facet normal -0.146811 -0.581943 0.799868
    outer loop
      vertex -8.11272 1.14446 16.0871
      vertex -11 10 22
      vertex -8.14668 1.13942 16.0772
    endloop
  endfacet
  facet normal -0.145351 -0.581743 0.80028
    outer loop
      vertex -8 1.15 16.1116
      vertex -11 10 22
      vertex -8.11272 1.14446 16.0871
    endloop
  endfacet
  facet normal -0.145724 -0.581798 0.800173
    outer loop
      vertex -7.88728 1.14446 16.1281
      vertex -11 10 22
      vertex -8 1.15 16.1116
    endloop
  endfacet
  facet normal -0.145803 -0.58181 0.800149
    outer loop
      vertex -7.77565 1.1279 16.1364
      vertex -11 10 22
      vertex -7.88728 1.14446 16.1281
    endloop
  endfacet
  facet normal -0.145708 -0.581794 0.800178
    outer loop
      vertex -11 10 22
      vertex -7.77565 1.1279 16.1364
      vertex -7.69144 1.10681 16.1364
    endloop
  endfacet
  facet normal -0.587107 -0.532097 0.610064
    outer loop
      vertex -9.19239 -9.19239 7
      vertex -11 10 22
      vertex -10.0491 -8.24711 7
    endloop
  endfacet
  facet normal -0.428834 -0.578193 0.694114
    outer loop
      vertex -7.22241 -10.8091 7
      vertex -11 10 22
      vertex -8.24711 -10.0491 7
    endloop
  endfacet
  facet normal -0.962286 -0.142747 0.23158
    outer loop
      vertex -11 10 22
      vertex -12.9374 -1.27422 7
      vertex -12.7502 -2.53617 7
    endloop
  endfacet
  facet normal -0.812529 -0.384255 0.438343
    outer loop
      vertex -11 10 22
      vertex -12.0104 -4.97488 7
      vertex -11.465 -6.12816 7
    endloop
  endfacet
  facet normal 0.353651 -0.588367 0.727156
    outer loop
      vertex 11 10 22
      vertex 9.14446 0.11272 14.9023
      vertex 9.15 0 14.8084
    endloop
  endfacet
  facet normal 0.35234 -0.5885 0.727684
    outer loop
      vertex 11 10 22
      vertex 9.1279 0.224354 15.0006
      vertex 9.14446 0.11272 14.9023
    endloop
  endfacet
  facet normal 0.352205 -0.588513 0.727739
    outer loop
      vertex 11 10 22
      vertex 9.10048 0.333827 15.1024
      vertex 9.1279 0.224354 15.0006
    endloop
  endfacet
  facet normal 0.352926 -0.588445 0.727445
    outer loop
      vertex 11 10 22
      vertex 9.06246 0.440085 15.2068
      vertex 9.10048 0.333827 15.1024
    endloop
  endfacet
  facet normal 0.352611 -0.588473 0.727574
    outer loop
      vertex 11 10 22
      vertex 9.01421 0.542106 15.3127
      vertex 9.06246 0.440085 15.2068
    endloop
  endfacet
  facet normal 0.35329 -0.588416 0.727291
    outer loop
      vertex 11 10 22
      vertex 8.95619 0.638906 15.4192
      vertex 9.01421 0.542106 15.3127
    endloop
  endfacet
  facet normal 0.352505 -0.588477 0.727623
    outer loop
      vertex 8.95619 0.638906 15.4192
      vertex 11 10 22
      vertex 8.89428 0.722375 15.5167
    endloop
  endfacet
  facet normal 0.353203 -0.588413 0.727336
    outer loop
      vertex 9.14446 -0.11272 14.7199
      vertex 11 10 22
      vertex 9.15 0 14.8084
    endloop
  endfacet
  facet normal 0.342254 -0.589519 0.731662
    outer loop
      vertex 9.1279 -0.224354 14.6377
      vertex 11 10 22
      vertex 9.14446 -0.11272 14.7199
    endloop
  endfacet
  facet normal 0.354334 -0.588291 0.726885
    outer loop
      vertex 9.1279 -0.224354 14.6377
      vertex 7.22241 -10.8091 7
      vertex 11 10 22
    endloop
  endfacet
  facet normal 0.34907 -0.588851 0.728975
    outer loop
      vertex 9.10048 -0.333827 14.5624
      vertex 7.22241 -10.8091 7
      vertex 9.1279 -0.224354 14.6377
    endloop
  endfacet
  facet normal 0.353169 -0.588414 0.727352
    outer loop
      vertex 9.06246 -0.440085 14.4949
      vertex 7.22241 -10.8091 7
      vertex 9.10048 -0.333827 14.5624
    endloop
  endfacet
  facet normal 0.353273 -0.588403 0.72731
    outer loop
      vertex 9.01421 -0.542106 14.4358
      vertex 7.22241 -10.8091 7
      vertex 9.06246 -0.440085 14.4949
    endloop
  endfacet
  facet normal 0.352242 -0.588518 0.727717
    outer loop
      vertex 8.95619 -0.638906 14.3856
      vertex 7.22241 -10.8091 7
      vertex 9.01421 -0.542106 14.4358
    endloop
  endfacet
  facet normal 0.353012 -0.58843 0.727415
    outer loop
      vertex 8.88896 -0.729552 14.3449
      vertex 7.22241 -10.8091 7
      vertex 8.95619 -0.638906 14.3856
    endloop
  endfacet
  facet normal 0.35264 -0.588474 0.72756
    outer loop
      vertex 8.81317 -0.813172 14.314
      vertex 7.22241 -10.8091 7
      vertex 8.88896 -0.729552 14.3449
    endloop
  endfacet
  facet normal 0.352398 -0.588503 0.727654
    outer loop
      vertex 8.72955 -0.888962 14.2932
      vertex 7.22241 -10.8091 7
      vertex 8.81317 -0.813172 14.314
    endloop
  endfacet
  facet normal 0.352968 -0.58843 0.727436
    outer loop
      vertex 8.63891 -0.956189 14.2828
      vertex 7.22241 -10.8091 7
      vertex 8.72955 -0.888962 14.2932
    endloop
  endfacet
  facet normal 0.35272 -0.588464 0.72753
    outer loop
      vertex 8.54211 -1.01421 14.2828
      vertex 7.22241 -10.8091 7
      vertex 8.63891 -0.956189 14.2828
    endloop
  endfacet
  facet normal 0.352618 -0.588478 0.727567
    outer loop
      vertex 8.49509 -1.03645 14.2876
      vertex 7.22241 -10.8091 7
      vertex 8.54211 -1.01421 14.2828
    endloop
  endfacet
  facet normal 0.352728 -0.588462 0.727527
    outer loop
      vertex 7.22241 -10.8091 7
      vertex 8.49509 -1.03645 14.2876
      vertex 6.12816 -11.465 7
    endloop
  endfacet
  facet normal 0.587107 -0.532097 0.610064
    outer loop
      vertex 11 10 22
      vertex 9.19239 -9.19239 7
      vertex 10.0491 -8.24711 7
    endloop
  endfacet
  facet normal 0.962286 -0.142747 0.23158
    outer loop
      vertex 12.9374 -1.27422 7
      vertex 11 10 22
      vertex 12.7502 -2.53617 7
    endloop
  endfacet
  facet normal 0.742153 -0.444851 0.501315
    outer loop
      vertex 11 10 22
      vertex 10.8091 -7.22241 7
      vertex 11.465 -6.12816 7
    endloop
  endfacet
  facet normal 0.924877 -0.231681 0.301541
    outer loop
      vertex 12.7502 -2.53617 7
      vertex 11 10 22
      vertex 12.4402 -3.7737 7
    endloop
  endfacet
  facet normal 0.98533 -0.0484074 0.163649
    outer loop
      vertex 13 0 7
      vertex 11 10 22
      vertex 12.9374 -1.27422 7
    endloop
  endfacet
  facet normal 1 0 0
    outer loop
      vertex 11 21 25
      vertex 11 18 22
      vertex 11 21 3
    endloop
  endfacet
  facet normal 1 -0 0
    outer loop
      vertex 11 11 25
      vertex 11 18 22
      vertex 11 21 25
    endloop
  endfacet
  facet normal 1 0 0
    outer loop
      vertex 11 18 22
      vertex 11 11 25
      vertex 11 11 22
    endloop
  endfacet
  facet normal 1 -0 0
    outer loop
      vertex 11 18 6
      vertex 11 21 3
      vertex 11 18 22
    endloop
  endfacet
  facet normal 1 0 0
    outer loop
      vertex 11 11 3
      vertex 11 18 6
      vertex 11 11 6
    endloop
  endfacet
  facet normal 1 0 0
    outer loop
      vertex 11 18 6
      vertex 11 11 3
      vertex 11 21 3
    endloop
  endfacet
  facet normal -0 0 1
    outer loop
      vertex -11 21 25
      vertex 11 11 25
      vertex 11 21 25
    endloop
  endfacet
  facet normal 0 0 1
    outer loop
      vertex 11 11 25
      vertex -11 21 25
      vertex -11 11 25
    endloop
  endfacet
  facet normal 0 0 -1
    outer loop
      vertex 6.12816 11.465 3
      vertex 11 11 3
      vertex 6.90392 11 3
    endloop
  endfacet
  facet normal 0 0 -1
    outer loop
      vertex 11 11 3
      vertex 6.12816 11.465 3
      vertex 11 21 3
    endloop
  endfacet
  facet normal 0 0 -1
    outer loop
      vertex 4.97488 12.0104 3
      vertex 11 21 3
      vertex 6.12816 11.465 3
    endloop
  endfacet
  facet normal 0 0 -1
    outer loop
      vertex 3.7737 12.4402 3
      vertex 11 21 3
      vertex 4.97488 12.0104 3
    endloop
  endfacet
  facet normal 0 0 -1
    outer loop
      vertex 2.53617 12.7502 3
      vertex 11 21 3
      vertex 3.7737 12.4402 3
    endloop
  endfacet
  facet normal 0 0 -1
    outer loop
      vertex 1.27422 12.9374 3
      vertex 11 21 3
      vertex 2.53617 12.7502 3
    endloop
  endfacet
  facet normal 0 0 -1
    outer loop
      vertex 0 13 3
      vertex 11 21 3
      vertex 1.27422 12.9374 3
    endloop
  endfacet
  facet normal 0 0 -1
    outer loop
      vertex -11 21 3
      vertex 0 13 3
      vertex -1.27422 12.9374 3
    endloop
  endfacet
  facet normal 0 0 -1
    outer loop
      vertex -11 21 3
      vertex -1.27422 12.9374 3
      vertex -2.53617 12.7502 3
    endloop
  endfacet
  facet normal 0 0 -1
    outer loop
      vertex -11 21 3
      vertex -2.53617 12.7502 3
      vertex -3.7737 12.4402 3
    endloop
  endfacet
  facet normal 0 0 -1
    outer loop
      vertex -11 21 3
      vertex -3.7737 12.4402 3
      vertex -4.97488 12.0104 3
    endloop
  endfacet
  facet normal 0 0 -1
    outer loop
      vertex -11 21 3
      vertex -4.97488 12.0104 3
      vertex -6.12816 11.465 3
    endloop
  endfacet
  facet normal 0 0 -1
    outer loop
      vertex -11 11 3
      vertex -6.12816 11.465 3
      vertex -6.90392 11 3
    endloop
  endfacet
  facet normal 0 0 -1
    outer loop
      vertex -11 21 3
      vertex -6.12816 11.465 3
      vertex -11 11 3
    endloop
  endfacet
  facet normal 0 0 -1
    outer loop
      vertex 0 13 3
      vertex -11 21 3
      vertex 11 21 3
    endloop
  endfacet
  facet normal -1 0 0
    outer loop
      vertex -11 21 3
      vertex -11 18 6
      vertex -11 21 25
    endloop
  endfacet
  facet normal -1 0 0
    outer loop
      vertex -11 11 3
      vertex -11 18 6
      vertex -11 21 3
    endloop
  endfacet
  facet normal -1 -0 0
    outer loop
      vertex -11 18 6
      vertex -11 11 3
      vertex -11 11 6
    endloop
  endfacet
  facet normal -1 0 0
    outer loop
      vertex -11 18 22
      vertex -11 21 25
      vertex -11 18 6
    endloop
  endfacet
  facet normal -1 0 0
    outer loop
      vertex -11 11 25
      vertex -11 18 22
      vertex -11 11 22
    endloop
  endfacet
  facet normal -1 0 0
    outer loop
      vertex -11 18 22
      vertex -11 11 25
      vertex -11 21 25
    endloop
  endfacet
  facet normal 0 1 0
    outer loop
      vertex 11 21 25
      vertex 10.2 21 24.2
      vertex -11 21 25
    endloop
  endfacet
  facet normal 0 1 0
    outer loop
      vertex 11 21 25
      vertex 10.2 21 3.8
      vertex 10.2 21 24.2
    endloop
  endfacet
  facet normal 0 1 0
    outer loop
      vertex 10.2 21 3.8
      vertex 11 21 3
      vertex -10.2 21 3.8
    endloop
  endfacet
  facet normal 0 1 -0
    outer loop
      vertex 11 21 3
      vertex 10.2 21 3.8
      vertex 11 21 25
    endloop
  endfacet
  facet normal 0 1 -0
    outer loop
      vertex -10.2 21 24.2
      vertex -11 21 25
      vertex 10.2 21 24.2
    endloop
  endfacet
  facet normal 0 1 -0
    outer loop
      vertex -10.2 21 3.8
      vertex -11 21 25
      vertex -10.2 21 24.2
    endloop
  endfacet
  facet normal 0 1 0
    outer loop
      vertex -10.2 21 3.8
      vertex -11 21 3
      vertex -11 21 25
    endloop
  endfacet
  facet normal 0 1 0
    outer loop
      vertex -11 21 3
      vertex -10.2 21 3.8
      vertex 11 21 3
    endloop
  endfacet
  facet normal 0 -1 0
    outer loop
      vertex -11 11 22
      vertex 11 11 25
      vertex -11 11 25
    endloop
  endfacet
  facet normal 0 -1 -0
    outer loop
      vertex 11 11 25
      vertex -11 11 22
      vertex 11 11 22
    endloop
  endfacet
  facet normal 0 -1 0
    outer loop
      vertex 6.90392 11 3
      vertex 11 11 6
      vertex 6.90392 11 6
    endloop
  endfacet
  facet normal 0 -1 -0
    outer loop
      vertex 11 11 6
      vertex 6.90392 11 3
      vertex 11 11 3
    endloop
  endfacet
  facet normal 0 -1 0
    outer loop
      vertex -11 11 3
      vertex -6.90392 11 6
      vertex -11 11 6
    endloop
  endfacet
  facet normal 0 -1 -0
    outer loop
      vertex -6.90392 11 6
      vertex -11 11 3
      vertex -6.90392 11 3
    endloop
  endfacet
  facet normal -0.989176 -0.146736 -0
    outer loop
      vertex 9.14446 0.11272 14.9023
      vertex 9.1279 0.224354 0
      vertex 9.14446 0.11272 0
    endloop
  endfacet
  facet normal -0.989176 -0.146736 0
    outer loop
      vertex 9.1279 0.224354 0
      vertex 9.14446 0.11272 14.9023
      vertex 9.1279 0.224354 15.0006
    endloop
  endfacet
  facet normal -0.998794 -0.0490891 -0
    outer loop
      vertex 9.15 0 14.8084
      vertex 9.14446 0.11272 0
      vertex 9.15 0 0
    endloop
  endfacet
  facet normal -0.998794 -0.0490891 0
    outer loop
      vertex 9.14446 0.11272 0
      vertex 9.15 0 14.8084
      vertex 9.14446 0.11272 14.9023
    endloop
  endfacet
  facet normal -0.970035 -0.242967 -0
    outer loop
      vertex 9.1279 0.224354 15.0006
      vertex 9.10048 0.333827 0
      vertex 9.1279 0.224354 0
    endloop
  endfacet
  facet normal -0.970035 -0.242967 0
    outer loop
      vertex 9.10048 0.333827 0
      vertex 9.1279 0.224354 15.0006
      vertex 9.10048 0.333827 15.1024
    endloop
  endfacet
  facet normal 0.146741 -0.989175 0
    outer loop
      vertex 7.77565 1.1279 0
      vertex 7.88728 1.14446 16.1281
      vertex 7.77565 1.1279 16.1364
    endloop
  endfacet
  facet normal 0.146741 -0.989175 0
    outer loop
      vertex 7.88728 1.14446 16.1281
      vertex 7.77565 1.1279 0
      vertex 7.88728 1.14446 0
    endloop
  endfacet
  facet normal 0.941543 0.336892 0
    outer loop
      vertex 6.93754 -0.440085 15.135
      vertex 6.89952 -0.333827 0
      vertex 6.89952 -0.333827 15.213
    endloop
  endfacet
  facet normal 0.941543 0.336892 0
    outer loop
      vertex 6.89952 -0.333827 0
      vertex 6.93754 -0.440085 15.135
      vertex 6.93754 -0.440085 0
    endloop
  endfacet
  facet normal -0.336886 0.941545 0
    outer loop
      vertex 8.33383 -1.10048 0
      vertex 8.44009 -1.06246 14.2876
      vertex 8.44009 -1.06246 0
    endloop
  endfacet
  facet normal -0.336886 0.941545 0
    outer loop
      vertex 8.44009 -1.06246 14.2876
      vertex 8.33383 -1.10048 0
      vertex 8.33383 -1.10048 14.2972
    endloop
  endfacet
  facet normal -0.514111 -0.857723 0
    outer loop
      vertex 8.54211 1.01421 0
      vertex 8.63891 0.956189 15.7943
      vertex 8.54211 1.01421 15.8755
    endloop
  endfacet
  facet normal -0.514111 -0.857723 -0
    outer loop
      vertex 8.63891 0.956189 15.7943
      vertex 8.54211 1.01421 0
      vertex 8.63891 0.956189 0
    endloop
  endfacet
  facet normal 0.857755 -0.514058 0
    outer loop
      vertex 6.99923 0.56452 15.8296
      vertex 7.04381 0.638906 0
      vertex 7.04381 0.638906 15.8769
    endloop
  endfacet
  facet normal 0.857635 -0.514259 -1.28138e-06
    outer loop
      vertex 6.98579 0.542106 15.8151
      vertex 7.04381 0.638906 0
      vertex 6.99923 0.56452 15.8296
    endloop
  endfacet
  facet normal 0.857727 -0.514105 0
    outer loop
      vertex 7.04381 0.638906 0
      vertex 6.98579 0.542106 15.8151
      vertex 6.98579 0.542106 0
    endloop
  endfacet
  facet normal -0.427514 0.904009 0.000718413
    outer loop
      vertex 8.54211 -1.01421 14.2828
      vertex 8.44009 -1.06246 14.2876
      vertex 8.49509 -1.03645 14.2876
    endloop
  endfacet
  facet normal -0.427542 0.903996 0
    outer loop
      vertex 8.44009 -1.06246 0
      vertex 8.54211 -1.01421 14.2828
      vertex 8.54211 -1.01421 0
    endloop
  endfacet
  facet normal -0.427542 0.903996 0
    outer loop
      vertex 8.54211 -1.01421 14.2828
      vertex 8.44009 -1.06246 0
      vertex 8.44009 -1.06246 14.2876
    endloop
  endfacet
  facet normal -0.998794 0.0490891 0
    outer loop
      vertex 9.14446 -0.11272 14.7199
      vertex 9.15 0 0
      vertex 9.14446 -0.11272 0
    endloop
  endfacet
  facet normal -0.998794 0.0490891 0
    outer loop
      vertex 9.15 0 0
      vertex 9.14446 -0.11272 14.7199
      vertex 9.15 0 14.8084
    endloop
  endfacet
  facet normal -0.242953 0.970038 0
    outer loop
      vertex 8.22435 -1.1279 0
      vertex 8.33383 -1.10048 14.2972
      vertex 8.33383 -1.10048 0
    endloop
  endfacet
  facet normal -0.242953 0.970038 0
    outer loop
      vertex 8.33383 -1.10048 14.2972
      vertex 8.22435 -1.1279 0
      vertex 8.22435 -1.1279 14.3162
    endloop
  endfacet
  facet normal 0.595721 -0.803191 0
    outer loop
      vertex 7.36109 0.956189 0
      vertex 7.27045 0.888962 16.028
      vertex 7.27045 0.888962 0
    endloop
  endfacet
  facet normal 0.595721 -0.803191 0
    outer loop
      vertex 7.27045 0.888962 16.028
      vertex 7.36109 0.956189 0
      vertex 7.36109 0.956189 16.0655
    endloop
  endfacet
  facet normal -0.0490891 0.998794 0
    outer loop
      vertex 8 -1.15 0
      vertex 8.11272 -1.14446 14.3446
      vertex 8.11272 -1.14446 0
    endloop
  endfacet
  facet normal -0.0490891 0.998794 0
    outer loop
      vertex 8.11272 -1.14446 14.3446
      vertex 8 -1.15 0
      vertex 8 -1.15 14.382
    endloop
  endfacet
  facet normal 0.513613 0.858021 -0.00108785
    outer loop
      vertex 7.45789 -1.01421 14.6364
      vertex 7.36109 -0.956189 14.6966
      vertex 7.45392 -1.01183 14.6392
    endloop
  endfacet
  facet normal 0.514111 0.857723 0
    outer loop
      vertex 7.36109 -0.956189 0
      vertex 7.45789 -1.01421 14.6364
      vertex 7.45789 -1.01421 0
    endloop
  endfacet
  facet normal 0.514111 0.857723 0
    outer loop
      vertex 7.45789 -1.01421 14.6364
      vertex 7.36109 -0.956189 0
      vertex 7.36109 -0.956189 14.6966
    endloop
  endfacet
  facet normal -0.903997 -0.427538 -0
    outer loop
      vertex 9.06246 0.440085 15.2068
      vertex 9.01421 0.542106 0
      vertex 9.06246 0.440085 0
    endloop
  endfacet
  facet normal -0.903997 -0.427538 0
    outer loop
      vertex 9.01421 0.542106 0
      vertex 9.06246 0.440085 15.2068
      vertex 9.01421 0.542106 15.3127
    endloop
  endfacet
  facet normal 0.146741 0.989175 0
    outer loop
      vertex 7.77565 -1.1279 0
      vertex 7.88728 -1.14446 14.4219
      vertex 7.88728 -1.14446 0
    endloop
  endfacet
  facet normal 0.146741 0.989175 0
    outer loop
      vertex 7.88728 -1.14446 14.4219
      vertex 7.77565 -1.1279 0
      vertex 7.77565 -1.1279 14.4646
    endloop
  endfacet
  facet normal 0.242953 0.970038 0
    outer loop
      vertex 7.66617 -1.10048 0
      vertex 7.77565 -1.1279 14.4646
      vertex 7.77565 -1.1279 0
    endloop
  endfacet
  facet normal 0.242953 0.970038 0
    outer loop
      vertex 7.77565 -1.1279 14.4646
      vertex 7.66617 -1.10048 0
      vertex 7.66617 -1.10048 14.5149
    endloop
  endfacet
  facet normal -0.595721 -0.803191 0
    outer loop
      vertex 8.63891 0.956189 0
      vertex 8.72955 0.888962 15.7081
      vertex 8.63891 0.956189 15.7943
    endloop
  endfacet
  facet normal -0.595721 -0.803191 -0
    outer loop
      vertex 8.72955 0.888962 15.7081
      vertex 8.63891 0.956189 0
      vertex 8.72955 0.888962 0
    endloop
  endfacet
  facet normal 0.903997 0.427538 0
    outer loop
      vertex 6.98579 -0.542106 15.0588
      vertex 6.93754 -0.440085 0
      vertex 6.93754 -0.440085 15.135
    endloop
  endfacet
  facet normal 0.903997 0.427538 0
    outer loop
      vertex 6.93754 -0.440085 0
      vertex 6.98579 -0.542106 15.0588
      vertex 6.98579 -0.542106 0
    endloop
  endfacet
  facet normal -0.803198 0.595713 0
    outer loop
      vertex 8.88896 -0.729552 14.3449
      vertex 8.95619 -0.638906 0
      vertex 8.88896 -0.729552 0
    endloop
  endfacet
  facet normal -0.803198 0.595713 0
    outer loop
      vertex 8.95619 -0.638906 0
      vertex 8.88896 -0.729552 14.3449
      vertex 8.95619 -0.638906 14.3856
    endloop
  endfacet
  facet normal -0.803198 -0.595713 0
    outer loop
      vertex 8.95619 0.638906 15.4192
      vertex 8.88896 0.729552 15.5243
      vertex 8.88896 0.729552 0
    endloop
  endfacet
  facet normal -0.803198 -0.595713 -0
    outer loop
      vertex 8.95619 0.638906 15.4192
      vertex 8.88896 0.729552 0
      vertex 8.95619 0.638906 0
    endloop
  endfacet
  facet normal -0.805054 -0.593193 -0.00336078
    outer loop
      vertex 8.88896 0.729552 15.5243
      vertex 8.95619 0.638906 15.4192
      vertex 8.89428 0.722375 15.5167
    endloop
  endfacet
  facet normal 0.989176 -0.146736 0
    outer loop
      vertex 6.85554 0.11272 15.5292
      vertex 6.8721 0.224354 0
      vertex 6.8721 0.224354 15.6054
    endloop
  endfacet
  facet normal 0.989176 -0.146736 0
    outer loop
      vertex 6.8721 0.224354 0
      vertex 6.85554 0.11272 15.5292
      vertex 6.85554 0.11272 0
    endloop
  endfacet
  facet normal 0.970035 0.242967 0
    outer loop
      vertex 6.89952 -0.333827 15.213
      vertex 6.8721 -0.224354 0
      vertex 6.8721 -0.224354 15.2923
    endloop
  endfacet
  facet normal 0.970035 0.242967 0
    outer loop
      vertex 6.8721 -0.224354 0
      vertex 6.89952 -0.333827 15.213
      vertex 6.89952 -0.333827 0
    endloop
  endfacet
  facet normal 0.336886 -0.941545 0
    outer loop
      vertex 7.66617 1.10048 0
      vertex 7.55991 1.06246 16.1191
      vertex 7.55991 1.06246 0
    endloop
  endfacet
  facet normal 0.336886 -0.941545 0
    outer loop
      vertex 7.55991 1.06246 16.1191
      vertex 7.66617 1.10048 0
      vertex 7.66617 1.10048 16.1346
    endloop
  endfacet
  facet normal 0.740946 -0.671565 0
    outer loop
      vertex 7.11104 0.729552 15.9332
      vertex 7.18683 0.813172 0
      vertex 7.18683 0.813172 15.9837
    endloop
  endfacet
  facet normal 0.740946 -0.671565 0
    outer loop
      vertex 7.18683 0.813172 0
      vertex 7.11104 0.729552 15.9332
      vertex 7.11104 0.729552 0
    endloop
  endfacet
  facet normal -0.941543 0.336892 0
    outer loop
      vertex 9.06246 -0.440085 14.4949
      vertex 9.10048 -0.333827 0
      vertex 9.06246 -0.440085 0
    endloop
  endfacet
  facet normal -0.941543 0.336892 0
    outer loop
      vertex 9.10048 -0.333827 0
      vertex 9.06246 -0.440085 14.4949
      vertex 9.10048 -0.333827 14.5624
    endloop
  endfacet
  facet normal -0.146741 0.989175 0
    outer loop
      vertex 8.11272 -1.14446 0
      vertex 8.22435 -1.1279 14.3162
      vertex 8.22435 -1.1279 0
    endloop
  endfacet
  facet normal -0.146741 0.989175 0
    outer loop
      vertex 8.22435 -1.1279 14.3162
      vertex 8.11272 -1.14446 0
      vertex 8.11272 -1.14446 14.3446
    endloop
  endfacet
  facet normal -0.857727 -0.514105 -0
    outer loop
      vertex 9.01421 0.542106 15.3127
      vertex 8.95619 0.638906 0
      vertex 9.01421 0.542106 0
    endloop
  endfacet
  facet normal -0.857727 -0.514105 0
    outer loop
      vertex 8.95619 0.638906 0
      vertex 9.01421 0.542106 15.3127
      vertex 8.95619 0.638906 15.4192
    endloop
  endfacet
  facet normal -0.941543 -0.336892 -0
    outer loop
      vertex 9.10048 0.333827 15.1024
      vertex 9.06246 0.440085 0
      vertex 9.10048 0.333827 0
    endloop
  endfacet
  facet normal -0.941543 -0.336892 0
    outer loop
      vertex 9.06246 0.440085 0
      vertex 9.10048 0.333827 15.1024
      vertex 9.06246 0.440085 15.2068
    endloop
  endfacet
  facet normal -0.671565 -0.740946 0
    outer loop
      vertex 8.72955 0.888962 0
      vertex 8.81317 0.813172 15.6178
      vertex 8.72955 0.888962 15.7081
    endloop
  endfacet
  facet normal -0.671565 -0.740946 -0
    outer loop
      vertex 8.81317 0.813172 15.6178
      vertex 8.72955 0.888962 0
      vertex 8.81317 0.813172 0
    endloop
  endfacet
  facet normal -0.970035 0.242967 0
    outer loop
      vertex 9.10048 -0.333827 14.5624
      vertex 9.1279 -0.224354 0
      vertex 9.10048 -0.333827 0
    endloop
  endfacet
  facet normal -0.970035 0.242967 0
    outer loop
      vertex 9.1279 -0.224354 0
      vertex 9.10048 -0.333827 14.5624
      vertex 9.1279 -0.224354 14.6377
    endloop
  endfacet
  facet normal -0.0490891 -0.998794 0
    outer loop
      vertex 8 1.15 0
      vertex 8.11272 1.14446 16.0871
      vertex 8 1.15 16.1116
    endloop
  endfacet
  facet normal -0.0490891 -0.998794 -0
    outer loop
      vertex 8.11272 1.14446 16.0871
      vertex 8 1.15 0
      vertex 8.11272 1.14446 0
    endloop
  endfacet
  facet normal 0.514111 -0.857723 0
    outer loop
      vertex 7.45789 1.01421 0
      vertex 7.36109 0.956189 16.0655
      vertex 7.36109 0.956189 0
    endloop
  endfacet
  facet normal 0.514111 -0.857723 0
    outer loop
      vertex 7.36109 0.956189 16.0655
      vertex 7.45789 1.01421 0
      vertex 7.45789 1.01421 16.096
    endloop
  endfacet
  facet normal -0.336886 -0.941545 0
    outer loop
      vertex 8.33383 1.10048 0
      vertex 8.44009 1.06246 15.9398
      vertex 8.33383 1.10048 15.9972
    endloop
  endfacet
  facet normal -0.336886 -0.941545 -0
    outer loop
      vertex 8.44009 1.06246 15.9398
      vertex 8.33383 1.10048 0
      vertex 8.44009 1.06246 0
    endloop
  endfacet
  facet normal 0.242942 -0.970041 0.000671959
    outer loop
      vertex 7.66617 1.10048 16.1346
      vertex 7.77565 1.1279 16.1364
      vertex 7.69144 1.10681 16.1364
    endloop
  endfacet
  facet normal 0.242953 -0.970038 0
    outer loop
      vertex 7.77565 1.1279 0
      vertex 7.66617 1.10048 16.1346
      vertex 7.66617 1.10048 0
    endloop
  endfacet
  facet normal 0.242953 -0.970038 0
    outer loop
      vertex 7.66617 1.10048 16.1346
      vertex 7.77565 1.1279 0
      vertex 7.77565 1.1279 16.1364
    endloop
  endfacet
  facet normal -0.989176 0.146736 0
    outer loop
      vertex 9.1279 -0.224354 14.6377
      vertex 9.14446 -0.11272 0
      vertex 9.1279 -0.224354 0
    endloop
  endfacet
  facet normal -0.989176 0.146736 0
    outer loop
      vertex 9.14446 -0.11272 0
      vertex 9.1279 -0.224354 14.6377
      vertex 9.14446 -0.11272 14.7199
    endloop
  endfacet
  facet normal -0.514111 0.857723 0
    outer loop
      vertex 8.63891 -0.956189 0
      vertex 8.54211 -1.01421 14.2828
      vertex 8.63891 -0.956189 14.2828
    endloop
  endfacet
  facet normal -0.514111 0.857723 0
    outer loop
      vertex 8.54211 -1.01421 14.2828
      vertex 8.63891 -0.956189 0
      vertex 8.54211 -1.01421 0
    endloop
  endfacet
  facet normal -0.857727 0.514105 0
    outer loop
      vertex 8.95619 -0.638906 14.3856
      vertex 9.01421 -0.542106 0
      vertex 8.95619 -0.638906 0
    endloop
  endfacet
  facet normal -0.857727 0.514105 0
    outer loop
      vertex 9.01421 -0.542106 0
      vertex 8.95619 -0.638906 14.3856
      vertex 9.01421 -0.542106 14.4358
    endloop
  endfacet
  facet normal -0.436744 -0.899405 -0.0180451
    outer loop
      vertex 8.44009 1.06246 15.9398
      vertex 8.54211 1.01421 15.8755
      vertex 8.54045 1.01499 15.8768
    endloop
  endfacet
  facet normal -0.427542 -0.903996 0
    outer loop
      vertex 8.44009 1.06246 0
      vertex 8.54211 1.01421 15.8755
      vertex 8.44009 1.06246 15.9398
    endloop
  endfacet
  facet normal -0.427542 -0.903996 -0
    outer loop
      vertex 8.54211 1.01421 15.8755
      vertex 8.44009 1.06246 0
      vertex 8.54211 1.01421 0
    endloop
  endfacet
  facet normal 0.941543 -0.336892 0
    outer loop
      vertex 6.89952 0.333827 15.6788
      vertex 6.93754 0.440085 0
      vertex 6.93754 0.440085 15.7486
    endloop
  endfacet
  facet normal 0.941543 -0.336892 0
    outer loop
      vertex 6.93754 0.440085 0
      vertex 6.89952 0.333827 15.6788
      vertex 6.89952 0.333827 0
    endloop
  endfacet
  facet normal -0.903997 0.427538 0
    outer loop
      vertex 9.01421 -0.542106 14.4358
      vertex 9.06246 -0.440085 0
      vertex 9.01421 -0.542106 0
    endloop
  endfacet
  facet normal -0.903997 0.427538 0
    outer loop
      vertex 9.06246 -0.440085 0
      vertex 9.01421 -0.542106 14.4358
      vertex 9.06246 -0.440085 14.4949
    endloop
  endfacet
  facet normal -0.242953 -0.970038 0
    outer loop
      vertex 8.22435 1.1279 0
      vertex 8.33383 1.10048 15.9972
      vertex 8.22435 1.1279 16.0475
    endloop
  endfacet
  facet normal -0.242953 -0.970038 -0
    outer loop
      vertex 8.33383 1.10048 15.9972
      vertex 8.22435 1.1279 0
      vertex 8.33383 1.10048 0
    endloop
  endfacet
  facet normal 0.96999 -0.243143 0
    outer loop
      vertex 6.89679 0.322936 15.6716
      vertex 6.89952 0.333827 0
      vertex 6.89952 0.333827 15.6788
    endloop
  endfacet
  facet normal 0.970039 -0.242948 1.4439e-07
    outer loop
      vertex 6.8721 0.224354 15.6054
      vertex 6.89952 0.333827 0
      vertex 6.89679 0.322936 15.6716
    endloop
  endfacet
  facet normal 0.970035 -0.242967 0
    outer loop
      vertex 6.89952 0.333827 0
      vertex 6.8721 0.224354 15.6054
      vertex 6.8721 0.224354 0
    endloop
  endfacet
  facet normal 0.671565 -0.740946 0
    outer loop
      vertex 7.27045 0.888962 0
      vertex 7.18683 0.813172 15.9837
      vertex 7.18683 0.813172 0
    endloop
  endfacet
  facet normal 0.671565 -0.740946 0
    outer loop
      vertex 7.18683 0.813172 15.9837
      vertex 7.27045 0.888962 0
      vertex 7.27045 0.888962 16.028
    endloop
  endfacet
  facet normal 0.852949 0.52181 -0.0138825
    outer loop
      vertex 7.04381 -0.638906 14.9851
      vertex 6.98579 -0.542106 15.0588
      vertex 7.04268 -0.637019 14.9866
    endloop
  endfacet
  facet normal 0.857727 0.514105 0
    outer loop
      vertex 6.98579 -0.542106 15.0588
      vertex 7.04381 -0.638906 14.9851
      vertex 6.98579 -0.542106 0
    endloop
  endfacet
  facet normal 0.857727 0.514105 0
    outer loop
      vertex 6.98579 -0.542106 0
      vertex 7.04381 -0.638906 14.9851
      vertex 7.04381 -0.638906 0
    endloop
  endfacet
  facet normal 0.0490891 -0.998794 0
    outer loop
      vertex 7.88728 1.14446 0
      vertex 8 1.15 16.1116
      vertex 7.88728 1.14446 16.1281
    endloop
  endfacet
  facet normal 0.0490891 -0.998794 0
    outer loop
      vertex 8 1.15 16.1116
      vertex 7.88728 1.14446 0
      vertex 8 1.15 0
    endloop
  endfacet
  facet normal -0.147082 -0.989124 -0.000980544
    outer loop
      vertex 8.11272 1.14446 16.0871
      vertex 8.22435 1.1279 16.0475
      vertex 8.14668 1.13942 16.0772
    endloop
  endfacet
  facet normal -0.146741 -0.989175 0
    outer loop
      vertex 8.11272 1.14446 0
      vertex 8.22435 1.1279 16.0475
      vertex 8.11272 1.14446 16.0871
    endloop
  endfacet
  facet normal -0.146741 -0.989175 -0
    outer loop
      vertex 8.22435 1.1279 16.0475
      vertex 8.11272 1.14446 0
      vertex 8.22435 1.1279 0
    endloop
  endfacet
  facet normal 0.740946 0.671565 0
    outer loop
      vertex 7.18683 -0.813172 14.8323
      vertex 7.11104 -0.729552 0
      vertex 7.11104 -0.729552 14.9069
    endloop
  endfacet
  facet normal 0.740946 0.671565 0
    outer loop
      vertex 7.11104 -0.729552 0
      vertex 7.18683 -0.813172 14.8323
      vertex 7.18683 -0.813172 0
    endloop
  endfacet
  facet normal 0.595721 0.803191 0
    outer loop
      vertex 7.27045 -0.888962 0
      vertex 7.36109 -0.956189 14.6966
      vertex 7.36109 -0.956189 0
    endloop
  endfacet
  facet normal 0.595721 0.803191 0
    outer loop
      vertex 7.36109 -0.956189 14.6966
      vertex 7.27045 -0.888962 0
      vertex 7.27045 -0.888962 14.762
    endloop
  endfacet
  facet normal 0.989176 0.146736 0
    outer loop
      vertex 6.8721 -0.224354 15.2923
      vertex 6.85554 -0.11272 0
      vertex 6.85554 -0.11272 15.3719
    endloop
  endfacet
  facet normal 0.989176 0.146736 0
    outer loop
      vertex 6.85554 -0.11272 0
      vertex 6.8721 -0.224354 15.2923
      vertex 6.8721 -0.224354 0
    endloop
  endfacet
  facet normal 0.427542 -0.903996 0
    outer loop
      vertex 7.55991 1.06246 0
      vertex 7.45789 1.01421 16.096
      vertex 7.45789 1.01421 0
    endloop
  endfacet
  facet normal 0.427542 -0.903996 0
    outer loop
      vertex 7.45789 1.01421 16.096
      vertex 7.55991 1.06246 0
      vertex 7.55991 1.06246 16.1191
    endloop
  endfacet
  facet normal 0.803198 0.595713 0
    outer loop
      vertex 7.11104 -0.729552 14.9069
      vertex 7.04381 -0.638906 0
      vertex 7.04381 -0.638906 14.9851
    endloop
  endfacet
  facet normal 0.803198 0.595713 0
    outer loop
      vertex 7.04381 -0.638906 0
      vertex 7.11104 -0.729552 14.9069
      vertex 7.11104 -0.729552 0
    endloop
  endfacet
  facet normal 0.998794 0.0490891 0
    outer loop
      vertex 6.85554 -0.11272 15.3719
      vertex 6.85 0 0
      vertex 6.85 0 15.4511
    endloop
  endfacet
  facet normal 0.998794 0.0490891 0
    outer loop
      vertex 6.85 0 0
      vertex 6.85554 -0.11272 15.3719
      vertex 6.85554 -0.11272 0
    endloop
  endfacet
  facet normal 0.427542 0.903996 0
    outer loop
      vertex 7.45789 -1.01421 0
      vertex 7.55991 -1.06246 14.5723
      vertex 7.55991 -1.06246 0
    endloop
  endfacet
  facet normal 0.427542 0.903996 0
    outer loop
      vertex 7.55991 -1.06246 14.5723
      vertex 7.45789 -1.01421 0
      vertex 7.45789 -1.01421 14.6364
    endloop
  endfacet
  facet normal -0.595721 0.803191 0
    outer loop
      vertex 8.72955 -0.888962 0
      vertex 8.63891 -0.956189 14.2828
      vertex 8.72955 -0.888962 14.2932
    endloop
  endfacet
  facet normal -0.595721 0.803191 0
    outer loop
      vertex 8.63891 -0.956189 14.2828
      vertex 8.72955 -0.888962 0
      vertex 8.63891 -0.956189 0
    endloop
  endfacet
  facet normal 0.803198 -0.595713 0
    outer loop
      vertex 7.04381 0.638906 15.8769
      vertex 7.11104 0.729552 0
      vertex 7.11104 0.729552 15.9332
    endloop
  endfacet
  facet normal 0.803198 -0.595713 0
    outer loop
      vertex 7.11104 0.729552 0
      vertex 7.04381 0.638906 15.8769
      vertex 7.04381 0.638906 0
    endloop
  endfacet
  facet normal -0.740946 -0.671565 -0
    outer loop
      vertex 8.88896 0.729552 15.5243
      vertex 8.81317 0.813172 0
      vertex 8.88896 0.729552 0
    endloop
  endfacet
  facet normal -0.740946 -0.671565 0
    outer loop
      vertex 8.81317 0.813172 0
      vertex 8.88896 0.729552 15.5243
      vertex 8.81317 0.813172 15.6178
    endloop
  endfacet
  facet normal 0.903997 -0.427538 0
    outer loop
      vertex 6.93754 0.440085 15.7486
      vertex 6.98579 0.542106 0
      vertex 6.98579 0.542106 15.8151
    endloop
  endfacet
  facet normal 0.903997 -0.427538 0
    outer loop
      vertex 6.98579 0.542106 0
      vertex 6.93754 0.440085 15.7486
      vertex 6.93754 0.440085 0
    endloop
  endfacet
  facet normal 0.049229 0.998787 0.000396376
    outer loop
      vertex 8 -1.15 14.382
      vertex 7.88728 -1.14446 14.4219
      vertex 7.9485 -1.14747 14.4031
    endloop
  endfacet
  facet normal 0.0490891 0.998794 0
    outer loop
      vertex 7.88728 -1.14446 0
      vertex 8 -1.15 14.382
      vertex 8 -1.15 0
    endloop
  endfacet
  facet normal 0.0490891 0.998794 0
    outer loop
      vertex 8 -1.15 14.382
      vertex 7.88728 -1.14446 0
      vertex 7.88728 -1.14446 14.4219
    endloop
  endfacet
  facet normal 0.998794 -0.0490891 0
    outer loop
      vertex 6.85 0 15.4511
      vertex 6.85554 0.11272 0
      vertex 6.85554 0.11272 15.5292
    endloop
  endfacet
  facet normal 0.998794 -0.0490891 0
    outer loop
      vertex 6.85554 0.11272 0
      vertex 6.85 0 15.4511
      vertex 6.85 0 0
    endloop
  endfacet
  facet normal 0.336886 0.941545 0
    outer loop
      vertex 7.55991 -1.06246 0
      vertex 7.66617 -1.10048 14.5149
      vertex 7.66617 -1.10048 0
    endloop
  endfacet
  facet normal 0.336886 0.941545 0
    outer loop
      vertex 7.66617 -1.10048 14.5149
      vertex 7.55991 -1.06246 0
      vertex 7.55991 -1.06246 14.5723
    endloop
  endfacet
  facet normal 0.671565 0.740946 0
    outer loop
      vertex 7.18683 -0.813172 0
      vertex 7.27045 -0.888962 14.762
      vertex 7.27045 -0.888962 0
    endloop
  endfacet
  facet normal 0.671565 0.740946 0
    outer loop
      vertex 7.27045 -0.888962 14.762
      vertex 7.18683 -0.813172 0
      vertex 7.18683 -0.813172 14.8323
    endloop
  endfacet
  facet normal -0.740946 0.671565 0
    outer loop
      vertex 8.81317 -0.813172 14.314
      vertex 8.88896 -0.729552 0
      vertex 8.81317 -0.813172 0
    endloop
  endfacet
  facet normal -0.740946 0.671565 0
    outer loop
      vertex 8.88896 -0.729552 0
      vertex 8.81317 -0.813172 14.314
      vertex 8.88896 -0.729552 14.3449
    endloop
  endfacet
  facet normal -0.671565 0.740946 0
    outer loop
      vertex 8.81317 -0.813172 0
      vertex 8.72955 -0.888962 14.2932
      vertex 8.81317 -0.813172 14.314
    endloop
  endfacet
  facet normal -0.671565 0.740946 0
    outer loop
      vertex 8.72955 -0.888962 14.2932
      vertex 8.81317 -0.813172 0
      vertex 8.72955 -0.888962 0
    endloop
  endfacet
  facet normal 0.146736 -0.989176 0
    outer loop
      vertex -0.224354 9.1279 19
      vertex -0.11272 9.14446 15.6445
      vertex -0.11272 9.14446 19
    endloop
  endfacet
  facet normal 0.146737 -0.989175 4.02362e-08
    outer loop
      vertex -0.224354 9.1279 19
      vertex -0.161728 9.13719 15.6421
      vertex -0.11272 9.14446 15.6445
    endloop
  endfacet
  facet normal 0.146735 -0.989176 0
    outer loop
      vertex -0.161728 9.13719 15.6421
      vertex -0.224354 9.1279 19
      vertex -0.224354 9.1279 15.6328
    endloop
  endfacet
  facet normal 0.146735 -0.989176 0
    outer loop
      vertex -0.224354 9.1279 0
      vertex -0.161728 9.13719 12.3579
      vertex -0.224354 9.1279 12.3672
    endloop
  endfacet
  facet normal 0.146737 -0.989175 -1.09403e-08
    outer loop
      vertex -0.224354 9.1279 0
      vertex -0.11272 9.14446 12.3555
      vertex -0.161728 9.13719 12.3579
    endloop
  endfacet
  facet normal 0.146736 -0.989176 0
    outer loop
      vertex -0.11272 9.14446 12.3555
      vertex -0.224354 9.1279 0
      vertex -0.11272 9.14446 0
    endloop
  endfacet
  facet normal 0.0490891 -0.998794 0
    outer loop
      vertex -0.11272 9.14446 19
      vertex 0 9.15 15.65
      vertex 0 9.15 19
    endloop
  endfacet
  facet normal 0.0490891 -0.998794 0
    outer loop
      vertex 0 9.15 15.65
      vertex -0.11272 9.14446 19
      vertex -0.11272 9.14446 15.6445
    endloop
  endfacet
  facet normal 0.0490891 -0.998794 0
    outer loop
      vertex -0.11272 9.14446 0
      vertex 0 9.15 12.35
      vertex -0.11272 9.14446 12.3555
    endloop
  endfacet
  facet normal 0.0490891 -0.998794 0
    outer loop
      vertex 0 9.15 12.35
      vertex -0.11272 9.14446 0
      vertex 0 9.15 0
    endloop
  endfacet
  facet normal 0.242967 -0.970035 0
    outer loop
      vertex -0.333827 9.10048 19
      vertex -0.224354 9.1279 15.6328
      vertex -0.224354 9.1279 19
    endloop
  endfacet
  facet normal 0.242948 -0.970039 -6.79215e-07
    outer loop
      vertex -0.333827 9.10048 19
      vertex -0.321898 9.10347 15.6183
      vertex -0.224354 9.1279 15.6328
    endloop
  endfacet
  facet normal 0.243129 -0.969994 0
    outer loop
      vertex -0.321898 9.10347 15.6183
      vertex -0.333827 9.10048 19
      vertex -0.333827 9.10048 15.6153
    endloop
  endfacet
  facet normal 0.243129 -0.969994 0
    outer loop
      vertex -0.333827 9.10048 0
      vertex -0.321898 9.10347 12.3817
      vertex -0.333827 9.10048 12.3847
    endloop
  endfacet
  facet normal 0.242947 -0.970039 1.85578e-07
    outer loop
      vertex -0.333827 9.10048 0
      vertex -0.224354 9.1279 12.3672
      vertex -0.321898 9.10347 12.3817
    endloop
  endfacet
  facet normal 0.242967 -0.970035 0
    outer loop
      vertex -0.224354 9.1279 12.3672
      vertex -0.333827 9.10048 0
      vertex -0.224354 9.1279 0
    endloop
  endfacet
  facet normal -0.336892 0.941543 0
    outer loop
      vertex 0.440085 6.93754 19
      vertex 0.333827 6.89952 15.6153
      vertex 0.333827 6.89952 19
    endloop
  endfacet
  facet normal -0.336892 0.941543 0
    outer loop
      vertex 0.333827 6.89952 15.6153
      vertex 0.440085 6.93754 19
      vertex 0.440085 6.93754 15.5887
    endloop
  endfacet
  facet normal -0.336892 0.941543 0
    outer loop
      vertex 0.440085 6.93754 0
      vertex 0.333827 6.89952 12.3847
      vertex 0.440085 6.93754 12.4113
    endloop
  endfacet
  facet normal -0.336892 0.941543 0
    outer loop
      vertex 0.333827 6.89952 12.3847
      vertex 0.440085 6.93754 0
      vertex 0.333827 6.89952 0
    endloop
  endfacet
  facet normal -0.941545 -0.336886 -0
    outer loop
      vertex 1.10048 8.33383 19
      vertex 1.06246 8.44009 15.2612
      vertex 1.10048 8.33383 15.2268
    endloop
  endfacet
  facet normal -0.941545 -0.336886 0
    outer loop
      vertex 1.06246 8.44009 15.2612
      vertex 1.10048 8.33383 19
      vertex 1.06246 8.44009 19
    endloop
  endfacet
  facet normal -0.941545 -0.336886 0
    outer loop
      vertex 1.10048 8.33383 0
      vertex 1.06246 8.44009 12.7388
      vertex 1.06246 8.44009 0
    endloop
  endfacet
  facet normal -0.941545 -0.336886 0
    outer loop
      vertex 1.06246 8.44009 12.7388
      vertex 1.10048 8.33383 0
      vertex 1.10048 8.33383 12.7732
    endloop
  endfacet
  facet normal 0.857723 -0.514111 0
    outer loop
      vertex -1.01421 8.54211 19
      vertex -0.956189 8.63891 15.3426
      vertex -0.956189 8.63891 19
    endloop
  endfacet
  facet normal 0.857723 -0.514111 0
    outer loop
      vertex -0.956189 8.63891 15.3426
      vertex -1.01421 8.54211 19
      vertex -1.01421 8.54211 15.2996
    endloop
  endfacet
  facet normal 0.857723 -0.514111 0
    outer loop
      vertex -1.01421 8.54211 0
      vertex -0.956189 8.63891 12.6574
      vertex -1.01421 8.54211 12.7004
    endloop
  endfacet
  facet normal 0.857723 -0.514111 0
    outer loop
      vertex -0.956189 8.63891 12.6574
      vertex -1.01421 8.54211 0
      vertex -0.956189 8.63891 0
    endloop
  endfacet
  facet normal -0.903989 -0.427555 -4.60002e-07
    outer loop
      vertex 1.06246 8.44009 19
      vertex 1.01421 8.54211 15.2996
      vertex 1.04675 8.47331 15.2755
    endloop
  endfacet
  facet normal -0.904009 -0.427513 -0
    outer loop
      vertex 1.06246 8.44009 19
      vertex 1.04675 8.47331 15.2755
      vertex 1.06246 8.44009 15.2612
    endloop
  endfacet
  facet normal -0.903996 -0.427542 0
    outer loop
      vertex 1.01421 8.54211 15.2996
      vertex 1.06246 8.44009 19
      vertex 1.01421 8.54211 19
    endloop
  endfacet
  facet normal -0.903996 -0.427542 0
    outer loop
      vertex 1.06246 8.44009 0
      vertex 1.01421 8.54211 12.7004
      vertex 1.01421 8.54211 0
    endloop
  endfacet
  facet normal -0.903989 -0.427555 1.34941e-07
    outer loop
      vertex 1.01421 8.54211 12.7004
      vertex 1.06246 8.44009 0
      vertex 1.04675 8.47331 12.7245
    endloop
  endfacet
  facet normal -0.904009 -0.427513 0
    outer loop
      vertex 1.04675 8.47331 12.7245
      vertex 1.06246 8.44009 0
      vertex 1.06246 8.44009 12.7388
    endloop
  endfacet
  facet normal -0.970038 -0.242953 -0
    outer loop
      vertex 1.1279 8.22435 19
      vertex 1.10048 8.33383 15.2268
      vertex 1.1279 8.22435 15.2019
    endloop
  endfacet
  facet normal -0.970038 -0.242953 0
    outer loop
      vertex 1.10048 8.33383 15.2268
      vertex 1.1279 8.22435 19
      vertex 1.10048 8.33383 19
    endloop
  endfacet
  facet normal -0.970038 -0.242953 0
    outer loop
      vertex 1.1279 8.22435 0
      vertex 1.10048 8.33383 12.7732
      vertex 1.10048 8.33383 0
    endloop
  endfacet
  facet normal -0.970038 -0.242953 0
    outer loop
      vertex 1.10048 8.33383 12.7732
      vertex 1.1279 8.22435 0
      vertex 1.1279 8.22435 12.7981
    endloop
  endfacet
  facet normal 0.904009 0.427513 0
    outer loop
      vertex -1.06246 7.55991 19
      vertex -1.04675 7.52669 15.2755
      vertex -1.06246 7.55991 15.2612
    endloop
  endfacet
  facet normal 0.903996 0.427542 -0
    outer loop
      vertex -1.01421 7.45789 15.2996
      vertex -1.06246 7.55991 19
      vertex -1.01421 7.45789 19
    endloop
  endfacet
  facet normal 0.903989 0.427555 -4.60002e-07
    outer loop
      vertex -1.06246 7.55991 19
      vertex -1.01421 7.45789 15.2996
      vertex -1.04675 7.52669 15.2755
    endloop
  endfacet
  facet normal 0.904009 0.427513 0
    outer loop
      vertex -1.04675 7.52669 12.7245
      vertex -1.06246 7.55991 0
      vertex -1.06246 7.55991 12.7388
    endloop
  endfacet
  facet normal 0.903989 0.427555 1.34941e-07
    outer loop
      vertex -1.01421 7.45789 12.7004
      vertex -1.06246 7.55991 0
      vertex -1.04675 7.52669 12.7245
    endloop
  endfacet
  facet normal 0.903996 0.427542 0
    outer loop
      vertex -1.06246 7.55991 0
      vertex -1.01421 7.45789 12.7004
      vertex -1.01421 7.45789 0
    endloop
  endfacet
  facet normal 0.803171 0.595749 0
    outer loop
      vertex -0.956189 7.36109 19
      vertex -0.916691 7.30784 15.3719
      vertex -0.956189 7.36109 15.3426
    endloop
  endfacet
  facet normal 0.803191 0.595721 -0
    outer loop
      vertex -0.888962 7.27045 15.3885
      vertex -0.956189 7.36109 19
      vertex -0.888962 7.27045 19
    endloop
  endfacet
  facet normal 0.803221 0.595682 1.53522e-06
    outer loop
      vertex -0.956189 7.36109 19
      vertex -0.888962 7.27045 15.3885
      vertex -0.916691 7.30784 15.3719
    endloop
  endfacet
  facet normal 0.803171 0.595749 0
    outer loop
      vertex -0.916691 7.30784 12.6281
      vertex -0.956189 7.36109 0
      vertex -0.956189 7.36109 12.6574
    endloop
  endfacet
  facet normal 0.803221 0.595681 -4.43118e-07
    outer loop
      vertex -0.888962 7.27045 12.6115
      vertex -0.956189 7.36109 0
      vertex -0.916691 7.30784 12.6281
    endloop
  endfacet
  facet normal 0.803191 0.595721 0
    outer loop
      vertex -0.956189 7.36109 0
      vertex -0.888962 7.27045 12.6115
      vertex -0.888962 7.27045 0
    endloop
  endfacet
  facet normal -0.998794 -0.0490891 -0
    outer loop
      vertex 1.15 8 19
      vertex 1.14446 8.11272 15.1869
      vertex 1.15 8 15.1819
    endloop
  endfacet
  facet normal -0.998794 -0.0490891 0
    outer loop
      vertex 1.14446 8.11272 15.1869
      vertex 1.15 8 19
      vertex 1.14446 8.11272 19
    endloop
  endfacet
  facet normal -0.998794 -0.0490891 0
    outer loop
      vertex 1.15 8 0
      vertex 1.14446 8.11272 12.8131
      vertex 1.14446 8.11272 0
    endloop
  endfacet
  facet normal -0.998794 -0.0490891 0
    outer loop
      vertex 1.14446 8.11272 12.8131
      vertex 1.15 8 0
      vertex 1.15 8 12.8181
    endloop
  endfacet
  facet normal -0.857723 0.514111 0
    outer loop
      vertex 0.956189 7.36109 15.3426
      vertex 1.01421 7.45789 19
      vertex 1.01421 7.45789 15.2996
    endloop
  endfacet
  facet normal -0.857723 0.514111 0
    outer loop
      vertex 1.01421 7.45789 19
      vertex 0.956189 7.36109 15.3426
      vertex 0.956189 7.36109 19
    endloop
  endfacet
  facet normal -0.857723 0.514111 0
    outer loop
      vertex 0.956189 7.36109 12.6574
      vertex 1.01421 7.45789 0
      vertex 0.956189 7.36109 0
    endloop
  endfacet
  facet normal -0.857723 0.514111 0
    outer loop
      vertex 1.01421 7.45789 0
      vertex 0.956189 7.36109 12.6574
      vertex 1.01421 7.45789 12.7004
    endloop
  endfacet
  facet normal 0.146736 0.989176 -0
    outer loop
      vertex -0.11272 6.85554 15.6445
      vertex -0.224354 6.8721 19
      vertex -0.11272 6.85554 19
    endloop
  endfacet
  facet normal 0.146737 0.989175 4.02362e-08
    outer loop
      vertex -0.161728 6.86281 15.6421
      vertex -0.224354 6.8721 19
      vertex -0.11272 6.85554 15.6445
    endloop
  endfacet
  facet normal 0.146735 0.989176 0
    outer loop
      vertex -0.224354 6.8721 19
      vertex -0.161728 6.86281 15.6421
      vertex -0.224354 6.8721 15.6328
    endloop
  endfacet
  facet normal 0.146736 0.989176 0
    outer loop
      vertex -0.224354 6.8721 0
      vertex -0.11272 6.85554 12.3555
      vertex -0.11272 6.85554 0
    endloop
  endfacet
  facet normal 0.146737 0.989175 -1.09403e-08
    outer loop
      vertex -0.11272 6.85554 12.3555
      vertex -0.224354 6.8721 0
      vertex -0.161728 6.86281 12.3579
    endloop
  endfacet
  facet normal 0.146735 0.989176 0
    outer loop
      vertex -0.161728 6.86281 12.3579
      vertex -0.224354 6.8721 0
      vertex -0.224354 6.8721 12.3672
    endloop
  endfacet
  facet normal 0.427538 -0.903997 0
    outer loop
      vertex -0.542106 9.01421 19
      vertex -0.440085 9.06246 15.5887
      vertex -0.440085 9.06246 19
    endloop
  endfacet
  facet normal 0.427532 -0.904 -2.37165e-07
    outer loop
      vertex -0.542106 9.01421 19
      vertex -0.47897 9.04407 15.579
      vertex -0.440085 9.06246 15.5887
    endloop
  endfacet
  facet normal 0.427542 -0.903995 0
    outer loop
      vertex -0.47897 9.04407 15.579
      vertex -0.542106 9.01421 19
      vertex -0.542106 9.01421 15.5564
    endloop
  endfacet
  facet normal 0.427542 -0.903995 0
    outer loop
      vertex -0.542106 9.01421 0
      vertex -0.47897 9.04407 12.421
      vertex -0.542106 9.01421 12.4436
    endloop
  endfacet
  facet normal 0.427532 -0.904 6.55378e-08
    outer loop
      vertex -0.542106 9.01421 0
      vertex -0.440085 9.06246 12.4113
      vertex -0.47897 9.04407 12.421
    endloop
  endfacet
  facet normal 0.427538 -0.903997 0
    outer loop
      vertex -0.440085 9.06246 12.4113
      vertex -0.542106 9.01421 0
      vertex -0.440085 9.06246 0
    endloop
  endfacet
  facet normal -0.989175 0.146741 0
    outer loop
      vertex 1.1279 7.77565 15.2019
      vertex 1.14446 7.88728 19
      vertex 1.14446 7.88728 15.1869
    endloop
  endfacet
  facet normal -0.989175 0.146741 0
    outer loop
      vertex 1.14446 7.88728 19
      vertex 1.1279 7.77565 15.2019
      vertex 1.1279 7.77565 19
    endloop
  endfacet
  facet normal -0.989175 0.146741 0
    outer loop
      vertex 1.1279 7.77565 12.7981
      vertex 1.14446 7.88728 0
      vertex 1.1279 7.77565 0
    endloop
  endfacet
  facet normal -0.989175 0.146741 0
    outer loop
      vertex 1.14446 7.88728 0
      vertex 1.1279 7.77565 12.7981
      vertex 1.14446 7.88728 12.8131
    endloop
  endfacet
  facet normal -0.970038 0.242953 0
    outer loop
      vertex 1.10048 7.66617 15.2268
      vertex 1.1279 7.77565 19
      vertex 1.1279 7.77565 15.2019
    endloop
  endfacet
  facet normal -0.970038 0.242953 0
    outer loop
      vertex 1.1279 7.77565 19
      vertex 1.10048 7.66617 15.2268
      vertex 1.10048 7.66617 19
    endloop
  endfacet
  facet normal -0.970038 0.242953 0
    outer loop
      vertex 1.10048 7.66617 12.7732
      vertex 1.1279 7.77565 0
      vertex 1.10048 7.66617 0
    endloop
  endfacet
  facet normal -0.970038 0.242953 0
    outer loop
      vertex 1.1279 7.77565 0
      vertex 1.10048 7.66617 12.7732
      vertex 1.1279 7.77565 12.7981
    endloop
  endfacet
  facet normal 0.803191 -0.595721 0
    outer loop
      vertex -0.956189 8.63891 19
      vertex -0.888962 8.72955 15.3885
      vertex -0.888962 8.72955 19
    endloop
  endfacet
  facet normal 0.803221 -0.595682 1.53522e-06
    outer loop
      vertex -0.888962 8.72955 15.3885
      vertex -0.956189 8.63891 19
      vertex -0.916691 8.69216 15.3719
    endloop
  endfacet
  facet normal 0.803171 -0.595749 0
    outer loop
      vertex -0.916691 8.69216 15.3719
      vertex -0.956189 8.63891 19
      vertex -0.956189 8.63891 15.3426
    endloop
  endfacet
  facet normal 0.803221 -0.595681 -4.43118e-07
    outer loop
      vertex -0.956189 8.63891 0
      vertex -0.888962 8.72955 12.6115
      vertex -0.916691 8.69216 12.6281
    endloop
  endfacet
  facet normal 0.803171 -0.595749 0
    outer loop
      vertex -0.956189 8.63891 0
      vertex -0.916691 8.69216 12.6281
      vertex -0.956189 8.63891 12.6574
    endloop
  endfacet
  facet normal 0.803191 -0.595721 0
    outer loop
      vertex -0.888962 8.72955 12.6115
      vertex -0.956189 8.63891 0
      vertex -0.888962 8.72955 0
    endloop
  endfacet
  facet normal 0.989175 0.146741 -0
    outer loop
      vertex -1.1279 7.77565 15.2019
      vertex -1.14446 7.88728 19
      vertex -1.1279 7.77565 19
    endloop
  endfacet
  facet normal 0.989175 0.146741 0
    outer loop
      vertex -1.14446 7.88728 19
      vertex -1.1279 7.77565 15.2019
      vertex -1.14446 7.88728 15.1869
    endloop
  endfacet
  facet normal 0.989175 0.146741 0
    outer loop
      vertex -1.1279 7.77565 12.7981
      vertex -1.14446 7.88728 0
      vertex -1.14446 7.88728 12.8131
    endloop
  endfacet
  facet normal 0.989175 0.146741 0
    outer loop
      vertex -1.14446 7.88728 0
      vertex -1.1279 7.77565 12.7981
      vertex -1.1279 7.77565 0
    endloop
  endfacet
  facet normal -0.427538 0.903997 0
    outer loop
      vertex 0.542106 6.98579 19
      vertex 0.440085 6.93754 15.5887
      vertex 0.440085 6.93754 19
    endloop
  endfacet
  facet normal -0.427532 0.904 -2.37165e-07
    outer loop
      vertex 0.542106 6.98579 19
      vertex 0.47897 6.95593 15.579
      vertex 0.440085 6.93754 15.5887
    endloop
  endfacet
  facet normal -0.427542 0.903995 0
    outer loop
      vertex 0.47897 6.95593 15.579
      vertex 0.542106 6.98579 19
      vertex 0.542106 6.98579 15.5564
    endloop
  endfacet
  facet normal -0.427542 0.903995 0
    outer loop
      vertex 0.542106 6.98579 0
      vertex 0.47897 6.95593 12.421
      vertex 0.542106 6.98579 12.4436
    endloop
  endfacet
  facet normal -0.427532 0.904 6.55378e-08
    outer loop
      vertex 0.542106 6.98579 0
      vertex 0.440085 6.93754 12.4113
      vertex 0.47897 6.95593 12.421
    endloop
  endfacet
  facet normal -0.427538 0.903997 0
    outer loop
      vertex 0.440085 6.93754 12.4113
      vertex 0.542106 6.98579 0
      vertex 0.440085 6.93754 0
    endloop
  endfacet
  facet normal 0.595713 -0.803198 0
    outer loop
      vertex -0.729552 8.88896 19
      vertex -0.638906 8.95619 15.5209
      vertex -0.638906 8.95619 19
    endloop
  endfacet
  facet normal 0.595713 -0.803198 0
    outer loop
      vertex -0.638906 8.95619 15.5209
      vertex -0.729552 8.88896 19
      vertex -0.729552 8.88896 15.478
    endloop
  endfacet
  facet normal 0.595713 -0.803198 0
    outer loop
      vertex -0.729552 8.88896 0
      vertex -0.638906 8.95619 12.4791
      vertex -0.729552 8.88896 12.522
    endloop
  endfacet
  facet normal 0.595713 -0.803198 0
    outer loop
      vertex -0.638906 8.95619 12.4791
      vertex -0.729552 8.88896 0
      vertex -0.638906 8.95619 0
    endloop
  endfacet
  facet normal 0.998794 0.0490891 -0
    outer loop
      vertex -1.14446 7.88728 15.1869
      vertex -1.15 8 19
      vertex -1.14446 7.88728 19
    endloop
  endfacet
  facet normal 0.998794 0.0490891 0
    outer loop
      vertex -1.15 8 19
      vertex -1.14446 7.88728 15.1869
      vertex -1.15 8 15.1819
    endloop
  endfacet
  facet normal 0.998794 0.0490891 0
    outer loop
      vertex -1.14446 7.88728 12.8131
      vertex -1.15 8 0
      vertex -1.15 8 12.8181
    endloop
  endfacet
  facet normal 0.998794 0.0490891 0
    outer loop
      vertex -1.15 8 0
      vertex -1.14446 7.88728 12.8131
      vertex -1.14446 7.88728 0
    endloop
  endfacet
  facet normal -0.242967 0.970035 0
    outer loop
      vertex 0.333827 6.89952 19
      vertex 0.224354 6.8721 15.6328
      vertex 0.224354 6.8721 19
    endloop
  endfacet
  facet normal -0.242948 0.970039 -6.79215e-07
    outer loop
      vertex 0.333827 6.89952 19
      vertex 0.321898 6.89653 15.6183
      vertex 0.224354 6.8721 15.6328
    endloop
  endfacet
  facet normal -0.243129 0.969994 0
    outer loop
      vertex 0.321898 6.89653 15.6183
      vertex 0.333827 6.89952 19
      vertex 0.333827 6.89952 15.6153
    endloop
  endfacet
  facet normal -0.243129 0.969994 0
    outer loop
      vertex 0.333827 6.89952 0
      vertex 0.321898 6.89653 12.3817
      vertex 0.333827 6.89952 12.3847
    endloop
  endfacet
  facet normal -0.242947 0.970039 1.85578e-07
    outer loop
      vertex 0.333827 6.89952 0
      vertex 0.224354 6.8721 12.3672
      vertex 0.321898 6.89653 12.3817
    endloop
  endfacet
  facet normal -0.242967 0.970035 0
    outer loop
      vertex 0.224354 6.8721 12.3672
      vertex 0.333827 6.89952 0
      vertex 0.224354 6.8721 0
    endloop
  endfacet
  facet normal 0.740946 0.671565 -0
    outer loop
      vertex -0.813172 7.18683 15.434
      vertex -0.888962 7.27045 19
      vertex -0.813172 7.18683 19
    endloop
  endfacet
  facet normal 0.740946 0.671565 0
    outer loop
      vertex -0.888962 7.27045 19
      vertex -0.813172 7.18683 15.434
      vertex -0.888962 7.27045 15.3885
    endloop
  endfacet
  facet normal 0.740946 0.671565 0
    outer loop
      vertex -0.813172 7.18683 12.566
      vertex -0.888962 7.27045 0
      vertex -0.888962 7.27045 12.6115
    endloop
  endfacet
  facet normal 0.740946 0.671565 0
    outer loop
      vertex -0.888962 7.27045 0
      vertex -0.813172 7.18683 12.566
      vertex -0.813172 7.18683 0
    endloop
  endfacet
  facet normal 0.671565 0.740946 -0
    outer loop
      vertex -0.729552 7.11104 15.478
      vertex -0.813172 7.18683 19
      vertex -0.729552 7.11104 19
    endloop
  endfacet
  facet normal 0.671533 0.740974 -1.36458e-06
    outer loop
      vertex -0.777804 7.15477 15.4552
      vertex -0.813172 7.18683 19
      vertex -0.729552 7.11104 15.478
    endloop
  endfacet
  facet normal 0.671609 0.740906 0
    outer loop
      vertex -0.813172 7.18683 19
      vertex -0.777804 7.15477 15.4552
      vertex -0.813172 7.18683 15.434
    endloop
  endfacet
  facet normal 0.671565 0.740946 0
    outer loop
      vertex -0.813172 7.18683 0
      vertex -0.729552 7.11104 12.522
      vertex -0.729552 7.11104 0
    endloop
  endfacet
  facet normal 0.671533 0.740974 3.86894e-07
    outer loop
      vertex -0.729552 7.11104 12.522
      vertex -0.813172 7.18683 0
      vertex -0.777804 7.15477 12.5448
    endloop
  endfacet
  facet normal 0.671609 0.740906 0
    outer loop
      vertex -0.777804 7.15477 12.5448
      vertex -0.813172 7.18683 0
      vertex -0.813172 7.18683 12.566
    endloop
  endfacet
  facet normal -0.242967 -0.970035 0
    outer loop
      vertex 0.224354 9.1279 15.6328
      vertex 0.333827 9.10048 19
      vertex 0.224354 9.1279 19
    endloop
  endfacet
  facet normal -0.242948 -0.970039 -6.79215e-07
    outer loop
      vertex 0.321898 9.10347 15.6183
      vertex 0.333827 9.10048 19
      vertex 0.224354 9.1279 15.6328
    endloop
  endfacet
  facet normal -0.243129 -0.969994 -0
    outer loop
      vertex 0.333827 9.10048 19
      vertex 0.321898 9.10347 15.6183
      vertex 0.333827 9.10048 15.6153
    endloop
  endfacet
  facet normal -0.242967 -0.970035 0
    outer loop
      vertex 0.333827 9.10048 0
      vertex 0.224354 9.1279 12.3672
      vertex 0.224354 9.1279 0
    endloop
  endfacet
  facet normal -0.242947 -0.970039 1.85578e-07
    outer loop
      vertex 0.224354 9.1279 12.3672
      vertex 0.333827 9.10048 0
      vertex 0.321898 9.10347 12.3817
    endloop
  endfacet
  facet normal -0.243129 -0.969994 0
    outer loop
      vertex 0.321898 9.10347 12.3817
      vertex 0.333827 9.10048 0
      vertex 0.333827 9.10048 12.3847
    endloop
  endfacet
  facet normal 0.514105 0.857727 -0
    outer loop
      vertex -0.542106 6.98579 15.5564
      vertex -0.638906 7.04381 19
      vertex -0.542106 6.98579 19
    endloop
  endfacet
  facet normal 0.514124 0.857716 7.38719e-07
    outer loop
      vertex -0.631427 7.03933 15.5244
      vertex -0.638906 7.04381 19
      vertex -0.542106 6.98579 15.5564
    endloop
  endfacet
  facet normal 0.513871 0.857867 0
    outer loop
      vertex -0.638906 7.04381 19
      vertex -0.631427 7.03933 15.5244
      vertex -0.638906 7.04381 15.5209
    endloop
  endfacet
  facet normal 0.514105 0.857727 0
    outer loop
      vertex -0.638906 7.04381 0
      vertex -0.542106 6.98579 12.4436
      vertex -0.542106 6.98579 0
    endloop
  endfacet
  facet normal 0.514124 0.857716 -2.05915e-07
    outer loop
      vertex -0.542106 6.98579 12.4436
      vertex -0.638906 7.04381 0
      vertex -0.631427 7.03933 12.4756
    endloop
  endfacet
  facet normal 0.513871 0.857867 0
    outer loop
      vertex -0.631427 7.03933 12.4756
      vertex -0.638906 7.04381 0
      vertex -0.638906 7.04381 12.4791
    endloop
  endfacet
  facet normal -0.989175 -0.146741 -0
    outer loop
      vertex 1.14446 8.11272 19
      vertex 1.1279 8.22435 15.2019
      vertex 1.14446 8.11272 15.1869
    endloop
  endfacet
  facet normal -0.989175 -0.146741 0
    outer loop
      vertex 1.1279 8.22435 15.2019
      vertex 1.14446 8.11272 19
      vertex 1.1279 8.22435 19
    endloop
  endfacet
  facet normal -0.989175 -0.146741 0
    outer loop
      vertex 1.14446 8.11272 0
      vertex 1.1279 8.22435 12.7981
      vertex 1.1279 8.22435 0
    endloop
  endfacet
  facet normal -0.989175 -0.146741 0
    outer loop
      vertex 1.1279 8.22435 12.7981
      vertex 1.14446 8.11272 0
      vertex 1.14446 8.11272 12.8131
    endloop
  endfacet
  facet normal 0.514105 -0.857727 0
    outer loop
      vertex -0.638906 8.95619 19
      vertex -0.542106 9.01421 15.5564
      vertex -0.542106 9.01421 19
    endloop
  endfacet
  facet normal 0.514124 -0.857716 7.38719e-07
    outer loop
      vertex -0.638906 8.95619 19
      vertex -0.631427 8.96067 15.5244
      vertex -0.542106 9.01421 15.5564
    endloop
  endfacet
  facet normal 0.513871 -0.857867 0
    outer loop
      vertex -0.631427 8.96067 15.5244
      vertex -0.638906 8.95619 19
      vertex -0.638906 8.95619 15.5209
    endloop
  endfacet
  facet normal 0.513871 -0.857867 0
    outer loop
      vertex -0.638906 8.95619 0
      vertex -0.631427 8.96067 12.4756
      vertex -0.638906 8.95619 12.4791
    endloop
  endfacet
  facet normal 0.514124 -0.857716 -2.05915e-07
    outer loop
      vertex -0.638906 8.95619 0
      vertex -0.542106 9.01421 12.4436
      vertex -0.631427 8.96067 12.4756
    endloop
  endfacet
  facet normal 0.514105 -0.857727 0
    outer loop
      vertex -0.542106 9.01421 12.4436
      vertex -0.638906 8.95619 0
      vertex -0.542106 9.01421 0
    endloop
  endfacet
  facet normal 0.336892 -0.941543 0
    outer loop
      vertex -0.440085 9.06246 19
      vertex -0.333827 9.10048 15.6153
      vertex -0.333827 9.10048 19
    endloop
  endfacet
  facet normal 0.336892 -0.941543 0
    outer loop
      vertex -0.333827 9.10048 15.6153
      vertex -0.440085 9.06246 19
      vertex -0.440085 9.06246 15.5887
    endloop
  endfacet
  facet normal 0.336892 -0.941543 0
    outer loop
      vertex -0.440085 9.06246 0
      vertex -0.333827 9.10048 12.3847
      vertex -0.440085 9.06246 12.4113
    endloop
  endfacet
  facet normal 0.336892 -0.941543 0
    outer loop
      vertex -0.333827 9.10048 12.3847
      vertex -0.440085 9.06246 0
      vertex -0.333827 9.10048 0
    endloop
  endfacet
  facet normal 0.740946 -0.671565 0
    outer loop
      vertex -0.888962 8.72955 19
      vertex -0.813172 8.81317 15.434
      vertex -0.813172 8.81317 19
    endloop
  endfacet
  facet normal 0.740946 -0.671565 0
    outer loop
      vertex -0.813172 8.81317 15.434
      vertex -0.888962 8.72955 19
      vertex -0.888962 8.72955 15.3885
    endloop
  endfacet
  facet normal 0.740946 -0.671565 0
    outer loop
      vertex -0.888962 8.72955 0
      vertex -0.813172 8.81317 12.566
      vertex -0.888962 8.72955 12.6115
    endloop
  endfacet
  facet normal 0.740946 -0.671565 0
    outer loop
      vertex -0.813172 8.81317 12.566
      vertex -0.888962 8.72955 0
      vertex -0.813172 8.81317 0
    endloop
  endfacet
  facet normal 0.998794 -0.0490891 0
    outer loop
      vertex -1.15 8 19
      vertex -1.14446 8.11272 15.1869
      vertex -1.14446 8.11272 19
    endloop
  endfacet
  facet normal 0.998794 -0.0490891 0
    outer loop
      vertex -1.14446 8.11272 15.1869
      vertex -1.15 8 19
      vertex -1.15 8 15.1819
    endloop
  endfacet
  facet normal 0.998794 -0.0490891 0
    outer loop
      vertex -1.15 8 0
      vertex -1.14446 8.11272 12.8131
      vertex -1.15 8 12.8181
    endloop
  endfacet
  facet normal 0.998794 -0.0490891 0
    outer loop
      vertex -1.14446 8.11272 12.8131
      vertex -1.15 8 0
      vertex -1.14446 8.11272 0
    endloop
  endfacet
  facet normal 0.857723 0.514111 -0
    outer loop
      vertex -0.956189 7.36109 15.3426
      vertex -1.01421 7.45789 19
      vertex -0.956189 7.36109 19
    endloop
  endfacet
  facet normal 0.857723 0.514111 0
    outer loop
      vertex -1.01421 7.45789 19
      vertex -0.956189 7.36109 15.3426
      vertex -1.01421 7.45789 15.2996
    endloop
  endfacet
  facet normal 0.857723 0.514111 0
    outer loop
      vertex -0.956189 7.36109 12.6574
      vertex -1.01421 7.45789 0
      vertex -1.01421 7.45789 12.7004
    endloop
  endfacet
  facet normal 0.857723 0.514111 0
    outer loop
      vertex -1.01421 7.45789 0
      vertex -0.956189 7.36109 12.6574
      vertex -0.956189 7.36109 0
    endloop
  endfacet
  facet normal 0.941545 -0.336886 0
    outer loop
      vertex -1.10048 8.33383 19
      vertex -1.06246 8.44009 15.2612
      vertex -1.06246 8.44009 19
    endloop
  endfacet
  facet normal 0.941545 -0.336886 0
    outer loop
      vertex -1.06246 8.44009 15.2612
      vertex -1.10048 8.33383 19
      vertex -1.10048 8.33383 15.2268
    endloop
  endfacet
  facet normal 0.941545 -0.336886 0
    outer loop
      vertex -1.10048 8.33383 0
      vertex -1.06246 8.44009 12.7388
      vertex -1.10048 8.33383 12.7732
    endloop
  endfacet
  facet normal 0.941545 -0.336886 0
    outer loop
      vertex -1.06246 8.44009 12.7388
      vertex -1.10048 8.33383 0
      vertex -1.06246 8.44009 0
    endloop
  endfacet
  facet normal 0.970038 0.242953 -0
    outer loop
      vertex -1.10048 7.66617 15.2268
      vertex -1.1279 7.77565 19
      vertex -1.10048 7.66617 19
    endloop
  endfacet
  facet normal 0.970038 0.242953 0
    outer loop
      vertex -1.1279 7.77565 19
      vertex -1.10048 7.66617 15.2268
      vertex -1.1279 7.77565 15.2019
    endloop
  endfacet
  facet normal 0.970038 0.242953 0
    outer loop
      vertex -1.10048 7.66617 12.7732
      vertex -1.1279 7.77565 0
      vertex -1.1279 7.77565 12.7981
    endloop
  endfacet
  facet normal 0.970038 0.242953 0
    outer loop
      vertex -1.1279 7.77565 0
      vertex -1.10048 7.66617 12.7732
      vertex -1.10048 7.66617 0
    endloop
  endfacet
  facet normal 0.595713 0.803198 -0
    outer loop
      vertex -0.638906 7.04381 15.5209
      vertex -0.729552 7.11104 19
      vertex -0.638906 7.04381 19
    endloop
  endfacet
  facet normal 0.595713 0.803198 0
    outer loop
      vertex -0.729552 7.11104 19
      vertex -0.638906 7.04381 15.5209
      vertex -0.729552 7.11104 15.478
    endloop
  endfacet
  facet normal 0.595713 0.803198 0
    outer loop
      vertex -0.729552 7.11104 0
      vertex -0.638906 7.04381 12.4791
      vertex -0.638906 7.04381 0
    endloop
  endfacet
  facet normal 0.595713 0.803198 0
    outer loop
      vertex -0.638906 7.04381 12.4791
      vertex -0.729552 7.11104 0
      vertex -0.729552 7.11104 12.522
    endloop
  endfacet
  facet normal -0.857723 -0.514111 -0
    outer loop
      vertex 1.01421 8.54211 19
      vertex 0.956189 8.63891 15.3426
      vertex 1.01421 8.54211 15.2996
    endloop
  endfacet
  facet normal -0.857723 -0.514111 0
    outer loop
      vertex 0.956189 8.63891 15.3426
      vertex 1.01421 8.54211 19
      vertex 0.956189 8.63891 19
    endloop
  endfacet
  facet normal -0.857723 -0.514111 0
    outer loop
      vertex 1.01421 8.54211 0
      vertex 0.956189 8.63891 12.6574
      vertex 0.956189 8.63891 0
    endloop
  endfacet
  facet normal -0.857723 -0.514111 0
    outer loop
      vertex 0.956189 8.63891 12.6574
      vertex 1.01421 8.54211 0
      vertex 1.01421 8.54211 12.7004
    endloop
  endfacet
  facet normal -0.595713 -0.803198 0
    outer loop
      vertex 0.638906 8.95619 15.5209
      vertex 0.729552 8.88896 19
      vertex 0.638906 8.95619 19
    endloop
  endfacet
  facet normal -0.595713 -0.803198 -0
    outer loop
      vertex 0.729552 8.88896 19
      vertex 0.638906 8.95619 15.5209
      vertex 0.729552 8.88896 15.478
    endloop
  endfacet
  facet normal -0.595713 -0.803198 0
    outer loop
      vertex 0.729552 8.88896 0
      vertex 0.638906 8.95619 12.4791
      vertex 0.638906 8.95619 0
    endloop
  endfacet
  facet normal -0.595713 -0.803198 0
    outer loop
      vertex 0.638906 8.95619 12.4791
      vertex 0.729552 8.88896 0
      vertex 0.729552 8.88896 12.522
    endloop
  endfacet
  facet normal -0.514105 -0.857727 0
    outer loop
      vertex 0.542106 9.01421 15.5564
      vertex 0.638906 8.95619 19
      vertex 0.542106 9.01421 19
    endloop
  endfacet
  facet normal -0.514124 -0.857716 7.38719e-07
    outer loop
      vertex 0.631427 8.96067 15.5244
      vertex 0.638906 8.95619 19
      vertex 0.542106 9.01421 15.5564
    endloop
  endfacet
  facet normal -0.513871 -0.857867 -0
    outer loop
      vertex 0.638906 8.95619 19
      vertex 0.631427 8.96067 15.5244
      vertex 0.638906 8.95619 15.5209
    endloop
  endfacet
  facet normal -0.514105 -0.857727 0
    outer loop
      vertex 0.638906 8.95619 0
      vertex 0.542106 9.01421 12.4436
      vertex 0.542106 9.01421 0
    endloop
  endfacet
  facet normal -0.514124 -0.857716 -2.05915e-07
    outer loop
      vertex 0.542106 9.01421 12.4436
      vertex 0.638906 8.95619 0
      vertex 0.631427 8.96067 12.4756
    endloop
  endfacet
  facet normal -0.513871 -0.857867 0
    outer loop
      vertex 0.631427 8.96067 12.4756
      vertex 0.638906 8.95619 0
      vertex 0.638906 8.95619 12.4791
    endloop
  endfacet
  facet normal 0.903996 -0.427542 0
    outer loop
      vertex -1.06246 8.44009 19
      vertex -1.01421 8.54211 15.2996
      vertex -1.01421 8.54211 19
    endloop
  endfacet
  facet normal 0.903989 -0.427555 -4.60002e-07
    outer loop
      vertex -1.01421 8.54211 15.2996
      vertex -1.06246 8.44009 19
      vertex -1.04675 8.47331 15.2755
    endloop
  endfacet
  facet normal 0.904009 -0.427513 0
    outer loop
      vertex -1.04675 8.47331 15.2755
      vertex -1.06246 8.44009 19
      vertex -1.06246 8.44009 15.2612
    endloop
  endfacet
  facet normal 0.903989 -0.427555 1.34941e-07
    outer loop
      vertex -1.06246 8.44009 0
      vertex -1.01421 8.54211 12.7004
      vertex -1.04675 8.47331 12.7245
    endloop
  endfacet
  facet normal 0.904009 -0.427513 0
    outer loop
      vertex -1.06246 8.44009 0
      vertex -1.04675 8.47331 12.7245
      vertex -1.06246 8.44009 12.7388
    endloop
  endfacet
  facet normal 0.903996 -0.427542 0
    outer loop
      vertex -1.01421 8.54211 12.7004
      vertex -1.06246 8.44009 0
      vertex -1.01421 8.54211 0
    endloop
  endfacet
  facet normal -0.427538 -0.903997 0
    outer loop
      vertex 0.440085 9.06246 15.5887
      vertex 0.542106 9.01421 19
      vertex 0.440085 9.06246 19
    endloop
  endfacet
  facet normal -0.427532 -0.904 -2.37165e-07
    outer loop
      vertex 0.47897 9.04407 15.579
      vertex 0.542106 9.01421 19
      vertex 0.440085 9.06246 15.5887
    endloop
  endfacet
  facet normal -0.427542 -0.903995 -0
    outer loop
      vertex 0.542106 9.01421 19
      vertex 0.47897 9.04407 15.579
      vertex 0.542106 9.01421 15.5564
    endloop
  endfacet
  facet normal -0.427538 -0.903997 0
    outer loop
      vertex 0.542106 9.01421 0
      vertex 0.440085 9.06246 12.4113
      vertex 0.440085 9.06246 0
    endloop
  endfacet
  facet normal -0.427532 -0.904 6.55378e-08
    outer loop
      vertex 0.440085 9.06246 12.4113
      vertex 0.542106 9.01421 0
      vertex 0.47897 9.04407 12.421
    endloop
  endfacet
  facet normal -0.427542 -0.903995 0
    outer loop
      vertex 0.47897 9.04407 12.421
      vertex 0.542106 9.01421 0
      vertex 0.542106 9.01421 12.4436
    endloop
  endfacet
  facet normal 0.970038 -0.242953 0
    outer loop
      vertex -1.1279 8.22435 19
      vertex -1.10048 8.33383 15.2268
      vertex -1.10048 8.33383 19
    endloop
  endfacet
  facet normal 0.970038 -0.242953 0
    outer loop
      vertex -1.10048 8.33383 15.2268
      vertex -1.1279 8.22435 19
      vertex -1.1279 8.22435 15.2019
    endloop
  endfacet
  facet normal 0.970038 -0.242953 0
    outer loop
      vertex -1.1279 8.22435 0
      vertex -1.10048 8.33383 12.7732
      vertex -1.1279 8.22435 12.7981
    endloop
  endfacet
  facet normal 0.970038 -0.242953 0
    outer loop
      vertex -1.10048 8.33383 12.7732
      vertex -1.1279 8.22435 0
      vertex -1.10048 8.33383 0
    endloop
  endfacet
  facet normal -0.146736 -0.989176 0
    outer loop
      vertex 0.11272 9.14446 15.6445
      vertex 0.224354 9.1279 19
      vertex 0.11272 9.14446 19
    endloop
  endfacet
  facet normal -0.146737 -0.989175 4.02362e-08
    outer loop
      vertex 0.161728 9.13719 15.6421
      vertex 0.224354 9.1279 19
      vertex 0.11272 9.14446 15.6445
    endloop
  endfacet
  facet normal -0.146735 -0.989176 -0
    outer loop
      vertex 0.224354 9.1279 19
      vertex 0.161728 9.13719 15.6421
      vertex 0.224354 9.1279 15.6328
    endloop
  endfacet
  facet normal -0.146736 -0.989176 0
    outer loop
      vertex 0.224354 9.1279 0
      vertex 0.11272 9.14446 12.3555
      vertex 0.11272 9.14446 0
    endloop
  endfacet
  facet normal -0.146737 -0.989175 -1.09403e-08
    outer loop
      vertex 0.11272 9.14446 12.3555
      vertex 0.224354 9.1279 0
      vertex 0.161728 9.13719 12.3579
    endloop
  endfacet
  facet normal -0.146735 -0.989176 0
    outer loop
      vertex 0.161728 9.13719 12.3579
      vertex 0.224354 9.1279 0
      vertex 0.224354 9.1279 12.3672
    endloop
  endfacet
  facet normal 0.242967 0.970035 -0
    outer loop
      vertex -0.224354 6.8721 15.6328
      vertex -0.333827 6.89952 19
      vertex -0.224354 6.8721 19
    endloop
  endfacet
  facet normal 0.242948 0.970039 -6.79215e-07
    outer loop
      vertex -0.321898 6.89653 15.6183
      vertex -0.333827 6.89952 19
      vertex -0.224354 6.8721 15.6328
    endloop
  endfacet
  facet normal 0.243129 0.969994 0
    outer loop
      vertex -0.333827 6.89952 19
      vertex -0.321898 6.89653 15.6183
      vertex -0.333827 6.89952 15.6153
    endloop
  endfacet
  facet normal 0.242967 0.970035 0
    outer loop
      vertex -0.333827 6.89952 0
      vertex -0.224354 6.8721 12.3672
      vertex -0.224354 6.8721 0
    endloop
  endfacet
  facet normal 0.242947 0.970039 1.85578e-07
    outer loop
      vertex -0.224354 6.8721 12.3672
      vertex -0.333827 6.89952 0
      vertex -0.321898 6.89653 12.3817
    endloop
  endfacet
  facet normal 0.243129 0.969994 0
    outer loop
      vertex -0.321898 6.89653 12.3817
      vertex -0.333827 6.89952 0
      vertex -0.333827 6.89952 12.3847
    endloop
  endfacet
  facet normal -0.803221 -0.595682 1.53522e-06
    outer loop
      vertex 0.956189 8.63891 19
      vertex 0.888962 8.72955 15.3885
      vertex 0.916691 8.69216 15.3719
    endloop
  endfacet
  facet normal -0.803171 -0.595749 -0
    outer loop
      vertex 0.956189 8.63891 19
      vertex 0.916691 8.69216 15.3719
      vertex 0.956189 8.63891 15.3426
    endloop
  endfacet
  facet normal -0.803191 -0.595721 0
    outer loop
      vertex 0.888962 8.72955 15.3885
      vertex 0.956189 8.63891 19
      vertex 0.888962 8.72955 19
    endloop
  endfacet
  facet normal -0.803191 -0.595721 0
    outer loop
      vertex 0.956189 8.63891 0
      vertex 0.888962 8.72955 12.6115
      vertex 0.888962 8.72955 0
    endloop
  endfacet
  facet normal -0.803221 -0.595681 -4.43118e-07
    outer loop
      vertex 0.888962 8.72955 12.6115
      vertex 0.956189 8.63891 0
      vertex 0.916691 8.69216 12.6281
    endloop
  endfacet
  facet normal -0.803171 -0.595749 0
    outer loop
      vertex 0.916691 8.69216 12.6281
      vertex 0.956189 8.63891 0
      vertex 0.956189 8.63891 12.6574
    endloop
  endfacet
  facet normal -0.514105 0.857727 0
    outer loop
      vertex 0.638906 7.04381 19
      vertex 0.542106 6.98579 15.5564
      vertex 0.542106 6.98579 19
    endloop
  endfacet
  facet normal -0.514124 0.857716 7.38719e-07
    outer loop
      vertex 0.638906 7.04381 19
      vertex 0.631427 7.03933 15.5244
      vertex 0.542106 6.98579 15.5564
    endloop
  endfacet
  facet normal -0.513871 0.857867 0
    outer loop
      vertex 0.631427 7.03933 15.5244
      vertex 0.638906 7.04381 19
      vertex 0.638906 7.04381 15.5209
    endloop
  endfacet
  facet normal -0.513871 0.857867 0
    outer loop
      vertex 0.638906 7.04381 0
      vertex 0.631427 7.03933 12.4756
      vertex 0.638906 7.04381 12.4791
    endloop
  endfacet
  facet normal -0.514124 0.857716 -2.05915e-07
    outer loop
      vertex 0.638906 7.04381 0
      vertex 0.542106 6.98579 12.4436
      vertex 0.631427 7.03933 12.4756
    endloop
  endfacet
  facet normal -0.514105 0.857727 0
    outer loop
      vertex 0.542106 6.98579 12.4436
      vertex 0.638906 7.04381 0
      vertex 0.542106 6.98579 0
    endloop
  endfacet
  facet normal 0.941545 0.336886 -0
    outer loop
      vertex -1.06246 7.55991 15.2612
      vertex -1.10048 7.66617 19
      vertex -1.06246 7.55991 19
    endloop
  endfacet
  facet normal 0.941545 0.336886 0
    outer loop
      vertex -1.10048 7.66617 19
      vertex -1.06246 7.55991 15.2612
      vertex -1.10048 7.66617 15.2268
    endloop
  endfacet
  facet normal 0.941545 0.336886 0
    outer loop
      vertex -1.06246 7.55991 12.7388
      vertex -1.10048 7.66617 0
      vertex -1.10048 7.66617 12.7732
    endloop
  endfacet
  facet normal 0.941545 0.336886 0
    outer loop
      vertex -1.10048 7.66617 0
      vertex -1.06246 7.55991 12.7388
      vertex -1.06246 7.55991 0
    endloop
  endfacet
  facet normal 0.989175 -0.146741 0
    outer loop
      vertex -1.14446 8.11272 19
      vertex -1.1279 8.22435 15.2019
      vertex -1.1279 8.22435 19
    endloop
  endfacet
  facet normal 0.989175 -0.146741 0
    outer loop
      vertex -1.1279 8.22435 15.2019
      vertex -1.14446 8.11272 19
      vertex -1.14446 8.11272 15.1869
    endloop
  endfacet
  facet normal 0.989175 -0.146741 0
    outer loop
      vertex -1.14446 8.11272 0
      vertex -1.1279 8.22435 12.7981
      vertex -1.14446 8.11272 12.8131
    endloop
  endfacet
  facet normal 0.989175 -0.146741 0
    outer loop
      vertex -1.1279 8.22435 12.7981
      vertex -1.14446 8.11272 0
      vertex -1.1279 8.22435 0
    endloop
  endfacet
  facet normal -0.671565 0.740946 0
    outer loop
      vertex 0.813172 7.18683 19
      vertex 0.729552 7.11104 15.478
      vertex 0.729552 7.11104 19
    endloop
  endfacet
  facet normal -0.671533 0.740974 -1.36458e-06
    outer loop
      vertex 0.813172 7.18683 19
      vertex 0.777804 7.15477 15.4552
      vertex 0.729552 7.11104 15.478
    endloop
  endfacet
  facet normal -0.671609 0.740906 0
    outer loop
      vertex 0.777804 7.15477 15.4552
      vertex 0.813172 7.18683 19
      vertex 0.813172 7.18683 15.434
    endloop
  endfacet
  facet normal -0.671609 0.740906 0
    outer loop
      vertex 0.813172 7.18683 0
      vertex 0.777804 7.15477 12.5448
      vertex 0.813172 7.18683 12.566
    endloop
  endfacet
  facet normal -0.671533 0.740974 3.86894e-07
    outer loop
      vertex 0.813172 7.18683 0
      vertex 0.729552 7.11104 12.522
      vertex 0.777804 7.15477 12.5448
    endloop
  endfacet
  facet normal -0.671565 0.740946 0
    outer loop
      vertex 0.729552 7.11104 12.522
      vertex 0.813172 7.18683 0
      vertex 0.729552 7.11104 0
    endloop
  endfacet
  facet normal -0.803171 0.595749 0
    outer loop
      vertex 0.916691 7.30784 15.3719
      vertex 0.956189 7.36109 19
      vertex 0.956189 7.36109 15.3426
    endloop
  endfacet
  facet normal -0.803221 0.595682 1.53522e-06
    outer loop
      vertex 0.888962 7.27045 15.3885
      vertex 0.956189 7.36109 19
      vertex 0.916691 7.30784 15.3719
    endloop
  endfacet
  facet normal -0.803191 0.595721 0
    outer loop
      vertex 0.956189 7.36109 19
      vertex 0.888962 7.27045 15.3885
      vertex 0.888962 7.27045 19
    endloop
  endfacet
  facet normal -0.803171 0.595749 0
    outer loop
      vertex 0.956189 7.36109 0
      vertex 0.916691 7.30784 12.6281
      vertex 0.956189 7.36109 12.6574
    endloop
  endfacet
  facet normal -0.803191 0.595721 0
    outer loop
      vertex 0.888962 7.27045 12.6115
      vertex 0.956189 7.36109 0
      vertex 0.888962 7.27045 0
    endloop
  endfacet
  facet normal -0.803221 0.595681 -4.43118e-07
    outer loop
      vertex 0.956189 7.36109 0
      vertex 0.888962 7.27045 12.6115
      vertex 0.916691 7.30784 12.6281
    endloop
  endfacet
  facet normal -0.146736 0.989176 0
    outer loop
      vertex 0.224354 6.8721 19
      vertex 0.11272 6.85554 15.6445
      vertex 0.11272 6.85554 19
    endloop
  endfacet
  facet normal -0.146737 0.989175 4.02362e-08
    outer loop
      vertex 0.224354 6.8721 19
      vertex 0.161728 6.86281 15.6421
      vertex 0.11272 6.85554 15.6445
    endloop
  endfacet
  facet normal -0.146735 0.989176 0
    outer loop
      vertex 0.161728 6.86281 15.6421
      vertex 0.224354 6.8721 19
      vertex 0.224354 6.8721 15.6328
    endloop
  endfacet
  facet normal -0.146735 0.989176 0
    outer loop
      vertex 0.224354 6.8721 0
      vertex 0.161728 6.86281 12.3579
      vertex 0.224354 6.8721 12.3672
    endloop
  endfacet
  facet normal -0.146737 0.989175 -1.09403e-08
    outer loop
      vertex 0.224354 6.8721 0
      vertex 0.11272 6.85554 12.3555
      vertex 0.161728 6.86281 12.3579
    endloop
  endfacet
  facet normal -0.146736 0.989176 0
    outer loop
      vertex 0.11272 6.85554 12.3555
      vertex 0.224354 6.8721 0
      vertex 0.11272 6.85554 0
    endloop
  endfacet
  facet normal -0.595713 0.803198 0
    outer loop
      vertex 0.729552 7.11104 19
      vertex 0.638906 7.04381 15.5209
      vertex 0.638906 7.04381 19
    endloop
  endfacet
  facet normal -0.595713 0.803198 0
    outer loop
      vertex 0.638906 7.04381 15.5209
      vertex 0.729552 7.11104 19
      vertex 0.729552 7.11104 15.478
    endloop
  endfacet
  facet normal -0.595713 0.803198 0
    outer loop
      vertex 0.729552 7.11104 0
      vertex 0.638906 7.04381 12.4791
      vertex 0.729552 7.11104 12.522
    endloop
  endfacet
  facet normal -0.595713 0.803198 0
    outer loop
      vertex 0.638906 7.04381 12.4791
      vertex 0.729552 7.11104 0
      vertex 0.638906 7.04381 0
    endloop
  endfacet
  facet normal -0.0490891 0.998794 0
    outer loop
      vertex 0.11272 6.85554 19
      vertex 0 6.85 15.65
      vertex 0 6.85 19
    endloop
  endfacet
  facet normal -0.0490891 0.998794 0
    outer loop
      vertex 0 6.85 15.65
      vertex 0.11272 6.85554 19
      vertex 0.11272 6.85554 15.6445
    endloop
  endfacet
  facet normal -0.0490891 0.998794 0
    outer loop
      vertex 0.11272 6.85554 0
      vertex 0 6.85 12.35
      vertex 0.11272 6.85554 12.3555
    endloop
  endfacet
  facet normal -0.0490891 0.998794 0
    outer loop
      vertex 0 6.85 12.35
      vertex 0.11272 6.85554 0
      vertex 0 6.85 0
    endloop
  endfacet
  facet normal -0.904009 0.427513 0
    outer loop
      vertex 1.04675 7.52669 15.2755
      vertex 1.06246 7.55991 19
      vertex 1.06246 7.55991 15.2612
    endloop
  endfacet
  facet normal -0.903989 0.427555 -4.60002e-07
    outer loop
      vertex 1.01421 7.45789 15.2996
      vertex 1.06246 7.55991 19
      vertex 1.04675 7.52669 15.2755
    endloop
  endfacet
  facet normal -0.903996 0.427542 0
    outer loop
      vertex 1.06246 7.55991 19
      vertex 1.01421 7.45789 15.2996
      vertex 1.01421 7.45789 19
    endloop
  endfacet
  facet normal -0.904009 0.427513 0
    outer loop
      vertex 1.06246 7.55991 0
      vertex 1.04675 7.52669 12.7245
      vertex 1.06246 7.55991 12.7388
    endloop
  endfacet
  facet normal -0.903996 0.427542 0
    outer loop
      vertex 1.01421 7.45789 12.7004
      vertex 1.06246 7.55991 0
      vertex 1.01421 7.45789 0
    endloop
  endfacet
  facet normal -0.903989 0.427555 1.34941e-07
    outer loop
      vertex 1.06246 7.55991 0
      vertex 1.01421 7.45789 12.7004
      vertex 1.04675 7.52669 12.7245
    endloop
  endfacet
  facet normal 0 0 -1
    outer loop
      vertex 1.14446 7.88728 19
      vertex 1.14446 8.11272 19
      vertex 1.15 8 19
    endloop
  endfacet
  facet normal 0 0 -1
    outer loop
      vertex 1.1279 7.77565 19
      vertex 1.14446 8.11272 19
      vertex 1.14446 7.88728 19
    endloop
  endfacet
  facet normal 0 0 -1
    outer loop
      vertex 1.1279 7.77565 19
      vertex 1.1279 8.22435 19
      vertex 1.14446 8.11272 19
    endloop
  endfacet
  facet normal 0 0 -1
    outer loop
      vertex 1.10048 7.66617 19
      vertex 1.1279 8.22435 19
      vertex 1.1279 7.77565 19
    endloop
  endfacet
  facet normal 0 0 -1
    outer loop
      vertex 1.10048 7.66617 19
      vertex 1.10048 8.33383 19
      vertex 1.1279 8.22435 19
    endloop
  endfacet
  facet normal 0 0 -1
    outer loop
      vertex 1.06246 7.55991 19
      vertex 1.10048 8.33383 19
      vertex 1.10048 7.66617 19
    endloop
  endfacet
  facet normal 0 0 -1
    outer loop
      vertex 1.06246 7.55991 19
      vertex 1.06246 8.44009 19
      vertex 1.10048 8.33383 19
    endloop
  endfacet
  facet normal 0 0 -1
    outer loop
      vertex 1.01421 7.45789 19
      vertex 1.06246 8.44009 19
      vertex 1.06246 7.55991 19
    endloop
  endfacet
  facet normal 0 0 -1
    outer loop
      vertex 1.01421 7.45789 19
      vertex 1.01421 8.54211 19
      vertex 1.06246 8.44009 19
    endloop
  endfacet
  facet normal 0 0 -1
    outer loop
      vertex 0.956189 7.36109 19
      vertex 1.01421 8.54211 19
      vertex 1.01421 7.45789 19
    endloop
  endfacet
  facet normal 0 0 -1
    outer loop
      vertex 0.956189 7.36109 19
      vertex 0.956189 8.63891 19
      vertex 1.01421 8.54211 19
    endloop
  endfacet
  facet normal 0 0 -1
    outer loop
      vertex 0.888962 7.27045 19
      vertex 0.956189 8.63891 19
      vertex 0.956189 7.36109 19
    endloop
  endfacet
  facet normal 0 0 -1
    outer loop
      vertex 0.888962 7.27045 19
      vertex 0.888962 8.72955 19
      vertex 0.956189 8.63891 19
    endloop
  endfacet
  facet normal 0 0 -1
    outer loop
      vertex 0.813172 7.18683 19
      vertex 0.888962 8.72955 19
      vertex 0.888962 7.27045 19
    endloop
  endfacet
  facet normal 0 0 -1
    outer loop
      vertex 0.813172 7.18683 19
      vertex 0.813172 8.81317 19
      vertex 0.888962 8.72955 19
    endloop
  endfacet
  facet normal 0 0 -1
    outer loop
      vertex 0.729552 7.11104 19
      vertex 0.813172 8.81317 19
      vertex 0.813172 7.18683 19
    endloop
  endfacet
  facet normal 0 0 -1
    outer loop
      vertex 0.729552 7.11104 19
      vertex 0.729552 8.88896 19
      vertex 0.813172 8.81317 19
    endloop
  endfacet
  facet normal 0 0 -1
    outer loop
      vertex 0.638906 7.04381 19
      vertex 0.729552 8.88896 19
      vertex 0.729552 7.11104 19
    endloop
  endfacet
  facet normal 0 0 -1
    outer loop
      vertex 0.638906 7.04381 19
      vertex 0.638906 8.95619 19
      vertex 0.729552 8.88896 19
    endloop
  endfacet
  facet normal 0 0 -1
    outer loop
      vertex 0.542106 6.98579 19
      vertex 0.638906 8.95619 19
      vertex 0.638906 7.04381 19
    endloop
  endfacet
  facet normal 0 0 -1
    outer loop
      vertex 0.542106 6.98579 19
      vertex 0.542106 9.01421 19
      vertex 0.638906 8.95619 19
    endloop
  endfacet
  facet normal 0 0 -1
    outer loop
      vertex 0.440085 6.93754 19
      vertex 0.542106 9.01421 19
      vertex 0.542106 6.98579 19
    endloop
  endfacet
  facet normal 0 0 -1
    outer loop
      vertex 0.440085 6.93754 19
      vertex 0.440085 9.06246 19
      vertex 0.542106 9.01421 19
    endloop
  endfacet
  facet normal 0 0 -1
    outer loop
      vertex 0.333827 6.89952 19
      vertex 0.440085 9.06246 19
      vertex 0.440085 6.93754 19
    endloop
  endfacet
  facet normal 0 0 -1
    outer loop
      vertex 0.333827 6.89952 19
      vertex 0.333827 9.10048 19
      vertex 0.440085 9.06246 19
    endloop
  endfacet
  facet normal 0 0 -1
    outer loop
      vertex 0.224354 6.8721 19
      vertex 0.333827 9.10048 19
      vertex 0.333827 6.89952 19
    endloop
  endfacet
  facet normal 0 0 -1
    outer loop
      vertex 0.224354 6.8721 19
      vertex 0.224354 9.1279 19
      vertex 0.333827 9.10048 19
    endloop
  endfacet
  facet normal 0 0 -1
    outer loop
      vertex 0.11272 6.85554 19
      vertex 0.224354 9.1279 19
      vertex 0.224354 6.8721 19
    endloop
  endfacet
  facet normal 0 0 -1
    outer loop
      vertex 0.11272 6.85554 19
      vertex 0.11272 9.14446 19
      vertex 0.224354 9.1279 19
    endloop
  endfacet
  facet normal 0 0 -1
    outer loop
      vertex 0 6.85 19
      vertex 0.11272 9.14446 19
      vertex 0.11272 6.85554 19
    endloop
  endfacet
  facet normal 0 0 -1
    outer loop
      vertex 0 6.85 19
      vertex 0 9.15 19
      vertex 0.11272 9.14446 19
    endloop
  endfacet
  facet normal 0 0 -1
    outer loop
      vertex -0.11272 6.85554 19
      vertex 0 9.15 19
      vertex 0 6.85 19
    endloop
  endfacet
  facet normal 0 0 -1
    outer loop
      vertex -0.11272 6.85554 19
      vertex -0.11272 9.14446 19
      vertex 0 9.15 19
    endloop
  endfacet
  facet normal 0 0 -1
    outer loop
      vertex -0.224354 6.8721 19
      vertex -0.11272 9.14446 19
      vertex -0.11272 6.85554 19
    endloop
  endfacet
  facet normal 0 0 -1
    outer loop
      vertex -0.224354 6.8721 19
      vertex -0.224354 9.1279 19
      vertex -0.11272 9.14446 19
    endloop
  endfacet
  facet normal 0 0 -1
    outer loop
      vertex -0.333827 6.89952 19
      vertex -0.224354 9.1279 19
      vertex -0.224354 6.8721 19
    endloop
  endfacet
  facet normal 0 0 -1
    outer loop
      vertex -0.333827 6.89952 19
      vertex -0.333827 9.10048 19
      vertex -0.224354 9.1279 19
    endloop
  endfacet
  facet normal 0 0 -1
    outer loop
      vertex -0.440085 6.93754 19
      vertex -0.333827 9.10048 19
      vertex -0.333827 6.89952 19
    endloop
  endfacet
  facet normal 0 0 -1
    outer loop
      vertex -0.440085 6.93754 19
      vertex -0.440085 9.06246 19
      vertex -0.333827 9.10048 19
    endloop
  endfacet
  facet normal 0 0 -1
    outer loop
      vertex -0.542106 6.98579 19
      vertex -0.440085 9.06246 19
      vertex -0.440085 6.93754 19
    endloop
  endfacet
  facet normal 0 0 -1
    outer loop
      vertex -0.542106 6.98579 19
      vertex -0.542106 9.01421 19
      vertex -0.440085 9.06246 19
    endloop
  endfacet
  facet normal 0 0 -1
    outer loop
      vertex -0.638906 7.04381 19
      vertex -0.542106 9.01421 19
      vertex -0.542106 6.98579 19
    endloop
  endfacet
  facet normal 0 0 -1
    outer loop
      vertex -0.638906 7.04381 19
      vertex -0.638906 8.95619 19
      vertex -0.542106 9.01421 19
    endloop
  endfacet
  facet normal 0 0 -1
    outer loop
      vertex -0.729552 7.11104 19
      vertex -0.638906 8.95619 19
      vertex -0.638906 7.04381 19
    endloop
  endfacet
  facet normal 0 0 -1
    outer loop
      vertex -0.729552 7.11104 19
      vertex -0.729552 8.88896 19
      vertex -0.638906 8.95619 19
    endloop
  endfacet
  facet normal 0 0 -1
    outer loop
      vertex -0.813172 7.18683 19
      vertex -0.729552 8.88896 19
      vertex -0.729552 7.11104 19
    endloop
  endfacet
  facet normal 0 0 -1
    outer loop
      vertex -0.813172 7.18683 19
      vertex -0.813172 8.81317 19
      vertex -0.729552 8.88896 19
    endloop
  endfacet
  facet normal 0 0 -1
    outer loop
      vertex -0.888962 7.27045 19
      vertex -0.813172 8.81317 19
      vertex -0.813172 7.18683 19
    endloop
  endfacet
  facet normal 0 0 -1
    outer loop
      vertex -0.888962 7.27045 19
      vertex -0.888962 8.72955 19
      vertex -0.813172 8.81317 19
    endloop
  endfacet
  facet normal 0 0 -1
    outer loop
      vertex -0.956189 7.36109 19
      vertex -0.888962 8.72955 19
      vertex -0.888962 7.27045 19
    endloop
  endfacet
  facet normal 0 0 -1
    outer loop
      vertex -0.956189 7.36109 19
      vertex -0.956189 8.63891 19
      vertex -0.888962 8.72955 19
    endloop
  endfacet
  facet normal 0 0 -1
    outer loop
      vertex -1.01421 7.45789 19
      vertex -0.956189 8.63891 19
      vertex -0.956189 7.36109 19
    endloop
  endfacet
  facet normal 0 0 -1
    outer loop
      vertex -1.01421 7.45789 19
      vertex -1.01421 8.54211 19
      vertex -0.956189 8.63891 19
    endloop
  endfacet
  facet normal 0 0 -1
    outer loop
      vertex -1.06246 7.55991 19
      vertex -1.01421 8.54211 19
      vertex -1.01421 7.45789 19
    endloop
  endfacet
  facet normal 0 0 -1
    outer loop
      vertex -1.06246 7.55991 19
      vertex -1.06246 8.44009 19
      vertex -1.01421 8.54211 19
    endloop
  endfacet
  facet normal 0 0 -1
    outer loop
      vertex -1.10048 7.66617 19
      vertex -1.06246 8.44009 19
      vertex -1.06246 7.55991 19
    endloop
  endfacet
  facet normal 0 0 -1
    outer loop
      vertex -1.10048 7.66617 19
      vertex -1.10048 8.33383 19
      vertex -1.06246 8.44009 19
    endloop
  endfacet
  facet normal 0 0 -1
    outer loop
      vertex -1.1279 7.77565 19
      vertex -1.10048 8.33383 19
      vertex -1.10048 7.66617 19
    endloop
  endfacet
  facet normal 0 0 -1
    outer loop
      vertex -1.1279 7.77565 19
      vertex -1.1279 8.22435 19
      vertex -1.10048 8.33383 19
    endloop
  endfacet
  facet normal 0 0 -1
    outer loop
      vertex -1.14446 7.88728 19
      vertex -1.1279 8.22435 19
      vertex -1.1279 7.77565 19
    endloop
  endfacet
  facet normal 0 0 -1
    outer loop
      vertex -1.14446 7.88728 19
      vertex -1.14446 8.11272 19
      vertex -1.1279 8.22435 19
    endloop
  endfacet
  facet normal 0 -0 -1
    outer loop
      vertex -1.14446 8.11272 19
      vertex -1.14446 7.88728 19
      vertex -1.15 8 19
    endloop
  endfacet
  facet normal -0.336892 -0.941543 0
    outer loop
      vertex 0.333827 9.10048 15.6153
      vertex 0.440085 9.06246 19
      vertex 0.333827 9.10048 19
    endloop
  endfacet
  facet normal -0.336892 -0.941543 -0
    outer loop
      vertex 0.440085 9.06246 19
      vertex 0.333827 9.10048 15.6153
      vertex 0.440085 9.06246 15.5887
    endloop
  endfacet
  facet normal -0.336892 -0.941543 0
    outer loop
      vertex 0.440085 9.06246 0
      vertex 0.333827 9.10048 12.3847
      vertex 0.333827 9.10048 0
    endloop
  endfacet
  facet normal -0.336892 -0.941543 0
    outer loop
      vertex 0.333827 9.10048 12.3847
      vertex 0.440085 9.06246 0
      vertex 0.440085 9.06246 12.4113
    endloop
  endfacet
  facet normal 0.336892 0.941543 -0
    outer loop
      vertex -0.333827 6.89952 15.6153
      vertex -0.440085 6.93754 19
      vertex -0.333827 6.89952 19
    endloop
  endfacet
  facet normal 0.336892 0.941543 0
    outer loop
      vertex -0.440085 6.93754 19
      vertex -0.333827 6.89952 15.6153
      vertex -0.440085 6.93754 15.5887
    endloop
  endfacet
  facet normal 0.336892 0.941543 0
    outer loop
      vertex -0.440085 6.93754 0
      vertex -0.333827 6.89952 12.3847
      vertex -0.333827 6.89952 0
    endloop
  endfacet
  facet normal 0.336892 0.941543 0
    outer loop
      vertex -0.333827 6.89952 12.3847
      vertex -0.440085 6.93754 0
      vertex -0.440085 6.93754 12.4113
    endloop
  endfacet
  facet normal 0.671565 -0.740946 0
    outer loop
      vertex -0.813172 8.81317 19
      vertex -0.729552 8.88896 15.478
      vertex -0.729552 8.88896 19
    endloop
  endfacet
  facet normal 0.671533 -0.740974 -1.36458e-06
    outer loop
      vertex -0.813172 8.81317 19
      vertex -0.777804 8.84523 15.4552
      vertex -0.729552 8.88896 15.478
    endloop
  endfacet
  facet normal 0.671609 -0.740906 0
    outer loop
      vertex -0.777804 8.84523 15.4552
      vertex -0.813172 8.81317 19
      vertex -0.813172 8.81317 15.434
    endloop
  endfacet
  facet normal 0.671609 -0.740906 0
    outer loop
      vertex -0.813172 8.81317 0
      vertex -0.777804 8.84523 12.5448
      vertex -0.813172 8.81317 12.566
    endloop
  endfacet
  facet normal 0.671533 -0.740974 3.86894e-07
    outer loop
      vertex -0.813172 8.81317 0
      vertex -0.729552 8.88896 12.522
      vertex -0.777804 8.84523 12.5448
    endloop
  endfacet
  facet normal 0.671565 -0.740946 0
    outer loop
      vertex -0.729552 8.88896 12.522
      vertex -0.813172 8.81317 0
      vertex -0.729552 8.88896 0
    endloop
  endfacet
  facet normal -0.0490891 -0.998794 0
    outer loop
      vertex 0 9.15 15.65
      vertex 0.11272 9.14446 19
      vertex 0 9.15 19
    endloop
  endfacet
  facet normal -0.0490891 -0.998794 -0
    outer loop
      vertex 0.11272 9.14446 19
      vertex 0 9.15 15.65
      vertex 0.11272 9.14446 15.6445
    endloop
  endfacet
  facet normal -0.0490891 -0.998794 0
    outer loop
      vertex 0.11272 9.14446 0
      vertex 0 9.15 12.35
      vertex 0 9.15 0
    endloop
  endfacet
  facet normal -0.0490891 -0.998794 0
    outer loop
      vertex 0 9.15 12.35
      vertex 0.11272 9.14446 0
      vertex 0.11272 9.14446 12.3555
    endloop
  endfacet
  facet normal 0.427538 0.903997 -0
    outer loop
      vertex -0.440085 6.93754 15.5887
      vertex -0.542106 6.98579 19
      vertex -0.440085 6.93754 19
    endloop
  endfacet
  facet normal 0.427532 0.904 -2.37165e-07
    outer loop
      vertex -0.47897 6.95593 15.579
      vertex -0.542106 6.98579 19
      vertex -0.440085 6.93754 15.5887
    endloop
  endfacet
  facet normal 0.427542 0.903995 0
    outer loop
      vertex -0.542106 6.98579 19
      vertex -0.47897 6.95593 15.579
      vertex -0.542106 6.98579 15.5564
    endloop
  endfacet
  facet normal 0.427538 0.903997 0
    outer loop
      vertex -0.542106 6.98579 0
      vertex -0.440085 6.93754 12.4113
      vertex -0.440085 6.93754 0
    endloop
  endfacet
  facet normal 0.427532 0.904 6.55378e-08
    outer loop
      vertex -0.440085 6.93754 12.4113
      vertex -0.542106 6.98579 0
      vertex -0.47897 6.95593 12.421
    endloop
  endfacet
  facet normal 0.427542 0.903995 0
    outer loop
      vertex -0.47897 6.95593 12.421
      vertex -0.542106 6.98579 0
      vertex -0.542106 6.98579 12.4436
    endloop
  endfacet
  facet normal -0.941545 0.336886 0
    outer loop
      vertex 1.06246 7.55991 15.2612
      vertex 1.10048 7.66617 19
      vertex 1.10048 7.66617 15.2268
    endloop
  endfacet
  facet normal -0.941545 0.336886 0
    outer loop
      vertex 1.10048 7.66617 19
      vertex 1.06246 7.55991 15.2612
      vertex 1.06246 7.55991 19
    endloop
  endfacet
  facet normal -0.941545 0.336886 0
    outer loop
      vertex 1.06246 7.55991 12.7388
      vertex 1.10048 7.66617 0
      vertex 1.06246 7.55991 0
    endloop
  endfacet
  facet normal -0.941545 0.336886 0
    outer loop
      vertex 1.10048 7.66617 0
      vertex 1.06246 7.55991 12.7388
      vertex 1.10048 7.66617 12.7732
    endloop
  endfacet
  facet normal -0.998794 0.0490891 0
    outer loop
      vertex 1.14446 7.88728 15.1869
      vertex 1.15 8 19
      vertex 1.15 8 15.1819
    endloop
  endfacet
  facet normal -0.998794 0.0490891 0
    outer loop
      vertex 1.15 8 19
      vertex 1.14446 7.88728 15.1869
      vertex 1.14446 7.88728 19
    endloop
  endfacet
  facet normal -0.998794 0.0490891 0
    outer loop
      vertex 1.14446 7.88728 12.8131
      vertex 1.15 8 0
      vertex 1.14446 7.88728 0
    endloop
  endfacet
  facet normal -0.998794 0.0490891 0
    outer loop
      vertex 1.15 8 0
      vertex 1.14446 7.88728 12.8131
      vertex 1.15 8 12.8181
    endloop
  endfacet
  facet normal 0.0490891 0.998794 -0
    outer loop
      vertex 0 6.85 15.65
      vertex -0.11272 6.85554 19
      vertex 0 6.85 19
    endloop
  endfacet
  facet normal 0.0490891 0.998794 0
    outer loop
      vertex -0.11272 6.85554 19
      vertex 0 6.85 15.65
      vertex -0.11272 6.85554 15.6445
    endloop
  endfacet
  facet normal 0.0490891 0.998794 0
    outer loop
      vertex -0.11272 6.85554 0
      vertex 0 6.85 12.35
      vertex 0 6.85 0
    endloop
  endfacet
  facet normal 0.0490891 0.998794 0
    outer loop
      vertex 0 6.85 12.35
      vertex -0.11272 6.85554 0
      vertex -0.11272 6.85554 12.3555
    endloop
  endfacet
  facet normal -0.740946 0.671565 0
    outer loop
      vertex 0.813172 7.18683 15.434
      vertex 0.888962 7.27045 19
      vertex 0.888962 7.27045 15.3885
    endloop
  endfacet
  facet normal -0.740946 0.671565 0
    outer loop
      vertex 0.888962 7.27045 19
      vertex 0.813172 7.18683 15.434
      vertex 0.813172 7.18683 19
    endloop
  endfacet
  facet normal -0.740946 0.671565 0
    outer loop
      vertex 0.813172 7.18683 12.566
      vertex 0.888962 7.27045 0
      vertex 0.813172 7.18683 0
    endloop
  endfacet
  facet normal -0.740946 0.671565 0
    outer loop
      vertex 0.888962 7.27045 0
      vertex 0.813172 7.18683 12.566
      vertex 0.888962 7.27045 12.6115
    endloop
  endfacet
  facet normal -0.671565 -0.740946 0
    outer loop
      vertex 0.729552 8.88896 15.478
      vertex 0.813172 8.81317 19
      vertex 0.729552 8.88896 19
    endloop
  endfacet
  facet normal -0.671533 -0.740974 -1.36458e-06
    outer loop
      vertex 0.777804 8.84523 15.4552
      vertex 0.813172 8.81317 19
      vertex 0.729552 8.88896 15.478
    endloop
  endfacet
  facet normal -0.671609 -0.740906 -0
    outer loop
      vertex 0.813172 8.81317 19
      vertex 0.777804 8.84523 15.4552
      vertex 0.813172 8.81317 15.434
    endloop
  endfacet
  facet normal -0.671565 -0.740946 0
    outer loop
      vertex 0.813172 8.81317 0
      vertex 0.729552 8.88896 12.522
      vertex 0.729552 8.88896 0
    endloop
  endfacet
  facet normal -0.671533 -0.740974 3.86894e-07
    outer loop
      vertex 0.729552 8.88896 12.522
      vertex 0.813172 8.81317 0
      vertex 0.777804 8.84523 12.5448
    endloop
  endfacet
  facet normal -0.671609 -0.740906 0
    outer loop
      vertex 0.777804 8.84523 12.5448
      vertex 0.813172 8.81317 0
      vertex 0.813172 8.81317 12.566
    endloop
  endfacet
  facet normal -0.740946 -0.671565 -0
    outer loop
      vertex 0.888962 8.72955 19
      vertex 0.813172 8.81317 15.434
      vertex 0.888962 8.72955 15.3885
    endloop
  endfacet
  facet normal -0.740946 -0.671565 0
    outer loop
      vertex 0.813172 8.81317 15.434
      vertex 0.888962 8.72955 19
      vertex 0.813172 8.81317 19
    endloop
  endfacet
  facet normal -0.740946 -0.671565 0
    outer loop
      vertex 0.888962 8.72955 0
      vertex 0.813172 8.81317 12.566
      vertex 0.813172 8.81317 0
    endloop
  endfacet
  facet normal -0.740946 -0.671565 0
    outer loop
      vertex 0.813172 8.81317 12.566
      vertex 0.888962 8.72955 0
      vertex 0.888962 8.72955 12.6115
    endloop
  endfacet
  facet normal 0.970035 0.242967 0
    outer loop
      vertex -9.10048 -0.333827 14.5624
      vertex -9.1279 -0.224354 0
      vertex -9.1279 -0.224354 14.6377
    endloop
  endfacet
  facet normal 0.970035 0.242967 0
    outer loop
      vertex -9.1279 -0.224354 0
      vertex -9.10048 -0.333827 14.5624
      vertex -9.10048 -0.333827 0
    endloop
  endfacet
  facet normal 0.336886 -0.941545 0
    outer loop
      vertex -8.33383 1.10048 0
      vertex -8.44009 1.06246 15.9398
      vertex -8.44009 1.06246 0
    endloop
  endfacet
  facet normal 0.336886 -0.941545 0
    outer loop
      vertex -8.44009 1.06246 15.9398
      vertex -8.33383 1.10048 0
      vertex -8.33383 1.10048 15.9972
    endloop
  endfacet
  facet normal 0.803198 0.595713 0
    outer loop
      vertex -8.88896 -0.729552 14.3449
      vertex -8.95619 -0.638906 0
      vertex -8.95619 -0.638906 14.3856
    endloop
  endfacet
  facet normal 0.803198 0.595713 0
    outer loop
      vertex -8.95619 -0.638906 0
      vertex -8.88896 -0.729552 14.3449
      vertex -8.88896 -0.729552 0
    endloop
  endfacet
  facet normal 0.998794 0.0490891 0
    outer loop
      vertex -9.14446 -0.11272 14.7199
      vertex -9.15 0 0
      vertex -9.15 0 14.8084
    endloop
  endfacet
  facet normal 0.998794 0.0490891 0
    outer loop
      vertex -9.15 0 0
      vertex -9.14446 -0.11272 14.7199
      vertex -9.14446 -0.11272 0
    endloop
  endfacet
  facet normal 0.436744 -0.899405 -0.0180451
    outer loop
      vertex -8.54211 1.01421 15.8755
      vertex -8.44009 1.06246 15.9398
      vertex -8.54045 1.01499 15.8768
    endloop
  endfacet
  facet normal 0.427542 -0.903996 0
    outer loop
      vertex -8.44009 1.06246 0
      vertex -8.54211 1.01421 15.8755
      vertex -8.54211 1.01421 0
    endloop
  endfacet
  facet normal 0.427542 -0.903996 0
    outer loop
      vertex -8.54211 1.01421 15.8755
      vertex -8.44009 1.06246 0
      vertex -8.44009 1.06246 15.9398
    endloop
  endfacet
  facet normal -0.514111 -0.857723 0
    outer loop
      vertex -7.45789 1.01421 0
      vertex -7.36109 0.956189 16.0655
      vertex -7.45789 1.01421 16.096
    endloop
  endfacet
  facet normal -0.514111 -0.857723 -0
    outer loop
      vertex -7.36109 0.956189 16.0655
      vertex -7.45789 1.01421 0
      vertex -7.36109 0.956189 0
    endloop
  endfacet
  facet normal 0.242953 -0.970038 0
    outer loop
      vertex -8.22435 1.1279 0
      vertex -8.33383 1.10048 15.9972
      vertex -8.33383 1.10048 0
    endloop
  endfacet
  facet normal 0.242953 -0.970038 0
    outer loop
      vertex -8.33383 1.10048 15.9972
      vertex -8.22435 1.1279 0
      vertex -8.22435 1.1279 16.0475
    endloop
  endfacet
  facet normal -0.427542 0.903996 0
    outer loop
      vertex -7.45789 -1.01421 0
      vertex -7.55991 -1.06246 14.5723
      vertex -7.45789 -1.01421 14.6364
    endloop
  endfacet
  facet normal -0.427542 0.903996 0
    outer loop
      vertex -7.55991 -1.06246 14.5723
      vertex -7.45789 -1.01421 0
      vertex -7.55991 -1.06246 0
    endloop
  endfacet
  facet normal -0.903997 -0.427538 -0
    outer loop
      vertex -6.93754 0.440085 15.7486
      vertex -6.98579 0.542106 0
      vertex -6.93754 0.440085 0
    endloop
  endfacet
  facet normal -0.903997 -0.427538 0
    outer loop
      vertex -6.98579 0.542106 0
      vertex -6.93754 0.440085 15.7486
      vertex -6.98579 0.542106 15.8151
    endloop
  endfacet
  facet normal -0.595721 0.803191 0
    outer loop
      vertex -7.27045 -0.888962 0
      vertex -7.36109 -0.956189 14.6966
      vertex -7.27045 -0.888962 14.762
    endloop
  endfacet
  facet normal -0.595721 0.803191 0
    outer loop
      vertex -7.36109 -0.956189 14.6966
      vertex -7.27045 -0.888962 0
      vertex -7.36109 -0.956189 0
    endloop
  endfacet
  facet normal 0.0490891 -0.998794 0
    outer loop
      vertex -8 1.15 0
      vertex -8.11272 1.14446 16.0871
      vertex -8.11272 1.14446 0
    endloop
  endfacet
  facet normal 0.0490891 -0.998794 0
    outer loop
      vertex -8.11272 1.14446 16.0871
      vertex -8 1.15 0
      vertex -8 1.15 16.1116
    endloop
  endfacet
  facet normal 0.514111 0.857723 -0
    outer loop
      vertex -8.54211 -1.01421 0
      vertex -8.63891 -0.956189 14.2828
      vertex -8.54211 -1.01421 14.2828
    endloop
  endfacet
  facet normal 0.514111 0.857723 0
    outer loop
      vertex -8.63891 -0.956189 14.2828
      vertex -8.54211 -1.01421 0
      vertex -8.63891 -0.956189 0
    endloop
  endfacet
  facet normal -0.989176 0.146736 0
    outer loop
      vertex -6.8721 -0.224354 15.2923
      vertex -6.85554 -0.11272 0
      vertex -6.8721 -0.224354 0
    endloop
  endfacet
  facet normal -0.989176 0.146736 0
    outer loop
      vertex -6.85554 -0.11272 0
      vertex -6.8721 -0.224354 15.2923
      vertex -6.85554 -0.11272 15.3719
    endloop
  endfacet
  facet normal 0.336886 0.941545 -0
    outer loop
      vertex -8.33383 -1.10048 0
      vertex -8.44009 -1.06246 14.2876
      vertex -8.33383 -1.10048 14.2972
    endloop
  endfacet
  facet normal 0.336886 0.941545 0
    outer loop
      vertex -8.44009 -1.06246 14.2876
      vertex -8.33383 -1.10048 0
      vertex -8.44009 -1.06246 0
    endloop
  endfacet
  facet normal 0.0490891 0.998794 -0
    outer loop
      vertex -8 -1.15 0
      vertex -8.11272 -1.14446 14.3446
      vertex -8 -1.15 14.382
    endloop
  endfacet
  facet normal 0.0490891 0.998794 0
    outer loop
      vertex -8.11272 -1.14446 14.3446
      vertex -8 -1.15 0
      vertex -8.11272 -1.14446 0
    endloop
  endfacet
  facet normal 0.242953 0.970038 -0
    outer loop
      vertex -8.22435 -1.1279 0
      vertex -8.33383 -1.10048 14.2972
      vertex -8.22435 -1.1279 14.3162
    endloop
  endfacet
  facet normal 0.242953 0.970038 0
    outer loop
      vertex -8.33383 -1.10048 14.2972
      vertex -8.22435 -1.1279 0
      vertex -8.33383 -1.10048 0
    endloop
  endfacet
  facet normal -0.242942 -0.970041 0.000671959
    outer loop
      vertex -7.77565 1.1279 16.1364
      vertex -7.66617 1.10048 16.1346
      vertex -7.69144 1.10681 16.1364
    endloop
  endfacet
  facet normal -0.242953 -0.970038 0
    outer loop
      vertex -7.77565 1.1279 0
      vertex -7.66617 1.10048 16.1346
      vertex -7.77565 1.1279 16.1364
    endloop
  endfacet
  facet normal -0.242953 -0.970038 -0
    outer loop
      vertex -7.66617 1.10048 16.1346
      vertex -7.77565 1.1279 0
      vertex -7.66617 1.10048 0
    endloop
  endfacet
  facet normal 0.595721 0.803191 0
    outer loop
      vertex -8.72955 -0.888962 0
      vertex -8.63891 -0.956189 14.2828
      vertex -8.63891 -0.956189 0
    endloop
  endfacet
  facet normal 0.595721 0.803191 0
    outer loop
      vertex -8.63891 -0.956189 14.2828
      vertex -8.72955 -0.888962 0
      vertex -8.72955 -0.888962 14.2932
    endloop
  endfacet
  facet normal -0.146741 0.989175 0
    outer loop
      vertex -7.77565 -1.1279 0
      vertex -7.88728 -1.14446 14.4219
      vertex -7.77565 -1.1279 14.4646
    endloop
  endfacet
  facet normal -0.146741 0.989175 0
    outer loop
      vertex -7.88728 -1.14446 14.4219
      vertex -7.77565 -1.1279 0
      vertex -7.88728 -1.14446 0
    endloop
  endfacet
  facet normal 0.146741 0.989175 -0
    outer loop
      vertex -8.11272 -1.14446 0
      vertex -8.22435 -1.1279 14.3162
      vertex -8.11272 -1.14446 14.3446
    endloop
  endfacet
  facet normal 0.146741 0.989175 0
    outer loop
      vertex -8.22435 -1.1279 14.3162
      vertex -8.11272 -1.14446 0
      vertex -8.22435 -1.1279 0
    endloop
  endfacet
  facet normal -0.049229 0.998787 0.000396376
    outer loop
      vertex -7.88728 -1.14446 14.4219
      vertex -8 -1.15 14.382
      vertex -7.9485 -1.14747 14.4031
    endloop
  endfacet
  facet normal -0.0490891 0.998794 0
    outer loop
      vertex -7.88728 -1.14446 0
      vertex -8 -1.15 14.382
      vertex -7.88728 -1.14446 14.4219
    endloop
  endfacet
  facet normal -0.0490891 0.998794 0
    outer loop
      vertex -8 -1.15 14.382
      vertex -7.88728 -1.14446 0
      vertex -8 -1.15 0
    endloop
  endfacet
  facet normal -0.96999 -0.243143 0
    outer loop
      vertex -6.89952 0.333827 0
      vertex -6.89679 0.322936 15.6716
      vertex -6.89952 0.333827 15.6788
    endloop
  endfacet
  facet normal -0.970035 -0.242967 -0
    outer loop
      vertex -6.8721 0.224354 15.6054
      vertex -6.89952 0.333827 0
      vertex -6.8721 0.224354 0
    endloop
  endfacet
  facet normal -0.970039 -0.242948 1.4439e-07
    outer loop
      vertex -6.89952 0.333827 0
      vertex -6.8721 0.224354 15.6054
      vertex -6.89679 0.322936 15.6716
    endloop
  endfacet
  facet normal -0.671565 0.740946 0
    outer loop
      vertex -7.18683 -0.813172 0
      vertex -7.27045 -0.888962 14.762
      vertex -7.18683 -0.813172 14.8323
    endloop
  endfacet
  facet normal -0.671565 0.740946 0
    outer loop
      vertex -7.27045 -0.888962 14.762
      vertex -7.18683 -0.813172 0
      vertex -7.27045 -0.888962 0
    endloop
  endfacet
  facet normal -0.740946 0.671565 0
    outer loop
      vertex -7.18683 -0.813172 14.8323
      vertex -7.11104 -0.729552 0
      vertex -7.18683 -0.813172 0
    endloop
  endfacet
  facet normal -0.740946 0.671565 0
    outer loop
      vertex -7.11104 -0.729552 0
      vertex -7.18683 -0.813172 14.8323
      vertex -7.11104 -0.729552 14.9069
    endloop
  endfacet
  facet normal 0.970035 -0.242967 0
    outer loop
      vertex -9.1279 0.224354 15.0006
      vertex -9.10048 0.333827 0
      vertex -9.10048 0.333827 15.1024
    endloop
  endfacet
  facet normal 0.970035 -0.242967 0
    outer loop
      vertex -9.10048 0.333827 0
      vertex -9.1279 0.224354 15.0006
      vertex -9.1279 0.224354 0
    endloop
  endfacet
  facet normal -0.941543 -0.336892 -0
    outer loop
      vertex -6.89952 0.333827 15.6788
      vertex -6.93754 0.440085 0
      vertex -6.89952 0.333827 0
    endloop
  endfacet
  facet normal -0.941543 -0.336892 0
    outer loop
      vertex -6.93754 0.440085 0
      vertex -6.89952 0.333827 15.6788
      vertex -6.93754 0.440085 15.7486
    endloop
  endfacet
  facet normal -0.857727 0.514105 0
    outer loop
      vertex -7.04381 -0.638906 14.9851
      vertex -6.98579 -0.542106 15.0588
      vertex -6.98579 -0.542106 0
    endloop
  endfacet
  facet normal -0.857727 0.514105 0
    outer loop
      vertex -7.04381 -0.638906 14.9851
      vertex -6.98579 -0.542106 0
      vertex -7.04381 -0.638906 0
    endloop
  endfacet
  facet normal -0.852949 0.52181 -0.0138825
    outer loop
      vertex -6.98579 -0.542106 15.0588
      vertex -7.04381 -0.638906 14.9851
      vertex -7.04268 -0.637019 14.9866
    endloop
  endfacet
  facet normal 0.989176 0.146736 0
    outer loop
      vertex -9.1279 -0.224354 14.6377
      vertex -9.14446 -0.11272 0
      vertex -9.14446 -0.11272 14.7199
    endloop
  endfacet
  facet normal 0.989176 0.146736 0
    outer loop
      vertex -9.14446 -0.11272 0
      vertex -9.1279 -0.224354 14.6377
      vertex -9.1279 -0.224354 0
    endloop
  endfacet
  facet normal 0.147082 -0.989124 -0.000980544
    outer loop
      vertex -8.22435 1.1279 16.0475
      vertex -8.11272 1.14446 16.0871
      vertex -8.14668 1.13942 16.0772
    endloop
  endfacet
  facet normal 0.146741 -0.989175 0
    outer loop
      vertex -8.11272 1.14446 0
      vertex -8.22435 1.1279 16.0475
      vertex -8.22435 1.1279 0
    endloop
  endfacet
  facet normal 0.146741 -0.989175 0
    outer loop
      vertex -8.22435 1.1279 16.0475
      vertex -8.11272 1.14446 0
      vertex -8.11272 1.14446 16.0871
    endloop
  endfacet
  facet normal 0.941543 0.336892 0
    outer loop
      vertex -9.06246 -0.440085 14.4949
      vertex -9.10048 -0.333827 0
      vertex -9.10048 -0.333827 14.5624
    endloop
  endfacet
  facet normal 0.941543 0.336892 0
    outer loop
      vertex -9.10048 -0.333827 0
      vertex -9.06246 -0.440085 14.4949
      vertex -9.06246 -0.440085 0
    endloop
  endfacet
  facet normal 0.671565 0.740946 0
    outer loop
      vertex -8.81317 -0.813172 0
      vertex -8.72955 -0.888962 14.2932
      vertex -8.72955 -0.888962 0
    endloop
  endfacet
  facet normal 0.671565 0.740946 0
    outer loop
      vertex -8.72955 -0.888962 14.2932
      vertex -8.81317 -0.813172 0
      vertex -8.81317 -0.813172 14.314
    endloop
  endfacet
  facet normal -0.740946 -0.671565 -0
    outer loop
      vertex -7.11104 0.729552 15.9332
      vertex -7.18683 0.813172 0
      vertex -7.11104 0.729552 0
    endloop
  endfacet
  facet normal -0.740946 -0.671565 0
    outer loop
      vertex -7.18683 0.813172 0
      vertex -7.11104 0.729552 15.9332
      vertex -7.18683 0.813172 15.9837
    endloop
  endfacet
  facet normal 0.903997 0.427538 0
    outer loop
      vertex -9.01421 -0.542106 14.4358
      vertex -9.06246 -0.440085 0
      vertex -9.06246 -0.440085 14.4949
    endloop
  endfacet
  facet normal 0.903997 0.427538 0
    outer loop
      vertex -9.06246 -0.440085 0
      vertex -9.01421 -0.542106 14.4358
      vertex -9.01421 -0.542106 0
    endloop
  endfacet
  facet normal -0.513613 0.858021 -0.00108785
    outer loop
      vertex -7.36109 -0.956189 14.6966
      vertex -7.45789 -1.01421 14.6364
      vertex -7.45392 -1.01183 14.6392
    endloop
  endfacet
  facet normal -0.514111 0.857723 0
    outer loop
      vertex -7.36109 -0.956189 0
      vertex -7.45789 -1.01421 14.6364
      vertex -7.36109 -0.956189 14.6966
    endloop
  endfacet
  facet normal -0.514111 0.857723 0
    outer loop
      vertex -7.45789 -1.01421 14.6364
      vertex -7.36109 -0.956189 0
      vertex -7.45789 -1.01421 0
    endloop
  endfacet
  facet normal -0.242953 0.970038 0
    outer loop
      vertex -7.66617 -1.10048 0
      vertex -7.77565 -1.1279 14.4646
      vertex -7.66617 -1.10048 14.5149
    endloop
  endfacet
  facet normal -0.242953 0.970038 0
    outer loop
      vertex -7.77565 -1.1279 14.4646
      vertex -7.66617 -1.10048 0
      vertex -7.77565 -1.1279 0
    endloop
  endfacet
  facet normal -0.803198 0.595713 0
    outer loop
      vertex -7.11104 -0.729552 14.9069
      vertex -7.04381 -0.638906 0
      vertex -7.11104 -0.729552 0
    endloop
  endfacet
  facet normal -0.803198 0.595713 0
    outer loop
      vertex -7.04381 -0.638906 0
      vertex -7.11104 -0.729552 14.9069
      vertex -7.04381 -0.638906 14.9851
    endloop
  endfacet
  facet normal 0.514111 -0.857723 0
    outer loop
      vertex -8.54211 1.01421 0
      vertex -8.63891 0.956189 15.7943
      vertex -8.63891 0.956189 0
    endloop
  endfacet
  facet normal 0.514111 -0.857723 0
    outer loop
      vertex -8.63891 0.956189 15.7943
      vertex -8.54211 1.01421 0
      vertex -8.54211 1.01421 15.8755
    endloop
  endfacet
  facet normal 0.805054 -0.593193 -0.00336078
    outer loop
      vertex -8.95619 0.638906 15.4192
      vertex -8.88896 0.729552 15.5243
      vertex -8.89428 0.722375 15.5167
    endloop
  endfacet
  facet normal 0.803198 -0.595713 0
    outer loop
      vertex -8.88896 0.729552 15.5243
      vertex -8.95619 0.638906 15.4192
      vertex -8.88896 0.729552 0
    endloop
  endfacet
  facet normal 0.803198 -0.595713 0
    outer loop
      vertex -8.88896 0.729552 0
      vertex -8.95619 0.638906 15.4192
      vertex -8.95619 0.638906 0
    endloop
  endfacet
  facet normal 0.857727 -0.514105 0
    outer loop
      vertex -9.01421 0.542106 15.3127
      vertex -8.95619 0.638906 0
      vertex -8.95619 0.638906 15.4192
    endloop
  endfacet
  facet normal 0.857727 -0.514105 0
    outer loop
      vertex -8.95619 0.638906 0
      vertex -9.01421 0.542106 15.3127
      vertex -9.01421 0.542106 0
    endloop
  endfacet
  facet normal 0.427514 0.904009 0.000718413
    outer loop
      vertex -8.44009 -1.06246 14.2876
      vertex -8.54211 -1.01421 14.2828
      vertex -8.49509 -1.03645 14.2876
    endloop
  endfacet
  facet normal 0.427542 0.903996 -0
    outer loop
      vertex -8.44009 -1.06246 0
      vertex -8.54211 -1.01421 14.2828
      vertex -8.44009 -1.06246 14.2876
    endloop
  endfacet
  facet normal 0.427542 0.903996 0
    outer loop
      vertex -8.54211 -1.01421 14.2828
      vertex -8.44009 -1.06246 0
      vertex -8.54211 -1.01421 0
    endloop
  endfacet
  facet normal 0.903997 -0.427538 0
    outer loop
      vertex -9.06246 0.440085 15.2068
      vertex -9.01421 0.542106 0
      vertex -9.01421 0.542106 15.3127
    endloop
  endfacet
  facet normal 0.903997 -0.427538 0
    outer loop
      vertex -9.01421 0.542106 0
      vertex -9.06246 0.440085 15.2068
      vertex -9.06246 0.440085 0
    endloop
  endfacet
  facet normal 0.857727 0.514105 0
    outer loop
      vertex -8.95619 -0.638906 14.3856
      vertex -9.01421 -0.542106 0
      vertex -9.01421 -0.542106 14.4358
    endloop
  endfacet
  facet normal 0.857727 0.514105 0
    outer loop
      vertex -9.01421 -0.542106 0
      vertex -8.95619 -0.638906 14.3856
      vertex -8.95619 -0.638906 0
    endloop
  endfacet
  facet normal 0.989176 -0.146736 0
    outer loop
      vertex -9.14446 0.11272 14.9023
      vertex -9.1279 0.224354 0
      vertex -9.1279 0.224354 15.0006
    endloop
  endfacet
  facet normal 0.989176 -0.146736 0
    outer loop
      vertex -9.1279 0.224354 0
      vertex -9.14446 0.11272 14.9023
      vertex -9.14446 0.11272 0
    endloop
  endfacet
  facet normal -0.970035 0.242967 0
    outer loop
      vertex -6.89952 -0.333827 15.213
      vertex -6.8721 -0.224354 0
      vertex -6.89952 -0.333827 0
    endloop
  endfacet
  facet normal -0.970035 0.242967 0
    outer loop
      vertex -6.8721 -0.224354 0
      vertex -6.89952 -0.333827 15.213
      vertex -6.8721 -0.224354 15.2923
    endloop
  endfacet
  facet normal 0.595721 -0.803191 0
    outer loop
      vertex -8.63891 0.956189 0
      vertex -8.72955 0.888962 15.7081
      vertex -8.72955 0.888962 0
    endloop
  endfacet
  facet normal 0.595721 -0.803191 0
    outer loop
      vertex -8.72955 0.888962 15.7081
      vertex -8.63891 0.956189 0
      vertex -8.63891 0.956189 15.7943
    endloop
  endfacet
  facet normal -0.857755 -0.514058 0
    outer loop
      vertex -7.04381 0.638906 0
      vertex -6.99923 0.56452 15.8296
      vertex -7.04381 0.638906 15.8769
    endloop
  endfacet
  facet normal -0.857727 -0.514105 -0
    outer loop
      vertex -6.98579 0.542106 15.8151
      vertex -7.04381 0.638906 0
      vertex -6.98579 0.542106 0
    endloop
  endfacet
  facet normal -0.857635 -0.514259 -1.28138e-06
    outer loop
      vertex -7.04381 0.638906 0
      vertex -6.98579 0.542106 15.8151
      vertex -6.99923 0.56452 15.8296
    endloop
  endfacet
  facet normal -0.336886 0.941545 0
    outer loop
      vertex -7.55991 -1.06246 0
      vertex -7.66617 -1.10048 14.5149
      vertex -7.55991 -1.06246 14.5723
    endloop
  endfacet
  facet normal -0.336886 0.941545 0
    outer loop
      vertex -7.66617 -1.10048 14.5149
      vertex -7.55991 -1.06246 0
      vertex -7.66617 -1.10048 0
    endloop
  endfacet
  facet normal -0.989176 -0.146736 -0
    outer loop
      vertex -6.85554 0.11272 15.5292
      vertex -6.8721 0.224354 0
      vertex -6.85554 0.11272 0
    endloop
  endfacet
  facet normal -0.989176 -0.146736 0
    outer loop
      vertex -6.8721 0.224354 0
      vertex -6.85554 0.11272 15.5292
      vertex -6.8721 0.224354 15.6054
    endloop
  endfacet
  facet normal 0.740946 0.671565 0
    outer loop
      vertex -8.81317 -0.813172 14.314
      vertex -8.88896 -0.729552 0
      vertex -8.88896 -0.729552 14.3449
    endloop
  endfacet
  facet normal 0.740946 0.671565 0
    outer loop
      vertex -8.88896 -0.729552 0
      vertex -8.81317 -0.813172 14.314
      vertex -8.81317 -0.813172 0
    endloop
  endfacet
  facet normal -0.595721 -0.803191 0
    outer loop
      vertex -7.36109 0.956189 0
      vertex -7.27045 0.888962 16.028
      vertex -7.36109 0.956189 16.0655
    endloop
  endfacet
  facet normal -0.595721 -0.803191 -0
    outer loop
      vertex -7.27045 0.888962 16.028
      vertex -7.36109 0.956189 0
      vertex -7.27045 0.888962 0
    endloop
  endfacet
  facet normal -0.803198 -0.595713 -0
    outer loop
      vertex -7.04381 0.638906 15.8769
      vertex -7.11104 0.729552 0
      vertex -7.04381 0.638906 0
    endloop
  endfacet
  facet normal -0.803198 -0.595713 0
    outer loop
      vertex -7.11104 0.729552 0
      vertex -7.04381 0.638906 15.8769
      vertex -7.11104 0.729552 15.9332
    endloop
  endfacet
  facet normal -0.998794 -0.0490891 -0
    outer loop
      vertex -6.85 0 15.4511
      vertex -6.85554 0.11272 0
      vertex -6.85 0 0
    endloop
  endfacet
  facet normal -0.998794 -0.0490891 0
    outer loop
      vertex -6.85554 0.11272 0
      vertex -6.85 0 15.4511
      vertex -6.85554 0.11272 15.5292
    endloop
  endfacet
  facet normal -0.427542 -0.903996 0
    outer loop
      vertex -7.55991 1.06246 0
      vertex -7.45789 1.01421 16.096
      vertex -7.55991 1.06246 16.1191
    endloop
  endfacet
  facet normal -0.427542 -0.903996 -0
    outer loop
      vertex -7.45789 1.01421 16.096
      vertex -7.55991 1.06246 0
      vertex -7.45789 1.01421 0
    endloop
  endfacet
  facet normal 0.941543 -0.336892 0
    outer loop
      vertex -9.10048 0.333827 15.1024
      vertex -9.06246 0.440085 0
      vertex -9.06246 0.440085 15.2068
    endloop
  endfacet
  facet normal 0.941543 -0.336892 0
    outer loop
      vertex -9.06246 0.440085 0
      vertex -9.10048 0.333827 15.1024
      vertex -9.10048 0.333827 0
    endloop
  endfacet
  facet normal -0.941543 0.336892 0
    outer loop
      vertex -6.93754 -0.440085 15.135
      vertex -6.89952 -0.333827 0
      vertex -6.93754 -0.440085 0
    endloop
  endfacet
  facet normal -0.941543 0.336892 0
    outer loop
      vertex -6.89952 -0.333827 0
      vertex -6.93754 -0.440085 15.135
      vertex -6.89952 -0.333827 15.213
    endloop
  endfacet
  facet normal 0.998794 -0.0490891 0
    outer loop
      vertex -9.15 0 14.8084
      vertex -9.14446 0.11272 0
      vertex -9.14446 0.11272 14.9023
    endloop
  endfacet
  facet normal 0.998794 -0.0490891 0
    outer loop
      vertex -9.14446 0.11272 0
      vertex -9.15 0 14.8084
      vertex -9.15 0 0
    endloop
  endfacet
  facet normal -0.903997 0.427538 0
    outer loop
      vertex -6.98579 -0.542106 15.0588
      vertex -6.93754 -0.440085 0
      vertex -6.98579 -0.542106 0
    endloop
  endfacet
  facet normal -0.903997 0.427538 0
    outer loop
      vertex -6.93754 -0.440085 0
      vertex -6.98579 -0.542106 15.0588
      vertex -6.93754 -0.440085 15.135
    endloop
  endfacet
  facet normal -0.0490891 -0.998794 0
    outer loop
      vertex -7.88728 1.14446 0
      vertex -8 1.15 16.1116
      vertex -8 1.15 0
    endloop
  endfacet
  facet normal -0.0490891 -0.998794 0
    outer loop
      vertex -8 1.15 16.1116
      vertex -7.88728 1.14446 0
      vertex -7.88728 1.14446 16.1281
    endloop
  endfacet
  facet normal -0.146741 -0.989175 0
    outer loop
      vertex -7.77565 1.1279 0
      vertex -7.88728 1.14446 16.1281
      vertex -7.88728 1.14446 0
    endloop
  endfacet
  facet normal -0.146741 -0.989175 0
    outer loop
      vertex -7.88728 1.14446 16.1281
      vertex -7.77565 1.1279 0
      vertex -7.77565 1.1279 16.1364
    endloop
  endfacet
  facet normal -0.998794 0.0490891 0
    outer loop
      vertex -6.85554 -0.11272 15.3719
      vertex -6.85 0 0
      vertex -6.85554 -0.11272 0
    endloop
  endfacet
  facet normal -0.998794 0.0490891 0
    outer loop
      vertex -6.85 0 0
      vertex -6.85554 -0.11272 15.3719
      vertex -6.85 0 15.4511
    endloop
  endfacet
  facet normal -0.336886 -0.941545 0
    outer loop
      vertex -7.66617 1.10048 0
      vertex -7.55991 1.06246 16.1191
      vertex -7.66617 1.10048 16.1346
    endloop
  endfacet
  facet normal -0.336886 -0.941545 -0
    outer loop
      vertex -7.55991 1.06246 16.1191
      vertex -7.66617 1.10048 0
      vertex -7.55991 1.06246 0
    endloop
  endfacet
  facet normal -0.671565 -0.740946 0
    outer loop
      vertex -7.27045 0.888962 0
      vertex -7.18683 0.813172 15.9837
      vertex -7.27045 0.888962 16.028
    endloop
  endfacet
  facet normal -0.671565 -0.740946 -0
    outer loop
      vertex -7.18683 0.813172 15.9837
      vertex -7.27045 0.888962 0
      vertex -7.18683 0.813172 0
    endloop
  endfacet
  facet normal 0.740946 -0.671565 0
    outer loop
      vertex -8.88896 0.729552 15.5243
      vertex -8.81317 0.813172 0
      vertex -8.81317 0.813172 15.6178
    endloop
  endfacet
  facet normal 0.740946 -0.671565 0
    outer loop
      vertex -8.81317 0.813172 0
      vertex -8.88896 0.729552 15.5243
      vertex -8.88896 0.729552 0
    endloop
  endfacet
  facet normal 0.671565 -0.740946 0
    outer loop
      vertex -8.72955 0.888962 0
      vertex -8.81317 0.813172 15.6178
      vertex -8.81317 0.813172 0
    endloop
  endfacet
  facet normal 0.671565 -0.740946 0
    outer loop
      vertex -8.81317 0.813172 15.6178
      vertex -8.72955 0.888962 0
      vertex -8.72955 0.888962 15.7081
    endloop
  endfacet
  facet normal -0.242967 0.970035 0
    outer loop
      vertex 0.333827 -9.10048 0
      vertex 0.224354 -9.1279 9.52528
      vertex 0.333827 -9.10048 9.54316
    endloop
  endfacet
  facet normal -0.242967 0.970035 0
    outer loop
      vertex 0.224354 -9.1279 9.52528
      vertex 0.333827 -9.10048 0
      vertex 0.224354 -9.1279 0
    endloop
  endfacet
  facet normal -0.989175 -0.146741 -0
    outer loop
      vertex 1.14446 -7.88728 10.3344
      vertex 1.1279 -7.77565 0
      vertex 1.14446 -7.88728 0
    endloop
  endfacet
  facet normal -0.989175 -0.146741 0
    outer loop
      vertex 1.1279 -7.77565 0
      vertex 1.14446 -7.88728 10.3344
      vertex 1.1279 -7.77565 10.4072
    endloop
  endfacet
  facet normal 0.941545 0.336886 0
    outer loop
      vertex -1.06246 -8.44009 9.97386
      vertex -1.10048 -8.33383 0
      vertex -1.10048 -8.33383 10.0432
    endloop
  endfacet
  facet normal 0.941545 0.336886 0
    outer loop
      vertex -1.10048 -8.33383 0
      vertex -1.06246 -8.44009 9.97386
      vertex -1.06246 -8.44009 0
    endloop
  endfacet
  facet normal -0.514105 -0.857727 0
    outer loop
      vertex 0.542106 -6.98579 0
      vertex 0.638906 -7.04381 10.8845
      vertex 0.542106 -6.98579 10.9223
    endloop
  endfacet
  facet normal -0.514105 -0.857727 -0
    outer loop
      vertex 0.638906 -7.04381 10.8845
      vertex 0.542106 -6.98579 0
      vertex 0.638906 -7.04381 0
    endloop
  endfacet
  facet normal -0.595713 0.803198 0
    outer loop
      vertex 0.729552 -8.88896 0
      vertex 0.638906 -8.95619 9.63727
      vertex 0.729552 -8.88896 9.68111
    endloop
  endfacet
  facet normal -0.595713 0.803198 0
    outer loop
      vertex 0.638906 -8.95619 9.63727
      vertex 0.729552 -8.88896 0
      vertex 0.638906 -8.95619 0
    endloop
  endfacet
  facet normal -0.0490891 0.998794 0
    outer loop
      vertex 0.11272 -9.14446 0
      vertex 0 -9.15 9.51087
      vertex 0.11272 -9.14446 9.51448
    endloop
  endfacet
  facet normal -0.0490891 0.998794 0
    outer loop
      vertex 0 -9.15 9.51087
      vertex 0.11272 -9.14446 0
      vertex 0 -9.15 0
    endloop
  endfacet
  facet normal 0.903996 0.427542 0
    outer loop
      vertex -1.01421 -8.54211 9.90732
      vertex -1.06246 -8.44009 0
      vertex -1.06246 -8.44009 9.97386
    endloop
  endfacet
  facet normal 0.903996 0.427542 0
    outer loop
      vertex -1.06246 -8.44009 0
      vertex -1.01421 -8.54211 9.90732
      vertex -1.01421 -8.54211 0
    endloop
  endfacet
  facet normal 0.0490891 0.998794 0
    outer loop
      vertex -0.11272 -9.14446 0
      vertex 0 -9.15 9.51087
      vertex 0 -9.15 0
    endloop
  endfacet
  facet normal 0.0490891 0.998794 0
    outer loop
      vertex 0 -9.15 9.51087
      vertex -0.11272 -9.14446 0
      vertex -0.11272 -9.14446 9.51448
    endloop
  endfacet
  facet normal 0.857723 -0.514111 0
    outer loop
      vertex -1.01421 -7.45789 10.6144
      vertex -0.956189 -7.36109 0
      vertex -0.956189 -7.36109 10.6775
    endloop
  endfacet
  facet normal 0.857723 -0.514111 0
    outer loop
      vertex -0.956189 -7.36109 0
      vertex -1.01421 -7.45789 10.6144
      vertex -1.01421 -7.45789 0
    endloop
  endfacet
  facet normal 0.970038 0.242953 0
    outer loop
      vertex -1.10048 -8.33383 10.0432
      vertex -1.1279 -8.22435 0
      vertex -1.1279 -8.22435 10.1146
    endloop
  endfacet
  facet normal 0.970038 0.242953 0
    outer loop
      vertex -1.1279 -8.22435 0
      vertex -1.10048 -8.33383 10.0432
      vertex -1.10048 -8.33383 0
    endloop
  endfacet
  facet normal 0.427538 -0.903997 0
    outer loop
      vertex -0.440085 -6.93754 0
      vertex -0.542106 -6.98579 10.9223
      vertex -0.542106 -6.98579 0
    endloop
  endfacet
  facet normal 0.427538 -0.903997 0
    outer loop
      vertex -0.542106 -6.98579 10.9223
      vertex -0.440085 -6.93754 0
      vertex -0.440085 -6.93754 10.9538
    endloop
  endfacet
  facet normal -0.803191 -0.595721 -0
    outer loop
      vertex 0.956189 -7.36109 10.6775
      vertex 0.888962 -7.27045 0
      vertex 0.956189 -7.36109 0
    endloop
  endfacet
  facet normal -0.803191 -0.595721 0
    outer loop
      vertex 0.888962 -7.27045 0
      vertex 0.956189 -7.36109 10.6775
      vertex 0.888962 -7.27045 10.7367
    endloop
  endfacet
  facet normal 0.998794 0.0490891 0
    outer loop
      vertex -1.14446 -8.11272 10.1874
      vertex -1.15 -8 0
      vertex -1.15 -8 10.2609
    endloop
  endfacet
  facet normal 0.998794 0.0490891 0
    outer loop
      vertex -1.15 -8 0
      vertex -1.14446 -8.11272 10.1874
      vertex -1.14446 -8.11272 0
    endloop
  endfacet
  facet normal -0.857723 0.514111 0
    outer loop
      vertex 0.956189 -8.63891 9.84419
      vertex 1.01421 -8.54211 0
      vertex 0.956189 -8.63891 0
    endloop
  endfacet
  facet normal -0.857723 0.514111 0
    outer loop
      vertex 1.01421 -8.54211 0
      vertex 0.956189 -8.63891 9.84419
      vertex 1.01421 -8.54211 9.90732
    endloop
  endfacet
  facet normal -0.941545 0.336886 0
    outer loop
      vertex 1.06246 -8.44009 9.97386
      vertex 1.10048 -8.33383 0
      vertex 1.06246 -8.44009 0
    endloop
  endfacet
  facet normal -0.941545 0.336886 0
    outer loop
      vertex 1.10048 -8.33383 0
      vertex 1.06246 -8.44009 9.97386
      vertex 1.10048 -8.33383 10.0432
    endloop
  endfacet
  facet normal -0.998794 0.0490891 0
    outer loop
      vertex 1.14446 -8.11272 10.1874
      vertex 1.15 -8 0
      vertex 1.14446 -8.11272 0
    endloop
  endfacet
  facet normal -0.998794 0.0490891 0
    outer loop
      vertex 1.15 -8 0
      vertex 1.14446 -8.11272 10.1874
      vertex 1.15 -8 10.2609
    endloop
  endfacet
  facet normal -0.970038 0.242953 0
    outer loop
      vertex 1.10048 -8.33383 10.0432
      vertex 1.1279 -8.22435 0
      vertex 1.10048 -8.33383 0
    endloop
  endfacet
  facet normal -0.970038 0.242953 0
    outer loop
      vertex 1.1279 -8.22435 0
      vertex 1.10048 -8.33383 10.0432
      vertex 1.1279 -8.22435 10.1146
    endloop
  endfacet
  facet normal 0.970038 -0.242953 0
    outer loop
      vertex -1.1279 -7.77565 10.4072
      vertex -1.10048 -7.66617 0
      vertex -1.10048 -7.66617 10.4786
    endloop
  endfacet
  facet normal 0.970038 -0.242953 0
    outer loop
      vertex -1.10048 -7.66617 0
      vertex -1.1279 -7.77565 10.4072
      vertex -1.1279 -7.77565 0
    endloop
  endfacet
  facet normal -0.803191 0.595721 0
    outer loop
      vertex 0.888962 -8.72955 9.78507
      vertex 0.956189 -8.63891 0
      vertex 0.888962 -8.72955 0
    endloop
  endfacet
  facet normal -0.803191 0.595721 0
    outer loop
      vertex 0.956189 -8.63891 0
      vertex 0.888962 -8.72955 9.78507
      vertex 0.956189 -8.63891 9.84419
    endloop
  endfacet
  facet normal 0.595713 0.803198 0
    outer loop
      vertex -0.729552 -8.88896 0
      vertex -0.638906 -8.95619 9.63727
      vertex -0.638906 -8.95619 0
    endloop
  endfacet
  facet normal 0.595713 0.803198 0
    outer loop
      vertex -0.638906 -8.95619 9.63727
      vertex -0.729552 -8.88896 0
      vertex -0.729552 -8.88896 9.68111
    endloop
  endfacet
  facet normal -0.989175 0.146741 0
    outer loop
      vertex 1.1279 -8.22435 10.1146
      vertex 1.14446 -8.11272 0
      vertex 1.1279 -8.22435 0
    endloop
  endfacet
  facet normal -0.989175 0.146741 0
    outer loop
      vertex 1.14446 -8.11272 0
      vertex 1.1279 -8.22435 10.1146
      vertex 1.14446 -8.11272 10.1874
    endloop
  endfacet
  facet normal -0.146736 -0.989176 0
    outer loop
      vertex 0.11272 -6.85554 0
      vertex 0.224354 -6.8721 10.9965
      vertex 0.11272 -6.85554 11.0073
    endloop
  endfacet
  facet normal -0.146736 -0.989176 -0
    outer loop
      vertex 0.224354 -6.8721 10.9965
      vertex 0.11272 -6.85554 0
      vertex 0.224354 -6.8721 0
    endloop
  endfacet
  facet normal 0.242967 -0.970035 0
    outer loop
      vertex -0.224354 -6.8721 0
      vertex -0.333827 -6.89952 10.9786
      vertex -0.333827 -6.89952 0
    endloop
  endfacet
  facet normal 0.242967 -0.970035 0
    outer loop
      vertex -0.333827 -6.89952 10.9786
      vertex -0.224354 -6.8721 0
      vertex -0.224354 -6.8721 10.9965
    endloop
  endfacet
  facet normal -0.941545 -0.336886 -0
    outer loop
      vertex 1.10048 -7.66617 10.4786
      vertex 1.06246 -7.55991 0
      vertex 1.10048 -7.66617 0
    endloop
  endfacet
  facet normal -0.941545 -0.336886 0
    outer loop
      vertex 1.06246 -7.55991 0
      vertex 1.10048 -7.66617 10.4786
      vertex 1.06246 -7.55991 10.5479
    endloop
  endfacet
  facet normal -0.671565 -0.740946 0
    outer loop
      vertex 0.729552 -7.11104 0
      vertex 0.813172 -7.18683 10.7912
      vertex 0.729552 -7.11104 10.8406
    endloop
  endfacet
  facet normal -0.671565 -0.740946 -0
    outer loop
      vertex 0.813172 -7.18683 10.7912
      vertex 0.729552 -7.11104 0
      vertex 0.813172 -7.18683 0
    endloop
  endfacet
  facet normal 0.336892 -0.941543 0
    outer loop
      vertex -0.333827 -6.89952 0
      vertex -0.440085 -6.93754 10.9538
      vertex -0.440085 -6.93754 0
    endloop
  endfacet
  facet normal 0.336892 -0.941543 0
    outer loop
      vertex -0.440085 -6.93754 10.9538
      vertex -0.333827 -6.89952 0
      vertex -0.333827 -6.89952 10.9786
    endloop
  endfacet
  facet normal -0.146736 0.989176 0
    outer loop
      vertex 0.224354 -9.1279 0
      vertex 0.11272 -9.14446 9.51448
      vertex 0.224354 -9.1279 9.52528
    endloop
  endfacet
  facet normal -0.146736 0.989176 0
    outer loop
      vertex 0.11272 -9.14446 9.51448
      vertex 0.224354 -9.1279 0
      vertex 0.11272 -9.14446 0
    endloop
  endfacet
  facet normal 0.336892 0.941543 0
    outer loop
      vertex -0.440085 -9.06246 0
      vertex -0.333827 -9.10048 9.54316
      vertex -0.333827 -9.10048 0
    endloop
  endfacet
  facet normal 0.336892 0.941543 0
    outer loop
      vertex -0.333827 -9.10048 9.54316
      vertex -0.440085 -9.06246 0
      vertex -0.440085 -9.06246 9.56796
    endloop
  endfacet
  facet normal 0.989175 0.146741 0
    outer loop
      vertex -1.1279 -8.22435 10.1146
      vertex -1.14446 -8.11272 0
      vertex -1.14446 -8.11272 10.1874
    endloop
  endfacet
  facet normal 0.989175 0.146741 0
    outer loop
      vertex -1.14446 -8.11272 0
      vertex -1.1279 -8.22435 10.1146
      vertex -1.1279 -8.22435 0
    endloop
  endfacet
  facet normal -0.336892 0.941543 0
    outer loop
      vertex 0.440085 -9.06246 0
      vertex 0.333827 -9.10048 9.54316
      vertex 0.440085 -9.06246 9.56796
    endloop
  endfacet
  facet normal -0.336892 0.941543 0
    outer loop
      vertex 0.333827 -9.10048 9.54316
      vertex 0.440085 -9.06246 0
      vertex 0.333827 -9.10048 0
    endloop
  endfacet
  facet normal -0.740946 0.671565 0
    outer loop
      vertex 0.813172 -8.81317 9.73054
      vertex 0.888962 -8.72955 0
      vertex 0.813172 -8.81317 0
    endloop
  endfacet
  facet normal -0.740946 0.671565 0
    outer loop
      vertex 0.888962 -8.72955 0
      vertex 0.813172 -8.81317 9.73054
      vertex 0.888962 -8.72955 9.78507
    endloop
  endfacet
  facet normal 0.671565 -0.740946 0
    outer loop
      vertex -0.729552 -7.11104 0
      vertex -0.813172 -7.18683 10.7912
      vertex -0.813172 -7.18683 0
    endloop
  endfacet
  facet normal 0.671565 -0.740946 0
    outer loop
      vertex -0.813172 -7.18683 10.7912
      vertex -0.729552 -7.11104 0
      vertex -0.729552 -7.11104 10.8406
    endloop
  endfacet
  facet normal 0.242967 0.970035 0
    outer loop
      vertex -0.333827 -9.10048 0
      vertex -0.224354 -9.1279 9.52528
      vertex -0.224354 -9.1279 0
    endloop
  endfacet
  facet normal 0.242967 0.970035 0
    outer loop
      vertex -0.224354 -9.1279 9.52528
      vertex -0.333827 -9.10048 0
      vertex -0.333827 -9.10048 9.54316
    endloop
  endfacet
  facet normal -0.427538 0.903997 0
    outer loop
      vertex 0.542106 -9.01421 0
      vertex 0.440085 -9.06246 9.56796
      vertex 0.542106 -9.01421 9.59943
    endloop
  endfacet
  facet normal -0.427538 0.903997 0
    outer loop
      vertex 0.440085 -9.06246 9.56796
      vertex 0.542106 -9.01421 0
      vertex 0.440085 -9.06246 0
    endloop
  endfacet
  facet normal -0.857723 -0.514111 -0
    outer loop
      vertex 1.01421 -7.45789 10.6144
      vertex 0.956189 -7.36109 0
      vertex 1.01421 -7.45789 0
    endloop
  endfacet
  facet normal -0.857723 -0.514111 0
    outer loop
      vertex 0.956189 -7.36109 0
      vertex 1.01421 -7.45789 10.6144
      vertex 0.956189 -7.36109 10.6775
    endloop
  endfacet
  facet normal -0.970038 -0.242953 -0
    outer loop
      vertex 1.1279 -7.77565 10.4072
      vertex 1.10048 -7.66617 0
      vertex 1.1279 -7.77565 0
    endloop
  endfacet
  facet normal -0.970038 -0.242953 0
    outer loop
      vertex 1.10048 -7.66617 0
      vertex 1.1279 -7.77565 10.4072
      vertex 1.10048 -7.66617 10.4786
    endloop
  endfacet
  facet normal 0.146736 0.989176 0
    outer loop
      vertex -0.224354 -9.1279 0
      vertex -0.11272 -9.14446 9.51448
      vertex -0.11272 -9.14446 0
    endloop
  endfacet
  facet normal 0.146736 0.989176 0
    outer loop
      vertex -0.11272 -9.14446 9.51448
      vertex -0.224354 -9.1279 0
      vertex -0.224354 -9.1279 9.52528
    endloop
  endfacet
  facet normal 0.857723 0.514111 0
    outer loop
      vertex -0.956189 -8.63891 9.84419
      vertex -1.01421 -8.54211 0
      vertex -1.01421 -8.54211 9.90732
    endloop
  endfacet
  facet normal 0.857723 0.514111 0
    outer loop
      vertex -1.01421 -8.54211 0
      vertex -0.956189 -8.63891 9.84419
      vertex -0.956189 -8.63891 0
    endloop
  endfacet
  facet normal 0.514105 0.857727 0
    outer loop
      vertex -0.638906 -8.95619 0
      vertex -0.542106 -9.01421 9.59943
      vertex -0.542106 -9.01421 0
    endloop
  endfacet
  facet normal 0.514105 0.857727 0
    outer loop
      vertex -0.542106 -9.01421 9.59943
      vertex -0.638906 -8.95619 0
      vertex -0.638906 -8.95619 9.63727
    endloop
  endfacet
  facet normal -0.903996 0.427542 0
    outer loop
      vertex 1.01421 -8.54211 9.90732
      vertex 1.06246 -8.44009 0
      vertex 1.01421 -8.54211 0
    endloop
  endfacet
  facet normal -0.903996 0.427542 0
    outer loop
      vertex 1.06246 -8.44009 0
      vertex 1.01421 -8.54211 9.90732
      vertex 1.06246 -8.44009 9.97386
    endloop
  endfacet
  facet normal -0.336892 -0.941543 0
    outer loop
      vertex 0.333827 -6.89952 0
      vertex 0.440085 -6.93754 10.9538
      vertex 0.333827 -6.89952 10.9786
    endloop
  endfacet
  facet normal -0.336892 -0.941543 -0
    outer loop
      vertex 0.440085 -6.93754 10.9538
      vertex 0.333827 -6.89952 0
      vertex 0.440085 -6.93754 0
    endloop
  endfacet
  facet normal 0.427538 0.903997 0
    outer loop
      vertex -0.542106 -9.01421 0
      vertex -0.440085 -9.06246 9.56796
      vertex -0.440085 -9.06246 0
    endloop
  endfacet
  facet normal 0.427538 0.903997 0
    outer loop
      vertex -0.440085 -9.06246 9.56796
      vertex -0.542106 -9.01421 0
      vertex -0.542106 -9.01421 9.59943
    endloop
  endfacet
  facet normal -0.514105 0.857727 0
    outer loop
      vertex 0.638906 -8.95619 0
      vertex 0.542106 -9.01421 9.59943
      vertex 0.638906 -8.95619 9.63727
    endloop
  endfacet
  facet normal -0.514105 0.857727 0
    outer loop
      vertex 0.542106 -9.01421 9.59943
      vertex 0.638906 -8.95619 0
      vertex 0.542106 -9.01421 0
    endloop
  endfacet
  facet normal -0.242967 -0.970035 0
    outer loop
      vertex 0.224354 -6.8721 0
      vertex 0.333827 -6.89952 10.9786
      vertex 0.224354 -6.8721 10.9965
    endloop
  endfacet
  facet normal -0.242967 -0.970035 -0
    outer loop
      vertex 0.333827 -6.89952 10.9786
      vertex 0.224354 -6.8721 0
      vertex 0.333827 -6.89952 0
    endloop
  endfacet
  facet normal -0.740946 -0.671565 -0
    outer loop
      vertex 0.888962 -7.27045 10.7367
      vertex 0.813172 -7.18683 0
      vertex 0.888962 -7.27045 0
    endloop
  endfacet
  facet normal -0.740946 -0.671565 0
    outer loop
      vertex 0.813172 -7.18683 0
      vertex 0.888962 -7.27045 10.7367
      vertex 0.813172 -7.18683 10.7912
    endloop
  endfacet
  facet normal 0.514105 -0.857727 0
    outer loop
      vertex -0.542106 -6.98579 0
      vertex -0.638906 -7.04381 10.8845
      vertex -0.638906 -7.04381 0
    endloop
  endfacet
  facet normal 0.514105 -0.857727 0
    outer loop
      vertex -0.638906 -7.04381 10.8845
      vertex -0.542106 -6.98579 0
      vertex -0.542106 -6.98579 10.9223
    endloop
  endfacet
  facet normal -0.998794 -0.0490891 -0
    outer loop
      vertex 1.15 -8 10.2609
      vertex 1.14446 -7.88728 0
      vertex 1.15 -8 0
    endloop
  endfacet
  facet normal -0.998794 -0.0490891 0
    outer loop
      vertex 1.14446 -7.88728 0
      vertex 1.15 -8 10.2609
      vertex 1.14446 -7.88728 10.3344
    endloop
  endfacet
  facet normal 0.146736 -0.989176 0
    outer loop
      vertex -0.11272 -6.85554 0
      vertex -0.224354 -6.8721 10.9965
      vertex -0.224354 -6.8721 0
    endloop
  endfacet
  facet normal 0.146736 -0.989176 0
    outer loop
      vertex -0.224354 -6.8721 10.9965
      vertex -0.11272 -6.85554 0
      vertex -0.11272 -6.85554 11.0073
    endloop
  endfacet
  facet normal -0.671565 0.740946 0
    outer loop
      vertex 0.813172 -8.81317 0
      vertex 0.729552 -8.88896 9.68111
      vertex 0.813172 -8.81317 9.73054
    endloop
  endfacet
  facet normal -0.671565 0.740946 0
    outer loop
      vertex 0.729552 -8.88896 9.68111
      vertex 0.813172 -8.81317 0
      vertex 0.729552 -8.88896 0
    endloop
  endfacet
  facet normal 0.803191 -0.595721 0
    outer loop
      vertex -0.956189 -7.36109 10.6775
      vertex -0.888962 -7.27045 0
      vertex -0.888962 -7.27045 10.7367
    endloop
  endfacet
  facet normal 0.803191 -0.595721 0
    outer loop
      vertex -0.888962 -7.27045 0
      vertex -0.956189 -7.36109 10.6775
      vertex -0.956189 -7.36109 0
    endloop
  endfacet
  facet normal -0.903996 -0.427542 -0
    outer loop
      vertex 1.06246 -7.55991 10.5479
      vertex 1.01421 -7.45789 0
      vertex 1.06246 -7.55991 0
    endloop
  endfacet
  facet normal -0.903996 -0.427542 0
    outer loop
      vertex 1.01421 -7.45789 0
      vertex 1.06246 -7.55991 10.5479
      vertex 1.01421 -7.45789 10.6144
    endloop
  endfacet
  facet normal 0.595713 -0.803198 0
    outer loop
      vertex -0.638906 -7.04381 0
      vertex -0.729552 -7.11104 10.8406
      vertex -0.729552 -7.11104 0
    endloop
  endfacet
  facet normal 0.595713 -0.803198 0
    outer loop
      vertex -0.729552 -7.11104 10.8406
      vertex -0.638906 -7.04381 0
      vertex -0.638906 -7.04381 10.8845
    endloop
  endfacet
  facet normal 0.0490891 -0.998794 0
    outer loop
      vertex 0 -6.85 0
      vertex -0.11272 -6.85554 11.0073
      vertex -0.11272 -6.85554 0
    endloop
  endfacet
  facet normal 0.0490891 -0.998794 0
    outer loop
      vertex -0.11272 -6.85554 11.0073
      vertex 0 -6.85 0
      vertex 0 -6.85 11.0109
    endloop
  endfacet
  facet normal 0.903996 -0.427542 0
    outer loop
      vertex -1.06246 -7.55991 10.5479
      vertex -1.01421 -7.45789 0
      vertex -1.01421 -7.45789 10.6144
    endloop
  endfacet
  facet normal 0.903996 -0.427542 0
    outer loop
      vertex -1.01421 -7.45789 0
      vertex -1.06246 -7.55991 10.5479
      vertex -1.06246 -7.55991 0
    endloop
  endfacet
  facet normal 0.803191 0.595721 0
    outer loop
      vertex -0.888962 -8.72955 9.78507
      vertex -0.956189 -8.63891 0
      vertex -0.956189 -8.63891 9.84419
    endloop
  endfacet
  facet normal 0.803191 0.595721 0
    outer loop
      vertex -0.956189 -8.63891 0
      vertex -0.888962 -8.72955 9.78507
      vertex -0.888962 -8.72955 0
    endloop
  endfacet
  facet normal -0.595713 -0.803198 0
    outer loop
      vertex 0.638906 -7.04381 0
      vertex 0.729552 -7.11104 10.8406
      vertex 0.638906 -7.04381 10.8845
    endloop
  endfacet
  facet normal -0.595713 -0.803198 -0
    outer loop
      vertex 0.729552 -7.11104 10.8406
      vertex 0.638906 -7.04381 0
      vertex 0.729552 -7.11104 0
    endloop
  endfacet
  facet normal -0.427538 -0.903997 0
    outer loop
      vertex 0.440085 -6.93754 0
      vertex 0.542106 -6.98579 10.9223
      vertex 0.440085 -6.93754 10.9538
    endloop
  endfacet
  facet normal -0.427538 -0.903997 -0
    outer loop
      vertex 0.542106 -6.98579 10.9223
      vertex 0.440085 -6.93754 0
      vertex 0.542106 -6.98579 0
    endloop
  endfacet
  facet normal 0.998794 -0.0490891 0
    outer loop
      vertex -1.15 -8 10.2609
      vertex -1.14446 -7.88728 0
      vertex -1.14446 -7.88728 10.3344
    endloop
  endfacet
  facet normal 0.998794 -0.0490891 0
    outer loop
      vertex -1.14446 -7.88728 0
      vertex -1.15 -8 10.2609
      vertex -1.15 -8 0
    endloop
  endfacet
  facet normal 0.989175 -0.146741 0
    outer loop
      vertex -1.14446 -7.88728 10.3344
      vertex -1.1279 -7.77565 0
      vertex -1.1279 -7.77565 10.4072
    endloop
  endfacet
  facet normal 0.989175 -0.146741 0
    outer loop
      vertex -1.1279 -7.77565 0
      vertex -1.14446 -7.88728 10.3344
      vertex -1.14446 -7.88728 0
    endloop
  endfacet
  facet normal -0.0490891 -0.998794 0
    outer loop
      vertex 0 -6.85 0
      vertex 0.11272 -6.85554 11.0073
      vertex 0 -6.85 11.0109
    endloop
  endfacet
  facet normal -0.0490891 -0.998794 -0
    outer loop
      vertex 0.11272 -6.85554 11.0073
      vertex 0 -6.85 0
      vertex 0.11272 -6.85554 0
    endloop
  endfacet
  facet normal 0.941545 -0.336886 0
    outer loop
      vertex -1.10048 -7.66617 10.4786
      vertex -1.06246 -7.55991 0
      vertex -1.06246 -7.55991 10.5479
    endloop
  endfacet
  facet normal 0.941545 -0.336886 0
    outer loop
      vertex -1.06246 -7.55991 0
      vertex -1.10048 -7.66617 10.4786
      vertex -1.10048 -7.66617 0
    endloop
  endfacet
  facet normal 0.740946 -0.671565 0
    outer loop
      vertex -0.888962 -7.27045 10.7367
      vertex -0.813172 -7.18683 0
      vertex -0.813172 -7.18683 10.7912
    endloop
  endfacet
  facet normal 0.740946 -0.671565 0
    outer loop
      vertex -0.813172 -7.18683 0
      vertex -0.888962 -7.27045 10.7367
      vertex -0.888962 -7.27045 0
    endloop
  endfacet
  facet normal 0.671565 0.740946 0
    outer loop
      vertex -0.813172 -8.81317 0
      vertex -0.729552 -8.88896 9.68111
      vertex -0.729552 -8.88896 0
    endloop
  endfacet
  facet normal 0.671565 0.740946 0
    outer loop
      vertex -0.729552 -8.88896 9.68111
      vertex -0.813172 -8.81317 0
      vertex -0.813172 -8.81317 9.73054
    endloop
  endfacet
  facet normal 0.740946 0.671565 0
    outer loop
      vertex -0.813172 -8.81317 9.73054
      vertex -0.888962 -8.72955 0
      vertex -0.888962 -8.72955 9.78507
    endloop
  endfacet
  facet normal 0.740946 0.671565 0
    outer loop
      vertex -0.888962 -8.72955 0
      vertex -0.813172 -8.81317 9.73054
      vertex -0.813172 -8.81317 0
    endloop
  endfacet
  facet normal -0.989185 -0.146674 -0
    outer loop
      vertex 1.59229 0.156827 15.5805
      vertex 1.56926 0.312144 0
      vertex 1.59229 0.156827 0
    endloop
  endfacet
  facet normal -0.989185 -0.146674 0
    outer loop
      vertex 1.56926 0.312144 0
      vertex 1.59229 0.156827 15.5805
      vertex 1.56926 0.312144 15.6818
    endloop
  endfacet
  facet normal -0.998794 -0.0491031 -0
    outer loop
      vertex 1.6 0 15.4783
      vertex 1.59229 0.156827 0
      vertex 1.6 0 0
    endloop
  endfacet
  facet normal -0.998794 -0.0491031 0
    outer loop
      vertex 1.59229 0.156827 0
      vertex 1.6 0 15.4783
      vertex 1.59229 0.156827 15.5805
    endloop
  endfacet
  facet normal -0.970019 -0.243029 -0
    outer loop
      vertex 1.56926 0.312144 15.6818
      vertex 1.5311 0.464455 0
      vertex 1.56926 0.312144 0
    endloop
  endfacet
  facet normal -0.970019 -0.243029 0
    outer loop
      vertex 1.5311 0.464455 0
      vertex 1.56926 0.312144 15.6818
      vertex 1.5311 0.464455 15.7812
    endloop
  endfacet
  facet normal -0.427591 -0.903972 0
    outer loop
      vertex 0.754234 1.41107 0
      vertex 0.612293 1.47821 12.4688
      vertex 0.612293 1.47821 0
    endloop
  endfacet
  facet normal -0.427566 -0.903984 3.4232e-07
    outer loop
      vertex 0.612293 1.47821 12.4688
      vertex 0.754234 1.41107 0
      vertex 0.631427 1.46916 12.4756
    endloop
  endfacet
  facet normal -0.427595 -0.90397 0
    outer loop
      vertex 0.631427 1.46916 12.4756
      vertex 0.754234 1.41107 0
      vertex 0.754234 1.41107 12.5337
    endloop
  endfacet
  facet normal -0.427591 -0.903972 0
    outer loop
      vertex 0.612293 1.47821 15.5312
      vertex 0.754234 1.41107 16.3985
      vertex 0.612293 1.47821 16.4423
    endloop
  endfacet
  facet normal -0.427568 -0.903983 -4.66969e-06
    outer loop
      vertex 0.631427 1.46916 15.5244
      vertex 0.754234 1.41107 16.3985
      vertex 0.612293 1.47821 15.5312
    endloop
  endfacet
  facet normal -0.427595 -0.90397 -0
    outer loop
      vertex 0.754234 1.41107 16.3985
      vertex 0.631427 1.46916 15.5244
      vertex 0.754234 1.41107 15.4663
    endloop
  endfacet
  facet normal 0.243029 0.970019 0
    outer loop
      vertex -0.464455 -1.5311 0
      vertex -0.312144 -1.56926 14.4548
      vertex -0.312144 -1.56926 0
    endloop
  endfacet
  facet normal 0.243029 0.970019 0
    outer loop
      vertex -0.312144 -1.56926 14.4548
      vertex -0.464455 -1.5311 0
      vertex -0.464455 -1.5311 14.4797
    endloop
  endfacet
  facet normal 0.857737 0.514089 0
    outer loop
      vertex -1.33035 -0.888912 14.8985
      vertex -1.41107 -0.754234 0
      vertex -1.41107 -0.754234 14.9864
    endloop
  endfacet
  facet normal 0.857737 0.514089 0
    outer loop
      vertex -1.41107 -0.754234 0
      vertex -1.33035 -0.888912 14.8985
      vertex -1.33035 -0.888912 0
    endloop
  endfacet
  facet normal -0.146674 0.989185 0
    outer loop
      vertex 0.312144 -1.56926 0
      vertex 0.156827 -1.59229 14.4398
      vertex 0.312144 -1.56926 14.4548
    endloop
  endfacet
  facet normal -0.146674 0.989185 0
    outer loop
      vertex 0.156827 -1.59229 14.4398
      vertex 0.312144 -1.56926 0
      vertex 0.156827 -1.59229 0
    endloop
  endfacet
  facet normal -0.740933 -0.671578 0
    outer loop
      vertex 1.23682 1.01503 0
      vertex 1.13137 1.13137 12.8012
      vertex 1.13137 1.13137 0
    endloop
  endfacet
  facet normal -0.740919 -0.671594 2.6199e-07
    outer loop
      vertex 1.13137 1.13137 12.8012
      vertex 1.23682 1.01503 0
      vertex 1.16673 1.09236 12.8333
    endloop
  endfacet
  facet normal -0.740941 -0.67157 0
    outer loop
      vertex 1.16673 1.09236 12.8333
      vertex 1.23682 1.01503 0
      vertex 1.23682 1.01503 12.9106
    endloop
  endfacet
  facet normal -0.74092 -0.671593 -3.2579e-06
    outer loop
      vertex 1.23682 1.01503 16.1402
      vertex 1.13137 1.13137 15.1988
      vertex 1.16673 1.09236 15.1667
    endloop
  endfacet
  facet normal -0.740941 -0.67157 -0
    outer loop
      vertex 1.23682 1.01503 16.1402
      vertex 1.16673 1.09236 15.1667
      vertex 1.23682 1.01503 15.0894
    endloop
  endfacet
  facet normal -0.740933 -0.671578 0
    outer loop
      vertex 1.13137 1.13137 15.1988
      vertex 1.23682 1.01503 16.1402
      vertex 1.13137 1.13137 16.2161
    endloop
  endfacet
  facet normal 0.514128 -0.857714 0
    outer loop
      vertex -0.888912 1.33035 0
      vertex -0.777804 1.39695 12.5448
      vertex -0.888912 1.33035 12.6114
    endloop
  endfacet
  facet normal 0.513908 -0.857845 2.64951e-06
    outer loop
      vertex -0.888912 1.33035 0
      vertex -0.754234 1.41107 12.5337
      vertex -0.777804 1.39695 12.5448
    endloop
  endfacet
  facet normal 0.514089 -0.857737 0
    outer loop
      vertex -0.754234 1.41107 12.5337
      vertex -0.888912 1.33035 0
      vertex -0.754234 1.41107 0
    endloop
  endfacet
  facet normal 0.514089 -0.857737 0
    outer loop
      vertex -0.888912 1.33035 16.3459
      vertex -0.754234 1.41107 15.4663
      vertex -0.754234 1.41107 16.3985
    endloop
  endfacet
  facet normal 0.513919 -0.857839 -3.53925e-05
    outer loop
      vertex -0.888912 1.33035 16.3459
      vertex -0.777804 1.39695 15.4552
      vertex -0.754234 1.41107 15.4663
    endloop
  endfacet
  facet normal 0.514128 -0.857714 0
    outer loop
      vertex -0.777804 1.39695 15.4552
      vertex -0.888912 1.33035 16.3459
      vertex -0.888912 1.33035 15.3886
    endloop
  endfacet
  facet normal -0.740933 0.671578 0
    outer loop
      vertex 1.13137 -1.13137 14.7404
      vertex 1.23682 -1.01503 0
      vertex 1.13137 -1.13137 0
    endloop
  endfacet
  facet normal -0.740933 0.671578 0
    outer loop
      vertex 1.23682 -1.01503 0
      vertex 1.13137 -1.13137 14.7404
      vertex 1.23682 -1.01503 14.8163
    endloop
  endfacet
  facet normal -0.514089 0.857737 0
    outer loop
      vertex 0.888912 -1.33035 0
      vertex 0.754234 -1.41107 14.558
      vertex 0.888912 -1.33035 14.6106
    endloop
  endfacet
  facet normal -0.514089 0.857737 0
    outer loop
      vertex 0.754234 -1.41107 14.558
      vertex 0.888912 -1.33035 0
      vertex 0.754234 -1.41107 0
    endloop
  endfacet
  facet normal -0.243029 -0.970019 0
    outer loop
      vertex 0.464455 1.5311 0
      vertex 0.312144 1.56926 12.3803
      vertex 0.312144 1.56926 0
    endloop
  endfacet
  facet normal -0.243611 -0.969873 -7.61102e-06
    outer loop
      vertex 0.312144 1.56926 12.3803
      vertex 0.464455 1.5311 0
      vertex 0.321898 1.56681 12.3817
    endloop
  endfacet
  facet normal -0.242989 -0.970029 0
    outer loop
      vertex 0.321898 1.56681 12.3817
      vertex 0.464455 1.5311 0
      vertex 0.464455 1.5311 12.4174
    endloop
  endfacet
  facet normal -0.243029 -0.970019 0
    outer loop
      vertex 0.312144 1.56926 15.6197
      vertex 0.464455 1.5311 16.4768
      vertex 0.312144 1.56926 16.5017
    endloop
  endfacet
  facet normal -0.243597 -0.969876 0.000107392
    outer loop
      vertex 0.321898 1.56681 15.6183
      vertex 0.464455 1.5311 16.4768
      vertex 0.312144 1.56926 15.6197
    endloop
  endfacet
  facet normal -0.242989 -0.970029 -0
    outer loop
      vertex 0.464455 1.5311 16.4768
      vertex 0.321898 1.56681 15.6183
      vertex 0.464455 1.5311 15.5826
    endloop
  endfacet
  facet normal 0.989185 -0.146674 0
    outer loop
      vertex -1.59229 0.156827 15.5805
      vertex -1.56926 0.312144 0
      vertex -1.56926 0.312144 15.6818
    endloop
  endfacet
  facet normal 0.989185 -0.146674 0
    outer loop
      vertex -1.56926 0.312144 0
      vertex -1.59229 0.156827 15.5805
      vertex -1.59229 0.156827 0
    endloop
  endfacet
  facet normal -0.857737 -0.514089 -0
    outer loop
      vertex 1.41107 0.754234 15.9702
      vertex 1.33035 0.888912 0
      vertex 1.41107 0.754234 0
    endloop
  endfacet
  facet normal -0.857737 -0.514089 0
    outer loop
      vertex 1.33035 0.888912 0
      vertex 1.41107 0.754234 15.9702
      vertex 1.33035 0.888912 16.058
    endloop
  endfacet
  facet normal -0.970019 0.243029 0
    outer loop
      vertex 1.5311 -0.464455 15.1754
      vertex 1.56926 -0.312144 0
      vertex 1.5311 -0.464455 0
    endloop
  endfacet
  facet normal -0.970019 0.243029 0
    outer loop
      vertex 1.56926 -0.312144 0
      vertex 1.5311 -0.464455 15.1754
      vertex 1.56926 -0.312144 15.2747
    endloop
  endfacet
  facet normal 0.146674 0.989185 0
    outer loop
      vertex -0.312144 -1.56926 0
      vertex -0.156827 -1.59229 14.4398
      vertex -0.156827 -1.59229 0
    endloop
  endfacet
  facet normal 0.146674 0.989185 0
    outer loop
      vertex -0.156827 -1.59229 14.4398
      vertex -0.312144 -1.56926 0
      vertex -0.312144 -1.56926 14.4548
    endloop
  endfacet
  facet normal 0.998794 0.0491031 0
    outer loop
      vertex -1.59229 -0.156827 15.376
      vertex -1.6 0 0
      vertex -1.6 0 15.4783
    endloop
  endfacet
  facet normal 0.998794 0.0491031 0
    outer loop
      vertex -1.6 0 0
      vertex -1.59229 -0.156827 15.376
      vertex -1.59229 -0.156827 0
    endloop
  endfacet
  facet normal -0.146674 -0.989185 0
    outer loop
      vertex 0.312144 1.56926 0
      vertex 0.156827 1.59229 12.3577
      vertex 0.156827 1.59229 0
    endloop
  endfacet
  facet normal -0.145349 -0.98938 1.70098e-05
    outer loop
      vertex 0.156827 1.59229 12.3577
      vertex 0.312144 1.56926 0
      vertex 0.161728 1.59157 12.3579
    endloop
  endfacet
  facet normal -0.146717 -0.989179 0
    outer loop
      vertex 0.161728 1.59157 12.3579
      vertex 0.312144 1.56926 0
      vertex 0.312144 1.56926 12.3803
    endloop
  endfacet
  facet normal -0.145349 -0.98938 0
    outer loop
      vertex 0.161728 1.59157 15.6421
      vertex 0.156827 1.59229 16.5167
      vertex 0.156827 1.59229 15.6423
    endloop
  endfacet
  facet normal -0.146674 -0.989185 -7.59039e-06
    outer loop
      vertex 0.156827 1.59229 16.5167
      vertex 0.161728 1.59157 15.6421
      vertex 0.312144 1.56926 16.5017
    endloop
  endfacet
  facet normal -0.146717 -0.989179 -0
    outer loop
      vertex 0.312144 1.56926 16.5017
      vertex 0.161728 1.59157 15.6421
      vertex 0.312144 1.56926 15.6197
    endloop
  endfacet
  facet normal -0.941559 -0.336849 -0
    outer loop
      vertex 1.5311 0.464455 15.7812
      vertex 1.47821 0.612293 0
      vertex 1.5311 0.464455 0
    endloop
  endfacet
  facet normal -0.941559 -0.336849 0
    outer loop
      vertex 1.47821 0.612293 0
      vertex 1.5311 0.464455 15.7812
      vertex 1.47821 0.612293 15.8776
    endloop
  endfacet
  facet normal -0.671578 -0.740933 0
    outer loop
      vertex 1.13137 1.13137 0
      vertex 1.01503 1.23682 12.701
      vertex 1.01503 1.23682 0
    endloop
  endfacet
  facet normal -0.671568 -0.740943 1.80847e-07
    outer loop
      vertex 1.01503 1.23682 12.701
      vertex 1.13137 1.13137 0
      vertex 1.04675 1.20807 12.7245
    endloop
  endfacet
  facet normal -0.671583 -0.74093 0
    outer loop
      vertex 1.04675 1.20807 12.7245
      vertex 1.13137 1.13137 0
      vertex 1.13137 1.13137 12.8012
    endloop
  endfacet
  facet normal -0.671578 -0.740933 0
    outer loop
      vertex 1.01503 1.23682 15.299
      vertex 1.13137 1.13137 16.2161
      vertex 1.01503 1.23682 16.2849
    endloop
  endfacet
  facet normal -0.671568 -0.740943 -2.30494e-06
    outer loop
      vertex 1.04675 1.20807 15.2755
      vertex 1.13137 1.13137 16.2161
      vertex 1.01503 1.23682 15.299
    endloop
  endfacet
  facet normal -0.671583 -0.74093 -0
    outer loop
      vertex 1.13137 1.13137 16.2161
      vertex 1.04675 1.20807 15.2755
      vertex 1.13137 1.13137 15.1988
    endloop
  endfacet
  facet normal 0.740919 -0.671594 2.6199e-07
    outer loop
      vertex -1.23682 1.01503 0
      vertex -1.13137 1.13137 12.8012
      vertex -1.16673 1.09236 12.8333
    endloop
  endfacet
  facet normal 0.740941 -0.67157 0
    outer loop
      vertex -1.23682 1.01503 0
      vertex -1.16673 1.09236 12.8333
      vertex -1.23682 1.01503 12.9106
    endloop
  endfacet
  facet normal 0.740933 -0.671578 0
    outer loop
      vertex -1.13137 1.13137 12.8012
      vertex -1.23682 1.01503 0
      vertex -1.13137 1.13137 0
    endloop
  endfacet
  facet normal 0.740933 -0.671578 0
    outer loop
      vertex -1.23682 1.01503 16.1402
      vertex -1.13137 1.13137 15.1988
      vertex -1.13137 1.13137 16.2161
    endloop
  endfacet
  facet normal 0.74092 -0.671593 -3.2579e-06
    outer loop
      vertex -1.13137 1.13137 15.1988
      vertex -1.23682 1.01503 16.1402
      vertex -1.16673 1.09236 15.1667
    endloop
  endfacet
  facet normal 0.740941 -0.67157 0
    outer loop
      vertex -1.16673 1.09236 15.1667
      vertex -1.23682 1.01503 16.1402
      vertex -1.23682 1.01503 15.0894
    endloop
  endfacet
  facet normal 0.970019 0.243029 0
    outer loop
      vertex -1.5311 -0.464455 15.1754
      vertex -1.56926 -0.312144 0
      vertex -1.56926 -0.312144 15.2747
    endloop
  endfacet
  facet normal 0.970019 0.243029 0
    outer loop
      vertex -1.56926 -0.312144 0
      vertex -1.5311 -0.464455 15.1754
      vertex -1.5311 -0.464455 0
    endloop
  endfacet
  facet normal 0.336866 -0.941552 0
    outer loop
      vertex -0.612293 1.47821 0
      vertex -0.47897 1.52591 12.421
      vertex -0.612293 1.47821 12.4688
    endloop
  endfacet
  facet normal 0.336686 -0.941617 2.18321e-06
    outer loop
      vertex -0.612293 1.47821 0
      vertex -0.464455 1.5311 12.4174
      vertex -0.47897 1.52591 12.421
    endloop
  endfacet
  facet normal 0.336849 -0.941559 0
    outer loop
      vertex -0.464455 1.5311 12.4174
      vertex -0.612293 1.47821 0
      vertex -0.464455 1.5311 0
    endloop
  endfacet
  facet normal 0.336849 -0.941559 0
    outer loop
      vertex -0.612293 1.47821 16.4423
      vertex -0.464455 1.5311 15.5826
      vertex -0.464455 1.5311 16.4768
    endloop
  endfacet
  facet normal 0.336692 -0.941615 -3.03333e-05
    outer loop
      vertex -0.612293 1.47821 16.4423
      vertex -0.47897 1.52591 15.579
      vertex -0.464455 1.5311 15.5826
    endloop
  endfacet
  facet normal 0.336866 -0.941552 0
    outer loop
      vertex -0.47897 1.52591 15.579
      vertex -0.612293 1.47821 16.4423
      vertex -0.612293 1.47821 15.5312
    endloop
  endfacet
  facet normal 0.941559 0.336849 0
    outer loop
      vertex -1.47821 -0.612293 15.0789
      vertex -1.5311 -0.464455 0
      vertex -1.5311 -0.464455 15.1754
    endloop
  endfacet
  facet normal 0.941559 0.336849 0
    outer loop
      vertex -1.5311 -0.464455 0
      vertex -1.47821 -0.612293 15.0789
      vertex -1.47821 -0.612293 0
    endloop
  endfacet
  facet normal -0.336849 -0.941559 0
    outer loop
      vertex 0.612293 1.47821 0
      vertex 0.464455 1.5311 12.4174
      vertex 0.464455 1.5311 0
    endloop
  endfacet
  facet normal -0.336686 -0.941617 2.18321e-06
    outer loop
      vertex 0.464455 1.5311 12.4174
      vertex 0.612293 1.47821 0
      vertex 0.47897 1.52591 12.421
    endloop
  endfacet
  facet normal -0.336866 -0.941552 0
    outer loop
      vertex 0.47897 1.52591 12.421
      vertex 0.612293 1.47821 0
      vertex 0.612293 1.47821 12.4688
    endloop
  endfacet
  facet normal -0.336849 -0.941559 0
    outer loop
      vertex 0.464455 1.5311 15.5826
      vertex 0.612293 1.47821 16.4423
      vertex 0.464455 1.5311 16.4768
    endloop
  endfacet
  facet normal -0.336692 -0.941615 -3.03333e-05
    outer loop
      vertex 0.47897 1.52591 15.579
      vertex 0.612293 1.47821 16.4423
      vertex 0.464455 1.5311 15.5826
    endloop
  endfacet
  facet normal -0.336866 -0.941552 -0
    outer loop
      vertex 0.612293 1.47821 16.4423
      vertex 0.47897 1.52591 15.579
      vertex 0.612293 1.47821 15.5312
    endloop
  endfacet
  facet normal 0.803224 -0.595677 0
    outer loop
      vertex -1.33035 0.888912 16.058
      vertex -1.23682 1.01503 15.0894
      vertex -1.23682 1.01503 16.1402
    endloop
  endfacet
  facet normal 0.803202 -0.595706 0
    outer loop
      vertex -1.24796 1 15.0771
      vertex -1.33035 0.888912 16.058
      vertex -1.24796 1 12.9229
    endloop
  endfacet
  facet normal 0.803371 -0.595479 3.99648e-05
    outer loop
      vertex -1.23682 1.01503 15.0894
      vertex -1.33035 0.888912 16.058
      vertex -1.24796 1 15.0771
    endloop
  endfacet
  facet normal 0.803385 -0.595459 -3.29154e-06
    outer loop
      vertex -1.33035 0.888912 0
      vertex -1.23682 1.01503 12.9106
      vertex -1.24796 1 12.9229
    endloop
  endfacet
  facet normal 0.803202 -0.595706 0
    outer loop
      vertex -1.33035 0.888912 0
      vertex -1.24796 1 12.9229
      vertex -1.33035 0.888912 16.058
    endloop
  endfacet
  facet normal 0.803224 -0.595677 0
    outer loop
      vertex -1.23682 1.01503 12.9106
      vertex -1.33035 0.888912 0
      vertex -1.23682 1.01503 0
    endloop
  endfacet
  facet normal -0.803224 -0.595677 0
    outer loop
      vertex 1.33035 0.888912 0
      vertex 1.23682 1.01503 12.9106
      vertex 1.23682 1.01503 0
    endloop
  endfacet
  facet normal -0.803202 -0.595706 -0
    outer loop
      vertex 1.33035 0.888912 16.058
      vertex 1.24796 1 12.9229
      vertex 1.33035 0.888912 0
    endloop
  endfacet
  facet normal -0.803385 -0.595459 -3.29154e-06
    outer loop
      vertex 1.23682 1.01503 12.9106
      vertex 1.33035 0.888912 0
      vertex 1.24796 1 12.9229
    endloop
  endfacet
  facet normal -0.803371 -0.595479 3.99648e-05
    outer loop
      vertex 1.33035 0.888912 16.058
      vertex 1.23682 1.01503 15.0894
      vertex 1.24796 1 15.0771
    endloop
  endfacet
  facet normal -0.803224 -0.595677 0
    outer loop
      vertex 1.23682 1.01503 15.0894
      vertex 1.33035 0.888912 16.058
      vertex 1.23682 1.01503 16.1402
    endloop
  endfacet
  facet normal -0.803202 -0.595706 0
    outer loop
      vertex 1.24796 1 12.9229
      vertex 1.33035 0.888912 16.058
      vertex 1.24796 1 15.0771
    endloop
  endfacet
  facet normal 0.970019 -0.243029 0
    outer loop
      vertex -1.56926 0.312144 15.6818
      vertex -1.5311 0.464455 0
      vertex -1.5311 0.464455 15.7812
    endloop
  endfacet
  facet normal 0.970019 -0.243029 0
    outer loop
      vertex -1.5311 0.464455 0
      vertex -1.56926 0.312144 15.6818
      vertex -1.56926 0.312144 0
    endloop
  endfacet
  facet normal 0.671583 -0.74093 0
    outer loop
      vertex -1.13137 1.13137 0
      vertex -1.04675 1.20807 12.7245
      vertex -1.13137 1.13137 12.8012
    endloop
  endfacet
  facet normal 0.671568 -0.740943 1.80847e-07
    outer loop
      vertex -1.13137 1.13137 0
      vertex -1.01503 1.23682 12.701
      vertex -1.04675 1.20807 12.7245
    endloop
  endfacet
  facet normal 0.671578 -0.740933 0
    outer loop
      vertex -1.01503 1.23682 12.701
      vertex -1.13137 1.13137 0
      vertex -1.01503 1.23682 0
    endloop
  endfacet
  facet normal 0.671578 -0.740933 0
    outer loop
      vertex -1.13137 1.13137 16.2161
      vertex -1.01503 1.23682 15.299
      vertex -1.01503 1.23682 16.2849
    endloop
  endfacet
  facet normal 0.671568 -0.740943 -2.30494e-06
    outer loop
      vertex -1.13137 1.13137 16.2161
      vertex -1.04675 1.20807 15.2755
      vertex -1.01503 1.23682 15.299
    endloop
  endfacet
  facet normal 0.671583 -0.74093 0
    outer loop
      vertex -1.04675 1.20807 15.2755
      vertex -1.13137 1.13137 16.2161
      vertex -1.13137 1.13137 15.1988
    endloop
  endfacet
  facet normal -0.427591 0.903972 0
    outer loop
      vertex 0.754234 -1.41107 0
      vertex 0.612293 -1.47821 14.5142
      vertex 0.754234 -1.41107 14.558
    endloop
  endfacet
  facet normal -0.427591 0.903972 0
    outer loop
      vertex 0.612293 -1.47821 14.5142
      vertex 0.754234 -1.41107 0
      vertex 0.612293 -1.47821 0
    endloop
  endfacet
  facet normal 0.242989 -0.970029 0
    outer loop
      vertex -0.464455 1.5311 0
      vertex -0.321898 1.56681 12.3817
      vertex -0.464455 1.5311 12.4174
    endloop
  endfacet
  facet normal 0.243611 -0.969873 -7.61102e-06
    outer loop
      vertex -0.464455 1.5311 0
      vertex -0.312144 1.56926 12.3803
      vertex -0.321898 1.56681 12.3817
    endloop
  endfacet
  facet normal 0.243029 -0.970019 0
    outer loop
      vertex -0.312144 1.56926 12.3803
      vertex -0.464455 1.5311 0
      vertex -0.312144 1.56926 0
    endloop
  endfacet
  facet normal 0.243029 -0.970019 0
    outer loop
      vertex -0.464455 1.5311 16.4768
      vertex -0.312144 1.56926 15.6197
      vertex -0.312144 1.56926 16.5017
    endloop
  endfacet
  facet normal 0.243597 -0.969876 0.000107392
    outer loop
      vertex -0.464455 1.5311 16.4768
      vertex -0.321898 1.56681 15.6183
      vertex -0.312144 1.56926 15.6197
    endloop
  endfacet
  facet normal 0.242989 -0.970029 0
    outer loop
      vertex -0.321898 1.56681 15.6183
      vertex -0.464455 1.5311 16.4768
      vertex -0.464455 1.5311 15.5826
    endloop
  endfacet
  facet normal 0.941559 -0.336849 0
    outer loop
      vertex -1.5311 0.464455 15.7812
      vertex -1.47821 0.612293 0
      vertex -1.47821 0.612293 15.8776
    endloop
  endfacet
  facet normal 0.941559 -0.336849 0
    outer loop
      vertex -1.47821 0.612293 0
      vertex -1.5311 0.464455 15.7812
      vertex -1.5311 0.464455 0
    endloop
  endfacet
  facet normal -0.514089 -0.857737 0
    outer loop
      vertex 0.888912 1.33035 0
      vertex 0.754234 1.41107 12.5337
      vertex 0.754234 1.41107 0
    endloop
  endfacet
  facet normal -0.513908 -0.857845 2.64951e-06
    outer loop
      vertex 0.754234 1.41107 12.5337
      vertex 0.888912 1.33035 0
      vertex 0.777804 1.39695 12.5448
    endloop
  endfacet
  facet normal -0.514128 -0.857714 0
    outer loop
      vertex 0.777804 1.39695 12.5448
      vertex 0.888912 1.33035 0
      vertex 0.888912 1.33035 12.6114
    endloop
  endfacet
  facet normal -0.514089 -0.857737 0
    outer loop
      vertex 0.754234 1.41107 15.4663
      vertex 0.888912 1.33035 16.3459
      vertex 0.754234 1.41107 16.3985
    endloop
  endfacet
  facet normal -0.513919 -0.857839 -3.53925e-05
    outer loop
      vertex 0.777804 1.39695 15.4552
      vertex 0.888912 1.33035 16.3459
      vertex 0.754234 1.41107 15.4663
    endloop
  endfacet
  facet normal -0.514128 -0.857714 -0
    outer loop
      vertex 0.888912 1.33035 16.3459
      vertex 0.777804 1.39695 15.4552
      vertex 0.888912 1.33035 15.3886
    endloop
  endfacet
  facet normal 0.514089 0.857737 0
    outer loop
      vertex -0.888912 -1.33035 0
      vertex -0.754234 -1.41107 14.558
      vertex -0.754234 -1.41107 0
    endloop
  endfacet
  facet normal 0.514089 0.857737 0
    outer loop
      vertex -0.754234 -1.41107 14.558
      vertex -0.888912 -1.33035 0
      vertex -0.888912 -1.33035 14.6106
    endloop
  endfacet
  facet normal 0.595683 -0.80322 0
    outer loop
      vertex -1.01503 1.23682 0
      vertex -0.916691 1.30975 12.6281
      vertex -1.01503 1.23682 12.701
    endloop
  endfacet
  facet normal 0.595656 -0.803239 3.16953e-07
    outer loop
      vertex -1.01503 1.23682 0
      vertex -0.888912 1.33035 12.6114
      vertex -0.916691 1.30975 12.6281
    endloop
  endfacet
  facet normal 0.595677 -0.803224 0
    outer loop
      vertex -0.888912 1.33035 12.6114
      vertex -1.01503 1.23682 0
      vertex -0.888912 1.33035 0
    endloop
  endfacet
  facet normal 0.595677 -0.803224 0
    outer loop
      vertex -1.01503 1.23682 16.2849
      vertex -0.888912 1.33035 15.3886
      vertex -0.888912 1.33035 16.3459
    endloop
  endfacet
  facet normal 0.595658 -0.803238 -4.13658e-06
    outer loop
      vertex -1.01503 1.23682 16.2849
      vertex -0.916691 1.30975 15.3719
      vertex -0.888912 1.33035 15.3886
    endloop
  endfacet
  facet normal 0.595683 -0.80322 0
    outer loop
      vertex -0.916691 1.30975 15.3719
      vertex -1.01503 1.23682 16.2849
      vertex -1.01503 1.23682 15.299
    endloop
  endfacet
  facet normal 0.0491031 -0.998794 0
    outer loop
      vertex -0.156827 1.59229 0
      vertex 0 1.6 12.35
      vertex -0.156827 1.59229 12.3577
    endloop
  endfacet
  facet normal 0.0491031 -0.998794 0
    outer loop
      vertex 0 1.6 12.35
      vertex -0.156827 1.59229 0
      vertex 0 1.6 0
    endloop
  endfacet
  facet normal 0.0491031 -0.998794 0
    outer loop
      vertex -0.156827 1.59229 16.5167
      vertex 0 1.6 15.65
      vertex 0 1.6 16.5217
    endloop
  endfacet
  facet normal 0.0491031 -0.998794 0
    outer loop
      vertex 0 1.6 15.65
      vertex -0.156827 1.59229 16.5167
      vertex -0.156827 1.59229 15.6423
    endloop
  endfacet
  facet normal -0.0491031 0.998794 0
    outer loop
      vertex 0.156827 -1.59229 0
      vertex 0 -1.6 14.4348
      vertex 0.156827 -1.59229 14.4398
    endloop
  endfacet
  facet normal -0.0491031 0.998794 0
    outer loop
      vertex 0 -1.6 14.4348
      vertex 0.156827 -1.59229 0
      vertex 0 -1.6 0
    endloop
  endfacet
  facet normal -0.941559 0.336849 0
    outer loop
      vertex 1.47821 -0.612293 15.0789
      vertex 1.5311 -0.464455 0
      vertex 1.47821 -0.612293 0
    endloop
  endfacet
  facet normal -0.941559 0.336849 0
    outer loop
      vertex 1.5311 -0.464455 0
      vertex 1.47821 -0.612293 15.0789
      vertex 1.5311 -0.464455 15.1754
    endloop
  endfacet
  facet normal -0.803224 0.595677 0
    outer loop
      vertex 1.23682 -1.01503 14.8163
      vertex 1.33035 -0.888912 0
      vertex 1.23682 -1.01503 0
    endloop
  endfacet
  facet normal -0.803224 0.595677 0
    outer loop
      vertex 1.33035 -0.888912 0
      vertex 1.23682 -1.01503 14.8163
      vertex 1.33035 -0.888912 14.8985
    endloop
  endfacet
  facet normal -0.989185 0.146674 0
    outer loop
      vertex 1.56926 -0.312144 15.2747
      vertex 1.59229 -0.156827 0
      vertex 1.56926 -0.312144 0
    endloop
  endfacet
  facet normal -0.989185 0.146674 0
    outer loop
      vertex 1.59229 -0.156827 0
      vertex 1.56926 -0.312144 15.2747
      vertex 1.59229 -0.156827 15.376
    endloop
  endfacet
  facet normal 0.857737 -0.514089 0
    outer loop
      vertex -1.41107 0.754234 15.9702
      vertex -1.33035 0.888912 0
      vertex -1.33035 0.888912 16.058
    endloop
  endfacet
  facet normal 0.857737 -0.514089 0
    outer loop
      vertex -1.33035 0.888912 0
      vertex -1.41107 0.754234 15.9702
      vertex -1.41107 0.754234 0
    endloop
  endfacet
  facet normal -0.903972 -0.427591 -0
    outer loop
      vertex 1.47821 0.612293 15.8776
      vertex 1.41107 0.754234 0
      vertex 1.47821 0.612293 0
    endloop
  endfacet
  facet normal -0.903972 -0.427591 0
    outer loop
      vertex 1.41107 0.754234 0
      vertex 1.47821 0.612293 15.8776
      vertex 1.41107 0.754234 15.9702
    endloop
  endfacet
  facet normal 0.427595 -0.90397 0
    outer loop
      vertex -0.754234 1.41107 0
      vertex -0.631427 1.46916 12.4756
      vertex -0.754234 1.41107 12.5337
    endloop
  endfacet
  facet normal 0.427566 -0.903984 3.4232e-07
    outer loop
      vertex -0.754234 1.41107 0
      vertex -0.612293 1.47821 12.4688
      vertex -0.631427 1.46916 12.4756
    endloop
  endfacet
  facet normal 0.427591 -0.903972 0
    outer loop
      vertex -0.612293 1.47821 12.4688
      vertex -0.754234 1.41107 0
      vertex -0.612293 1.47821 0
    endloop
  endfacet
  facet normal 0.427591 -0.903972 0
    outer loop
      vertex -0.754234 1.41107 16.3985
      vertex -0.612293 1.47821 15.5312
      vertex -0.612293 1.47821 16.4423
    endloop
  endfacet
  facet normal 0.427568 -0.903983 -4.66969e-06
    outer loop
      vertex -0.754234 1.41107 16.3985
      vertex -0.631427 1.46916 15.5244
      vertex -0.612293 1.47821 15.5312
    endloop
  endfacet
  facet normal 0.427595 -0.90397 0
    outer loop
      vertex -0.631427 1.46916 15.5244
      vertex -0.754234 1.41107 16.3985
      vertex -0.754234 1.41107 15.4663
    endloop
  endfacet
  facet normal -0.595677 0.803224 0
    outer loop
      vertex 1.01503 -1.23682 0
      vertex 0.888912 -1.33035 14.6106
      vertex 1.01503 -1.23682 14.6716
    endloop
  endfacet
  facet normal -0.595677 0.803224 0
    outer loop
      vertex 0.888912 -1.33035 14.6106
      vertex 1.01503 -1.23682 0
      vertex 0.888912 -1.33035 0
    endloop
  endfacet
  facet normal -0.595677 -0.803224 0
    outer loop
      vertex 1.01503 1.23682 0
      vertex 0.888912 1.33035 12.6114
      vertex 0.888912 1.33035 0
    endloop
  endfacet
  facet normal -0.595656 -0.803239 3.16953e-07
    outer loop
      vertex 0.888912 1.33035 12.6114
      vertex 1.01503 1.23682 0
      vertex 0.916691 1.30975 12.6281
    endloop
  endfacet
  facet normal -0.595683 -0.80322 0
    outer loop
      vertex 0.916691 1.30975 12.6281
      vertex 1.01503 1.23682 0
      vertex 1.01503 1.23682 12.701
    endloop
  endfacet
  facet normal -0.595677 -0.803224 0
    outer loop
      vertex 0.888912 1.33035 15.3886
      vertex 1.01503 1.23682 16.2849
      vertex 0.888912 1.33035 16.3459
    endloop
  endfacet
  facet normal -0.595658 -0.803238 -4.13658e-06
    outer loop
      vertex 0.916691 1.30975 15.3719
      vertex 1.01503 1.23682 16.2849
      vertex 0.888912 1.33035 15.3886
    endloop
  endfacet
  facet normal -0.595683 -0.80322 -0
    outer loop
      vertex 1.01503 1.23682 16.2849
      vertex 0.916691 1.30975 15.3719
      vertex 1.01503 1.23682 15.299
    endloop
  endfacet
  facet normal 0.671578 0.740933 0
    outer loop
      vertex -1.13137 -1.13137 0
      vertex -1.01503 -1.23682 14.6716
      vertex -1.01503 -1.23682 0
    endloop
  endfacet
  facet normal 0.671578 0.740933 0
    outer loop
      vertex -1.01503 -1.23682 14.6716
      vertex -1.13137 -1.13137 0
      vertex -1.13137 -1.13137 14.7404
    endloop
  endfacet
  facet normal -0.998794 0.0491031 0
    outer loop
      vertex 1.59229 -0.156827 15.376
      vertex 1.6 0 0
      vertex 1.59229 -0.156827 0
    endloop
  endfacet
  facet normal -0.998794 0.0491031 0
    outer loop
      vertex 1.6 0 0
      vertex 1.59229 -0.156827 15.376
      vertex 1.6 0 15.4783
    endloop
  endfacet
  facet normal 0.803224 0.595677 0
    outer loop
      vertex -1.23682 -1.01503 14.8163
      vertex -1.33035 -0.888912 0
      vertex -1.33035 -0.888912 14.8985
    endloop
  endfacet
  facet normal 0.803224 0.595677 0
    outer loop
      vertex -1.33035 -0.888912 0
      vertex -1.23682 -1.01503 14.8163
      vertex -1.23682 -1.01503 0
    endloop
  endfacet
  facet normal 0.903972 0.427591 0
    outer loop
      vertex -1.41107 -0.754234 14.9864
      vertex -1.47821 -0.612293 0
      vertex -1.47821 -0.612293 15.0789
    endloop
  endfacet
  facet normal 0.903972 0.427591 0
    outer loop
      vertex -1.47821 -0.612293 0
      vertex -1.41107 -0.754234 14.9864
      vertex -1.41107 -0.754234 0
    endloop
  endfacet
  facet normal -0.0491031 -0.998794 0
    outer loop
      vertex 0.156827 1.59229 0
      vertex 0 1.6 12.35
      vertex 0 1.6 0
    endloop
  endfacet
  facet normal -0.0491031 -0.998794 0
    outer loop
      vertex 0 1.6 12.35
      vertex 0.156827 1.59229 0
      vertex 0.156827 1.59229 12.3577
    endloop
  endfacet
  facet normal -0.0491031 -0.998794 0
    outer loop
      vertex 0 1.6 15.65
      vertex 0.156827 1.59229 16.5167
      vertex 0 1.6 16.5217
    endloop
  endfacet
  facet normal -0.0491031 -0.998794 -0
    outer loop
      vertex 0.156827 1.59229 16.5167
      vertex 0 1.6 15.65
      vertex 0.156827 1.59229 15.6423
    endloop
  endfacet
  facet normal 0.427591 0.903972 0
    outer loop
      vertex -0.754234 -1.41107 0
      vertex -0.612293 -1.47821 14.5142
      vertex -0.612293 -1.47821 0
    endloop
  endfacet
  facet normal 0.427591 0.903972 0
    outer loop
      vertex -0.612293 -1.47821 14.5142
      vertex -0.754234 -1.41107 0
      vertex -0.754234 -1.41107 14.558
    endloop
  endfacet
  facet normal 0.146717 -0.989179 0
    outer loop
      vertex -0.312144 1.56926 0
      vertex -0.161728 1.59157 12.3579
      vertex -0.312144 1.56926 12.3803
    endloop
  endfacet
  facet normal 0.145349 -0.98938 1.70098e-05
    outer loop
      vertex -0.312144 1.56926 0
      vertex -0.156827 1.59229 12.3577
      vertex -0.161728 1.59157 12.3579
    endloop
  endfacet
  facet normal 0.146674 -0.989185 0
    outer loop
      vertex -0.156827 1.59229 12.3577
      vertex -0.312144 1.56926 0
      vertex -0.156827 1.59229 0
    endloop
  endfacet
  facet normal 0.146674 -0.989185 -7.59039e-06
    outer loop
      vertex -0.161728 1.59157 15.6421
      vertex -0.156827 1.59229 16.5167
      vertex -0.312144 1.56926 16.5017
    endloop
  endfacet
  facet normal 0.145349 -0.98938 0
    outer loop
      vertex -0.156827 1.59229 16.5167
      vertex -0.161728 1.59157 15.6421
      vertex -0.156827 1.59229 15.6423
    endloop
  endfacet
  facet normal 0.146717 -0.989179 0
    outer loop
      vertex -0.161728 1.59157 15.6421
      vertex -0.312144 1.56926 16.5017
      vertex -0.312144 1.56926 15.6197
    endloop
  endfacet
  facet normal 0.989185 0.146674 0
    outer loop
      vertex -1.56926 -0.312144 15.2747
      vertex -1.59229 -0.156827 0
      vertex -1.59229 -0.156827 15.376
    endloop
  endfacet
  facet normal 0.989185 0.146674 0
    outer loop
      vertex -1.59229 -0.156827 0
      vertex -1.56926 -0.312144 15.2747
      vertex -1.56926 -0.312144 0
    endloop
  endfacet
  facet normal -0.336849 0.941559 0
    outer loop
      vertex 0.612293 -1.47821 0
      vertex 0.464455 -1.5311 14.4797
      vertex 0.612293 -1.47821 14.5142
    endloop
  endfacet
  facet normal -0.336849 0.941559 0
    outer loop
      vertex 0.464455 -1.5311 14.4797
      vertex 0.612293 -1.47821 0
      vertex 0.464455 -1.5311 0
    endloop
  endfacet
  facet normal -0.243029 0.970019 0
    outer loop
      vertex 0.464455 -1.5311 0
      vertex 0.312144 -1.56926 14.4548
      vertex 0.464455 -1.5311 14.4797
    endloop
  endfacet
  facet normal -0.243029 0.970019 0
    outer loop
      vertex 0.312144 -1.56926 14.4548
      vertex 0.464455 -1.5311 0
      vertex 0.312144 -1.56926 0
    endloop
  endfacet
  facet normal 0.903972 -0.427591 0
    outer loop
      vertex -1.47821 0.612293 15.8776
      vertex -1.41107 0.754234 0
      vertex -1.41107 0.754234 15.9702
    endloop
  endfacet
  facet normal 0.903972 -0.427591 0
    outer loop
      vertex -1.41107 0.754234 0
      vertex -1.47821 0.612293 15.8776
      vertex -1.47821 0.612293 0
    endloop
  endfacet
  facet normal 0.740933 0.671578 0
    outer loop
      vertex -1.13137 -1.13137 14.7404
      vertex -1.23682 -1.01503 0
      vertex -1.23682 -1.01503 14.8163
    endloop
  endfacet
  facet normal 0.740933 0.671578 0
    outer loop
      vertex -1.23682 -1.01503 0
      vertex -1.13137 -1.13137 14.7404
      vertex -1.13137 -1.13137 0
    endloop
  endfacet
  facet normal 0.595677 0.803224 0
    outer loop
      vertex -1.01503 -1.23682 0
      vertex -0.888912 -1.33035 14.6106
      vertex -0.888912 -1.33035 0
    endloop
  endfacet
  facet normal 0.595677 0.803224 0
    outer loop
      vertex -0.888912 -1.33035 14.6106
      vertex -1.01503 -1.23682 0
      vertex -1.01503 -1.23682 14.6716
    endloop
  endfacet
  facet normal -0.903972 0.427591 0
    outer loop
      vertex 1.41107 -0.754234 14.9864
      vertex 1.47821 -0.612293 0
      vertex 1.41107 -0.754234 0
    endloop
  endfacet
  facet normal -0.903972 0.427591 0
    outer loop
      vertex 1.47821 -0.612293 0
      vertex 1.41107 -0.754234 14.9864
      vertex 1.47821 -0.612293 15.0789
    endloop
  endfacet
  facet normal -0.857737 0.514089 0
    outer loop
      vertex 1.33035 -0.888912 14.8985
      vertex 1.41107 -0.754234 0
      vertex 1.33035 -0.888912 0
    endloop
  endfacet
  facet normal -0.857737 0.514089 0
    outer loop
      vertex 1.41107 -0.754234 0
      vertex 1.33035 -0.888912 14.8985
      vertex 1.41107 -0.754234 14.9864
    endloop
  endfacet
  facet normal 0.0491031 0.998794 0
    outer loop
      vertex -0.156827 -1.59229 0
      vertex 0 -1.6 14.4348
      vertex 0 -1.6 0
    endloop
  endfacet
  facet normal 0.0491031 0.998794 0
    outer loop
      vertex 0 -1.6 14.4348
      vertex -0.156827 -1.59229 0
      vertex -0.156827 -1.59229 14.4398
    endloop
  endfacet
  facet normal 0.998794 -0.0491031 0
    outer loop
      vertex -1.6 0 15.4783
      vertex -1.59229 0.156827 0
      vertex -1.59229 0.156827 15.5805
    endloop
  endfacet
  facet normal 0.998794 -0.0491031 0
    outer loop
      vertex -1.59229 0.156827 0
      vertex -1.6 0 15.4783
      vertex -1.6 0 0
    endloop
  endfacet
  facet normal 0.336849 0.941559 0
    outer loop
      vertex -0.612293 -1.47821 0
      vertex -0.464455 -1.5311 14.4797
      vertex -0.464455 -1.5311 0
    endloop
  endfacet
  facet normal 0.336849 0.941559 0
    outer loop
      vertex -0.464455 -1.5311 14.4797
      vertex -0.612293 -1.47821 0
      vertex -0.612293 -1.47821 14.5142
    endloop
  endfacet
  facet normal -0.671578 0.740933 0
    outer loop
      vertex 1.13137 -1.13137 0
      vertex 1.01503 -1.23682 14.6716
      vertex 1.13137 -1.13137 14.7404
    endloop
  endfacet
  facet normal -0.671578 0.740933 0
    outer loop
      vertex 1.01503 -1.23682 14.6716
      vertex 1.13137 -1.13137 0
      vertex 1.01503 -1.23682 0
    endloop
  endfacet
  facet normal -1 0 0
    outer loop
      vertex 10.2 16 3.8
      vertex 10.2 21 24.2
      vertex 10.2 21 3.8
    endloop
  endfacet
  facet normal -1 -0 0
    outer loop
      vertex 10.2 21 24.2
      vertex 10.2 16 3.8
      vertex 10.2 16 24.2
    endloop
  endfacet
  facet normal 0 0 -1
    outer loop
      vertex -10.2 16 24.2
      vertex 10.2 21 24.2
      vertex 10.2 16 24.2
    endloop
  endfacet
  facet normal -0 0 -1
    outer loop
      vertex 10.2 21 24.2
      vertex -10.2 16 24.2
      vertex -10.2 21 24.2
    endloop
  endfacet
  facet normal -0 0 1
    outer loop
      vertex -10.2 21 3.8
      vertex 10.2 16 3.8
      vertex 10.2 21 3.8
    endloop
  endfacet
  facet normal 0 0 1
    outer loop
      vertex 10.2 16 3.8
      vertex -10.2 21 3.8
      vertex -10.2 16 3.8
    endloop
  endfacet
  facet normal 1 -0 0
    outer loop
      vertex -10.2 16 24.2
      vertex -10.2 21 3.8
      vertex -10.2 21 24.2
    endloop
  endfacet
  facet normal 1 0 0
    outer loop
      vertex -10.2 21 3.8
      vertex -10.2 16 24.2
      vertex -10.2 16 3.8
    endloop
  endfacet
  facet normal 0 1 0
    outer loop
      vertex 10.2 16 24.2
      vertex 0 16 15.65
      vertex -10.2 16 24.2
    endloop
  endfacet
  facet normal 0 1 0
    outer loop
      vertex 10.2 16 24.2
      vertex 0.161728 16 15.6421
      vertex 0 16 15.65
    endloop
  endfacet
  facet normal 0 1 0
    outer loop
      vertex 10.2 16 24.2
      vertex 0.321898 16 15.6183
      vertex 0.161728 16 15.6421
    endloop
  endfacet
  facet normal 0 1 0
    outer loop
      vertex 10.2 16 24.2
      vertex 0.47897 16 15.579
      vertex 0.321898 16 15.6183
    endloop
  endfacet
  facet normal 0 1 0
    outer loop
      vertex 10.2 16 24.2
      vertex 0.631427 16 15.5244
      vertex 0.47897 16 15.579
    endloop
  endfacet
  facet normal 0 1 0
    outer loop
      vertex 10.2 16 24.2
      vertex 0.777804 16 15.4552
      vertex 0.631427 16 15.5244
    endloop
  endfacet
  facet normal 0 1 0
    outer loop
      vertex 10.2 16 24.2
      vertex 0.916691 16 15.3719
      vertex 0.777804 16 15.4552
    endloop
  endfacet
  facet normal 0 1 0
    outer loop
      vertex 10.2 16 24.2
      vertex 1.04675 16 15.2755
      vertex 0.916691 16 15.3719
    endloop
  endfacet
  facet normal 0 1 0
    outer loop
      vertex 10.2 16 24.2
      vertex 1.16673 16 15.1667
      vertex 1.04675 16 15.2755
    endloop
  endfacet
  facet normal 0 1 0
    outer loop
      vertex 10.2 16 24.2
      vertex 1.27547 16 15.0467
      vertex 1.16673 16 15.1667
    endloop
  endfacet
  facet normal 0 1 0
    outer loop
      vertex 10.2 16 24.2
      vertex 1.37192 16 14.9167
      vertex 1.27547 16 15.0467
    endloop
  endfacet
  facet normal 0 1 0
    outer loop
      vertex 10.2 16 24.2
      vertex 1.45517 16 14.7778
      vertex 1.37192 16 14.9167
    endloop
  endfacet
  facet normal 0 1 0
    outer loop
      vertex 10.2 16 24.2
      vertex 1.5244 16 14.6314
      vertex 1.45517 16 14.7778
    endloop
  endfacet
  facet normal 0 1 0
    outer loop
      vertex 10.2 16 24.2
      vertex 1.57895 16 14.479
      vertex 1.5244 16 14.6314
    endloop
  endfacet
  facet normal 0 1 0
    outer loop
      vertex 10.2 16 24.2
      vertex 1.6183 16 14.3219
      vertex 1.57895 16 14.479
    endloop
  endfacet
  facet normal 0 1 0
    outer loop
      vertex 10.2 16 24.2
      vertex 1.64205 16 14.1617
      vertex 1.6183 16 14.3219
    endloop
  endfacet
  facet normal 0 1 0
    outer loop
      vertex 10.2 16 24.2
      vertex 1.65 16 14
      vertex 1.64205 16 14.1617
    endloop
  endfacet
  facet normal 0 1 -0
    outer loop
      vertex 10.2 16 3.8
      vertex 1.65 16 14
      vertex 10.2 16 24.2
    endloop
  endfacet
  facet normal 0 1 0
    outer loop
      vertex 1.65 16 14
      vertex 10.2 16 3.8
      vertex 1.64205 16 13.8383
    endloop
  endfacet
  facet normal 0 1 0
    outer loop
      vertex 1.64205 16 13.8383
      vertex 10.2 16 3.8
      vertex 1.6183 16 13.6781
    endloop
  endfacet
  facet normal 0 1 0
    outer loop
      vertex 1.6183 16 13.6781
      vertex 10.2 16 3.8
      vertex 1.57895 16 13.521
    endloop
  endfacet
  facet normal 0 1 0
    outer loop
      vertex 1.57895 16 13.521
      vertex 10.2 16 3.8
      vertex 1.5244 16 13.3686
    endloop
  endfacet
  facet normal 0 1 0
    outer loop
      vertex 1.5244 16 13.3686
      vertex 10.2 16 3.8
      vertex 1.45517 16 13.2222
    endloop
  endfacet
  facet normal 0 1 0
    outer loop
      vertex 1.45517 16 13.2222
      vertex 10.2 16 3.8
      vertex 1.37192 16 13.0833
    endloop
  endfacet
  facet normal 0 1 0
    outer loop
      vertex 0.161728 16 12.3579
      vertex 10.2 16 3.8
      vertex 0 16 12.35
    endloop
  endfacet
  facet normal 0 1 0
    outer loop
      vertex 0.321898 16 12.3817
      vertex 10.2 16 3.8
      vertex 0.161728 16 12.3579
    endloop
  endfacet
  facet normal 0 1 0
    outer loop
      vertex 0.47897 16 12.421
      vertex 10.2 16 3.8
      vertex 0.321898 16 12.3817
    endloop
  endfacet
  facet normal 0 1 0
    outer loop
      vertex 0.631427 16 12.4756
      vertex 10.2 16 3.8
      vertex 0.47897 16 12.421
    endloop
  endfacet
  facet normal 0 1 0
    outer loop
      vertex 0.777804 16 12.5448
      vertex 10.2 16 3.8
      vertex 0.631427 16 12.4756
    endloop
  endfacet
  facet normal 0 1 0
    outer loop
      vertex 0.916691 16 12.6281
      vertex 10.2 16 3.8
      vertex 0.777804 16 12.5448
    endloop
  endfacet
  facet normal 0 1 0
    outer loop
      vertex 1.04675 16 12.7245
      vertex 10.2 16 3.8
      vertex 0.916691 16 12.6281
    endloop
  endfacet
  facet normal 0 1 0
    outer loop
      vertex 1.16673 16 12.8333
      vertex 10.2 16 3.8
      vertex 1.04675 16 12.7245
    endloop
  endfacet
  facet normal 0 1 0
    outer loop
      vertex 1.27547 16 12.9533
      vertex 10.2 16 3.8
      vertex 1.16673 16 12.8333
    endloop
  endfacet
  facet normal 0 1 0
    outer loop
      vertex 1.37192 16 13.0833
      vertex 10.2 16 3.8
      vertex 1.27547 16 12.9533
    endloop
  endfacet
  facet normal 0 1 -0
    outer loop
      vertex -0.161728 16 15.6421
      vertex -10.2 16 24.2
      vertex 0 16 15.65
    endloop
  endfacet
  facet normal 0 1 -0
    outer loop
      vertex -0.321898 16 15.6183
      vertex -10.2 16 24.2
      vertex -0.161728 16 15.6421
    endloop
  endfacet
  facet normal 0 1 -0
    outer loop
      vertex -0.47897 16 15.579
      vertex -10.2 16 24.2
      vertex -0.321898 16 15.6183
    endloop
  endfacet
  facet normal 0 1 -0
    outer loop
      vertex -0.631427 16 15.5244
      vertex -10.2 16 24.2
      vertex -0.47897 16 15.579
    endloop
  endfacet
  facet normal 0 1 -0
    outer loop
      vertex -0.777804 16 15.4552
      vertex -10.2 16 24.2
      vertex -0.631427 16 15.5244
    endloop
  endfacet
  facet normal 0 1 -0
    outer loop
      vertex -0.916691 16 15.3719
      vertex -10.2 16 24.2
      vertex -0.777804 16 15.4552
    endloop
  endfacet
  facet normal 0 1 -0
    outer loop
      vertex -1.04675 16 15.2755
      vertex -10.2 16 24.2
      vertex -0.916691 16 15.3719
    endloop
  endfacet
  facet normal 0 1 -0
    outer loop
      vertex -1.16673 16 15.1667
      vertex -10.2 16 24.2
      vertex -1.04675 16 15.2755
    endloop
  endfacet
  facet normal 0 1 -0
    outer loop
      vertex -1.27547 16 15.0467
      vertex -10.2 16 24.2
      vertex -1.16673 16 15.1667
    endloop
  endfacet
  facet normal 0 1 -0
    outer loop
      vertex -1.37192 16 14.9167
      vertex -10.2 16 24.2
      vertex -1.27547 16 15.0467
    endloop
  endfacet
  facet normal 0 1 -0
    outer loop
      vertex -1.45517 16 14.7778
      vertex -10.2 16 24.2
      vertex -1.37192 16 14.9167
    endloop
  endfacet
  facet normal 0 1 -0
    outer loop
      vertex -1.5244 16 14.6314
      vertex -10.2 16 24.2
      vertex -1.45517 16 14.7778
    endloop
  endfacet
  facet normal 0 1 -0
    outer loop
      vertex -1.57895 16 14.479
      vertex -10.2 16 24.2
      vertex -1.5244 16 14.6314
    endloop
  endfacet
  facet normal 0 1 -0
    outer loop
      vertex -1.6183 16 14.3219
      vertex -10.2 16 24.2
      vertex -1.57895 16 14.479
    endloop
  endfacet
  facet normal 0 1 -0
    outer loop
      vertex -1.64205 16 14.1617
      vertex -10.2 16 24.2
      vertex -1.6183 16 14.3219
    endloop
  endfacet
  facet normal 0 1 -0
    outer loop
      vertex -1.65 16 14
      vertex -10.2 16 24.2
      vertex -1.64205 16 14.1617
    endloop
  endfacet
  facet normal 0 1 0
    outer loop
      vertex -10.2 16 3.8
      vertex -1.65 16 14
      vertex -1.64205 16 13.8383
    endloop
  endfacet
  facet normal 0 1 0
    outer loop
      vertex -10.2 16 3.8
      vertex -1.64205 16 13.8383
      vertex -1.6183 16 13.6781
    endloop
  endfacet
  facet normal 0 1 0
    outer loop
      vertex -10.2 16 3.8
      vertex -1.6183 16 13.6781
      vertex -1.57895 16 13.521
    endloop
  endfacet
  facet normal 0 1 0
    outer loop
      vertex -10.2 16 3.8
      vertex -1.57895 16 13.521
      vertex -1.5244 16 13.3686
    endloop
  endfacet
  facet normal 0 1 0
    outer loop
      vertex -10.2 16 3.8
      vertex -1.5244 16 13.3686
      vertex -1.45517 16 13.2222
    endloop
  endfacet
  facet normal 0 1 0
    outer loop
      vertex -10.2 16 3.8
      vertex -1.45517 16 13.2222
      vertex -1.37192 16 13.0833
    endloop
  endfacet
  facet normal 0 1 0
    outer loop
      vertex -10.2 16 3.8
      vertex -1.37192 16 13.0833
      vertex -1.27547 16 12.9533
    endloop
  endfacet
  facet normal 0 1 0
    outer loop
      vertex -10.2 16 3.8
      vertex 0 16 12.35
      vertex 10.2 16 3.8
    endloop
  endfacet
  facet normal 0 1 0
    outer loop
      vertex 0 16 12.35
      vertex -10.2 16 3.8
      vertex -0.161728 16 12.3579
    endloop
  endfacet
  facet normal 0 1 0
    outer loop
      vertex -0.161728 16 12.3579
      vertex -10.2 16 3.8
      vertex -0.321898 16 12.3817
    endloop
  endfacet
  facet normal 0 1 0
    outer loop
      vertex -0.321898 16 12.3817
      vertex -10.2 16 3.8
      vertex -0.47897 16 12.421
    endloop
  endfacet
  facet normal 0 1 0
    outer loop
      vertex -0.47897 16 12.421
      vertex -10.2 16 3.8
      vertex -0.631427 16 12.4756
    endloop
  endfacet
  facet normal 0 1 0
    outer loop
      vertex -0.631427 16 12.4756
      vertex -10.2 16 3.8
      vertex -0.777804 16 12.5448
    endloop
  endfacet
  facet normal 0 1 0
    outer loop
      vertex -0.777804 16 12.5448
      vertex -10.2 16 3.8
      vertex -0.916691 16 12.6281
    endloop
  endfacet
  facet normal 0 1 0
    outer loop
      vertex -1.65 16 14
      vertex -10.2 16 3.8
      vertex -10.2 16 24.2
    endloop
  endfacet
  facet normal 0 1 0
    outer loop
      vertex -1.16673 16 12.8333
      vertex -10.2 16 3.8
      vertex -1.27547 16 12.9533
    endloop
  endfacet
  facet normal 0 1 0
    outer loop
      vertex -1.04675 16 12.7245
      vertex -10.2 16 3.8
      vertex -1.16673 16 12.8333
    endloop
  endfacet
  facet normal 0 1 0
    outer loop
      vertex -0.916691 16 12.6281
      vertex -10.2 16 3.8
      vertex -1.04675 16 12.7245
    endloop
  endfacet
  facet normal -0.672453 0 -0.74014
    outer loop
      vertex 1.16673 1.09236 15.1667
      vertex 1.15 8 15.1819
      vertex 1.16673 10.4 15.1667
    endloop
  endfacet
  facet normal -0.670116 1.03147e-05 -0.742256
    outer loop
      vertex 1.16673 1.09236 15.1667
      vertex 1.14446 7.88728 15.1869
      vertex 1.15 8 15.1819
    endloop
  endfacet
  facet normal -0.67216 -1.39218e-05 -0.740406
    outer loop
      vertex 1.04675 7.52669 15.2755
      vertex 1.16673 1.09236 15.1667
      vertex 1.13137 1.13137 15.1988
    endloop
  endfacet
  facet normal -0.671346 2.97721e-06 -0.741144
    outer loop
      vertex 1.16673 1.09236 15.1667
      vertex 1.1279 7.77565 15.2019
      vertex 1.14446 7.88728 15.1869
    endloop
  endfacet
  facet normal -0.672255 -6.64486e-06 -0.74032
    outer loop
      vertex 1.16673 1.09236 15.1667
      vertex 1.10048 7.66617 15.2268
      vertex 1.1279 7.77565 15.2019
    endloop
  endfacet
  facet normal -0.67095 1.73187e-05 -0.741502
    outer loop
      vertex 1.16673 1.09236 15.1667
      vertex 1.06246 7.55991 15.2612
      vertex 1.10048 7.66617 15.2268
    endloop
  endfacet
  facet normal -0.671583 -0 -0.74093
    outer loop
      vertex 1.04675 7.52669 15.2755
      vertex 1.13137 1.13137 15.1988
      vertex 1.04675 1.20807 15.2755
    endloop
  endfacet
  facet normal -0.673089 -4.5513e-05 -0.739562
    outer loop
      vertex 1.16673 1.09236 15.1667
      vertex 1.04675 7.52669 15.2755
      vertex 1.06246 7.55991 15.2612
    endloop
  endfacet
  facet normal -0.670306 -2.7275e-05 -0.742085
    outer loop
      vertex 1.14446 8.11272 15.1869
      vertex 1.16673 10.4 15.1667
      vertex 1.15 8 15.1819
    endloop
  endfacet
  facet normal -0.671367 -8.48294e-06 -0.741125
    outer loop
      vertex 1.1279 8.22435 15.2019
      vertex 1.16673 10.4 15.1667
      vertex 1.14446 8.11272 15.1869
    endloop
  endfacet
  facet normal -0.672227 1.9497e-05 -0.740345
    outer loop
      vertex 1.10048 8.33383 15.2268
      vertex 1.16673 10.4 15.1667
      vertex 1.1279 8.22435 15.2019
    endloop
  endfacet
  facet normal -0.671003 -5.19911e-05 -0.741454
    outer loop
      vertex 1.06246 8.44009 15.2612
      vertex 1.16673 10.4 15.1667
      vertex 1.10048 8.33383 15.2268
    endloop
  endfacet
  facet normal -0.67298 0.000139623 -0.739661
    outer loop
      vertex 1.04675 8.47331 15.2755
      vertex 1.16673 10.4 15.1667
      vertex 1.06246 8.44009 15.2612
    endloop
  endfacet
  facet normal -0.67175 0 -0.740778
    outer loop
      vertex 1.16673 10.4 15.1667
      vertex 1.04675 8.47331 15.2755
      vertex 1.04675 10.4 15.2755
    endloop
  endfacet
  facet normal -0.67175 0 -0.740778
    outer loop
      vertex 1.04675 13.6 15.2755
      vertex 1.16673 16 15.1667
      vertex 1.16673 13.6 15.1667
    endloop
  endfacet
  facet normal -0.67175 0 -0.740778
    outer loop
      vertex 1.16673 16 15.1667
      vertex 1.04675 13.6 15.2755
      vertex 1.04675 16 15.2755
    endloop
  endfacet
  facet normal -0.989189 0 -0.146649
    outer loop
      vertex 1.64205 1 14.1617
      vertex 1.6183 10.4 14.3219
      vertex 1.64205 10.4 14.1617
    endloop
  endfacet
  facet normal -0.989189 -0 -0.146649
    outer loop
      vertex 1.6183 10.4 14.3219
      vertex 1.64205 1 14.1617
      vertex 1.6183 1 14.3219
    endloop
  endfacet
  facet normal -0.989189 0 -0.146649
    outer loop
      vertex 1.64205 13.6 14.1617
      vertex 1.6183 16 14.3219
      vertex 1.64205 16 14.1617
    endloop
  endfacet
  facet normal -0.989189 -0 -0.146649
    outer loop
      vertex 1.6183 16 14.3219
      vertex 1.64205 13.6 14.1617
      vertex 1.6183 13.6 14.3219
    endloop
  endfacet
  facet normal -0.998794 0 -0.0491058
    outer loop
      vertex 1.65 1 14
      vertex 1.64205 10.4 14.1617
      vertex 1.65 10.4 14
    endloop
  endfacet
  facet normal -0.998794 -0 -0.0491058
    outer loop
      vertex 1.64205 10.4 14.1617
      vertex 1.65 1 14
      vertex 1.64205 1 14.1617
    endloop
  endfacet
  facet normal -0.998794 0 -0.0491058
    outer loop
      vertex 1.65 13.6 14
      vertex 1.64205 16 14.1617
      vertex 1.65 16 14
    endloop
  endfacet
  facet normal -0.998794 -0 -0.0491058
    outer loop
      vertex 1.64205 16 14.1617
      vertex 1.65 13.6 14
      vertex 1.64205 13.6 14.1617
    endloop
  endfacet
  facet normal 0.243894 0 -0.969802
    outer loop
      vertex -0.321898 1.56681 15.6183
      vertex -0.333827 6.89952 15.6153
      vertex -0.321898 6.89653 15.6183
    endloop
  endfacet
  facet normal 0.242925 -2.30281e-06 -0.970045
    outer loop
      vertex -0.464455 1.5311 15.5826
      vertex -0.333827 6.89952 15.6153
      vertex -0.321898 1.56681 15.6183
    endloop
  endfacet
  facet normal 0.242841 -1.14977e-07 -0.970066
    outer loop
      vertex -0.333827 6.89952 15.6153
      vertex -0.464455 1.5311 15.5826
      vertex -0.440085 6.93754 15.5887
    endloop
  endfacet
  facet normal 0.240722 1.00283e-05 -0.970594
    outer loop
      vertex -0.47897 1.52591 15.579
      vertex -0.440085 6.93754 15.5887
      vertex -0.464455 1.5311 15.5826
    endloop
  endfacet
  facet normal 0.242037 0 -0.970267
    outer loop
      vertex -0.440085 6.93754 15.5887
      vertex -0.47897 1.52591 15.579
      vertex -0.47897 6.95593 15.579
    endloop
  endfacet
  facet normal 0.243859 0.00014644 -0.969811
    outer loop
      vertex -0.47897 10.4 15.579
      vertex -0.321898 9.10347 15.6183
      vertex -0.333827 9.10048 15.6153
    endloop
  endfacet
  facet normal 0.242832 2.45782e-05 -0.970068
    outer loop
      vertex -0.47897 10.4 15.579
      vertex -0.333827 9.10048 15.6153
      vertex -0.440085 9.06246 15.5887
    endloop
  endfacet
  facet normal 0.242037 0 -0.970267
    outer loop
      vertex -0.47897 10.4 15.579
      vertex -0.440085 9.06246 15.5887
      vertex -0.47897 9.04407 15.579
    endloop
  endfacet
  facet normal 0.242722 0 -0.970096
    outer loop
      vertex -0.321898 9.10347 15.6183
      vertex -0.47897 10.4 15.579
      vertex -0.321898 10.4 15.6183
    endloop
  endfacet
  facet normal 0.242722 0 -0.970096
    outer loop
      vertex -0.47897 13.6 15.579
      vertex -0.321898 16 15.6183
      vertex -0.321898 13.6 15.6183
    endloop
  endfacet
  facet normal 0.242722 0 -0.970096
    outer loop
      vertex -0.321898 16 15.6183
      vertex -0.47897 13.6 15.579
      vertex -0.47897 16 15.579
    endloop
  endfacet
  facet normal 0.904018 -0 0.427494
    outer loop
      vertex -1.5244 1 13.3686
      vertex -1.45517 10.4 13.2222
      vertex -1.5244 10.4 13.3686
    endloop
  endfacet
  facet normal 0.904018 0 0.427494
    outer loop
      vertex -1.45517 10.4 13.2222
      vertex -1.5244 1 13.3686
      vertex -1.45517 1 13.2222
    endloop
  endfacet
  facet normal 0.904018 -0 0.427494
    outer loop
      vertex -1.5244 13.6 13.3686
      vertex -1.45517 16 13.2222
      vertex -1.5244 16 13.3686
    endloop
  endfacet
  facet normal 0.904018 0 0.427494
    outer loop
      vertex -1.45517 16 13.2222
      vertex -1.5244 13.6 13.3686
      vertex -1.45517 13.6 13.2222
    endloop
  endfacet
  facet normal -0.513645 0 -0.858003
    outer loop
      vertex 0.888962 8.72955 15.3885
      vertex 0.916691 10.4 15.3719
      vertex 0.916691 8.69216 15.3719
    endloop
  endfacet
  facet normal -0.514693 2.36453e-05 -0.857375
    outer loop
      vertex 0.813172 8.81317 15.434
      vertex 0.916691 10.4 15.3719
      vertex 0.888962 8.72955 15.3885
    endloop
  endfacet
  facet normal -0.514142 -2.52513e-05 -0.857705
    outer loop
      vertex 0.777804 8.84523 15.4552
      vertex 0.916691 10.4 15.3719
      vertex 0.813172 8.81317 15.434
    endloop
  endfacet
  facet normal -0.51435 0 -0.857581
    outer loop
      vertex 0.916691 10.4 15.3719
      vertex 0.777804 8.84523 15.4552
      vertex 0.777804 10.4 15.4552
    endloop
  endfacet
  facet normal -0.513645 0 -0.858003
    outer loop
      vertex 0.916691 1.30975 15.3719
      vertex 0.888962 7.27045 15.3885
      vertex 0.916691 7.30784 15.3719
    endloop
  endfacet
  facet normal -0.515251 -2.91336e-05 -0.857039
    outer loop
      vertex 0.777804 7.15477 15.4552
      vertex 0.916691 1.30975 15.3719
      vertex 0.888912 1.33035 15.3886
    endloop
  endfacet
  facet normal -0.514707 -6.71328e-06 -0.857366
    outer loop
      vertex 0.916691 1.30975 15.3719
      vertex 0.813172 7.18683 15.434
      vertex 0.888962 7.27045 15.3885
    endloop
  endfacet
  facet normal -0.514128 -0 -0.857714
    outer loop
      vertex 0.777804 7.15477 15.4552
      vertex 0.888912 1.33035 15.3886
      vertex 0.777804 1.39695 15.4552
    endloop
  endfacet
  facet normal -0.51413 7.10769e-06 -0.857713
    outer loop
      vertex 0.916691 1.30975 15.3719
      vertex 0.777804 7.15477 15.4552
      vertex 0.813172 7.18683 15.434
    endloop
  endfacet
  facet normal -0.51435 0 -0.857581
    outer loop
      vertex 0.777804 13.6 15.4552
      vertex 0.916691 16 15.3719
      vertex 0.916691 13.6 15.3719
    endloop
  endfacet
  facet normal -0.51435 0 -0.857581
    outer loop
      vertex 0.916691 16 15.3719
      vertex 0.777804 13.6 15.4552
      vertex 0.777804 16 15.4552
    endloop
  endfacet
  facet normal 0 1 0
    outer loop
      vertex 1.37192 1 14.9167
      vertex 1.24796 1 15.0771
      vertex 1.27547 1 15.0467
    endloop
  endfacet
  facet normal 0 1 0
    outer loop
      vertex 1.45517 1 14.7778
      vertex 1.24796 1 15.0771
      vertex 1.37192 1 14.9167
    endloop
  endfacet
  facet normal 0 1 0
    outer loop
      vertex 1.5244 1 14.6314
      vertex 1.24796 1 15.0771
      vertex 1.45517 1 14.7778
    endloop
  endfacet
  facet normal 0 1 0
    outer loop
      vertex 1.57895 1 14.479
      vertex 1.24796 1 15.0771
      vertex 1.5244 1 14.6314
    endloop
  endfacet
  facet normal 0 1 0
    outer loop
      vertex 1.6183 1 14.3219
      vertex 1.24796 1 15.0771
      vertex 1.57895 1 14.479
    endloop
  endfacet
  facet normal 0 1 0
    outer loop
      vertex 1.64205 1 14.1617
      vertex 1.24796 1 15.0771
      vertex 1.6183 1 14.3219
    endloop
  endfacet
  facet normal 0 1 0
    outer loop
      vertex 1.65 1 14
      vertex 1.24796 1 15.0771
      vertex 1.64205 1 14.1617
    endloop
  endfacet
  facet normal 0 1 -0
    outer loop
      vertex 1.64205 1 13.8383
      vertex 1.24796 1 15.0771
      vertex 1.65 1 14
    endloop
  endfacet
  facet normal 0 1 -0
    outer loop
      vertex 1.6183 1 13.6781
      vertex 1.24796 1 15.0771
      vertex 1.64205 1 13.8383
    endloop
  endfacet
  facet normal 0 1 -0
    outer loop
      vertex 1.57895 1 13.521
      vertex 1.24796 1 15.0771
      vertex 1.6183 1 13.6781
    endloop
  endfacet
  facet normal 0 1 -0
    outer loop
      vertex 1.5244 1 13.3686
      vertex 1.24796 1 15.0771
      vertex 1.57895 1 13.521
    endloop
  endfacet
  facet normal 0 1 -0
    outer loop
      vertex 1.45517 1 13.2222
      vertex 1.24796 1 15.0771
      vertex 1.5244 1 13.3686
    endloop
  endfacet
  facet normal 0 1 -0
    outer loop
      vertex 1.37192 1 13.0833
      vertex 1.24796 1 15.0771
      vertex 1.45517 1 13.2222
    endloop
  endfacet
  facet normal 0 1 0
    outer loop
      vertex 1.24796 1 12.9229
      vertex 1.37192 1 13.0833
      vertex 1.27547 1 12.9533
    endloop
  endfacet
  facet normal 0 1 0
    outer loop
      vertex 1.37192 1 13.0833
      vertex 1.24796 1 12.9229
      vertex 1.24796 1 15.0771
    endloop
  endfacet
  facet normal 0 1 0
    outer loop
      vertex -1.24796 1 15.0771
      vertex -1.37192 1 14.9167
      vertex -1.27547 1 15.0467
    endloop
  endfacet
  facet normal 0 1 0
    outer loop
      vertex -1.24796 1 15.0771
      vertex -1.45517 1 14.7778
      vertex -1.37192 1 14.9167
    endloop
  endfacet
  facet normal 0 1 0
    outer loop
      vertex -1.24796 1 15.0771
      vertex -1.5244 1 14.6314
      vertex -1.45517 1 14.7778
    endloop
  endfacet
  facet normal 0 1 0
    outer loop
      vertex -1.24796 1 15.0771
      vertex -1.57895 1 14.479
      vertex -1.5244 1 14.6314
    endloop
  endfacet
  facet normal 0 1 0
    outer loop
      vertex -1.24796 1 15.0771
      vertex -1.6183 1 14.3219
      vertex -1.57895 1 14.479
    endloop
  endfacet
  facet normal 0 1 0
    outer loop
      vertex -1.24796 1 15.0771
      vertex -1.64205 1 14.1617
      vertex -1.6183 1 14.3219
    endloop
  endfacet
  facet normal 0 1 0
    outer loop
      vertex -1.24796 1 15.0771
      vertex -1.65 1 14
      vertex -1.64205 1 14.1617
    endloop
  endfacet
  facet normal 0 1 0
    outer loop
      vertex -1.24796 1 15.0771
      vertex -1.64205 1 13.8383
      vertex -1.65 1 14
    endloop
  endfacet
  facet normal 0 1 0
    outer loop
      vertex -1.24796 1 15.0771
      vertex -1.6183 1 13.6781
      vertex -1.64205 1 13.8383
    endloop
  endfacet
  facet normal 0 1 0
    outer loop
      vertex -1.24796 1 15.0771
      vertex -1.57895 1 13.521
      vertex -1.6183 1 13.6781
    endloop
  endfacet
  facet normal 0 1 0
    outer loop
      vertex -1.24796 1 15.0771
      vertex -1.5244 1 13.3686
      vertex -1.57895 1 13.521
    endloop
  endfacet
  facet normal 0 1 0
    outer loop
      vertex -1.24796 1 15.0771
      vertex -1.45517 1 13.2222
      vertex -1.5244 1 13.3686
    endloop
  endfacet
  facet normal 0 1 0
    outer loop
      vertex -1.24796 1 15.0771
      vertex -1.37192 1 13.0833
      vertex -1.45517 1 13.2222
    endloop
  endfacet
  facet normal 0 1 -0
    outer loop
      vertex -1.24796 1 12.9229
      vertex -1.37192 1 13.0833
      vertex -1.24796 1 15.0771
    endloop
  endfacet
  facet normal 0 1 0
    outer loop
      vertex -1.37192 1 13.0833
      vertex -1.24796 1 12.9229
      vertex -1.27547 1 12.9533
    endloop
  endfacet
  facet normal -0.970033 0 -0.242971
    outer loop
      vertex 1.6183 1 14.3219
      vertex 1.57895 10.4 14.479
      vertex 1.6183 10.4 14.3219
    endloop
  endfacet
  facet normal -0.970033 -0 -0.242971
    outer loop
      vertex 1.57895 10.4 14.479
      vertex 1.6183 1 14.3219
      vertex 1.57895 1 14.479
    endloop
  endfacet
  facet normal -0.970033 0 -0.242971
    outer loop
      vertex 1.6183 13.6 14.3219
      vertex 1.57895 16 14.479
      vertex 1.6183 16 14.3219
    endloop
  endfacet
  facet normal -0.970033 -0 -0.242971
    outer loop
      vertex 1.57895 16 14.479
      vertex 1.6183 13.6 14.3219
      vertex 1.57895 13.6 14.479
    endloop
  endfacet
  facet normal 0.671583 0 -0.74093
    outer loop
      vertex -1.13137 1.13137 15.1988
      vertex -1.04675 7.52669 15.2755
      vertex -1.04675 1.20807 15.2755
    endloop
  endfacet
  facet normal 0.67216 -1.39218e-05 -0.740406
    outer loop
      vertex -1.16673 1.09236 15.1667
      vertex -1.04675 7.52669 15.2755
      vertex -1.13137 1.13137 15.1988
    endloop
  endfacet
  facet normal 0.673089 -4.5513e-05 -0.739562
    outer loop
      vertex -1.04675 7.52669 15.2755
      vertex -1.16673 1.09236 15.1667
      vertex -1.06246 7.55991 15.2612
    endloop
  endfacet
  facet normal 0.67095 1.73187e-05 -0.741502
    outer loop
      vertex -1.06246 7.55991 15.2612
      vertex -1.16673 1.09236 15.1667
      vertex -1.10048 7.66617 15.2268
    endloop
  endfacet
  facet normal 0.672255 -6.64486e-06 -0.74032
    outer loop
      vertex -1.10048 7.66617 15.2268
      vertex -1.16673 1.09236 15.1667
      vertex -1.1279 7.77565 15.2019
    endloop
  endfacet
  facet normal 0.671346 2.97721e-06 -0.741144
    outer loop
      vertex -1.1279 7.77565 15.2019
      vertex -1.16673 1.09236 15.1667
      vertex -1.14446 7.88728 15.1869
    endloop
  endfacet
  facet normal 0.670116 1.03147e-05 -0.742256
    outer loop
      vertex -1.14446 7.88728 15.1869
      vertex -1.16673 1.09236 15.1667
      vertex -1.15 8 15.1819
    endloop
  endfacet
  facet normal 0.67298 0.000139623 -0.739661
    outer loop
      vertex -1.16673 10.4 15.1667
      vertex -1.04675 8.47331 15.2755
      vertex -1.06246 8.44009 15.2612
    endloop
  endfacet
  facet normal 0.671003 -5.19911e-05 -0.741454
    outer loop
      vertex -1.16673 10.4 15.1667
      vertex -1.06246 8.44009 15.2612
      vertex -1.10048 8.33383 15.2268
    endloop
  endfacet
  facet normal 0.672227 1.9497e-05 -0.740345
    outer loop
      vertex -1.16673 10.4 15.1667
      vertex -1.10048 8.33383 15.2268
      vertex -1.1279 8.22435 15.2019
    endloop
  endfacet
  facet normal 0.671367 -8.48294e-06 -0.741125
    outer loop
      vertex -1.16673 10.4 15.1667
      vertex -1.1279 8.22435 15.2019
      vertex -1.14446 8.11272 15.1869
    endloop
  endfacet
  facet normal 0.670306 -2.7275e-05 -0.742085
    outer loop
      vertex -1.16673 10.4 15.1667
      vertex -1.14446 8.11272 15.1869
      vertex -1.15 8 15.1819
    endloop
  endfacet
  facet normal 0.67175 0 -0.740778
    outer loop
      vertex -1.04675 8.47331 15.2755
      vertex -1.16673 10.4 15.1667
      vertex -1.04675 10.4 15.2755
    endloop
  endfacet
  facet normal 0.672453 0 -0.74014
    outer loop
      vertex -1.16673 10.4 15.1667
      vertex -1.15 8 15.1819
      vertex -1.16673 1.09236 15.1667
    endloop
  endfacet
  facet normal 0.67175 0 -0.740778
    outer loop
      vertex -1.16673 13.6 15.1667
      vertex -1.04675 16 15.2755
      vertex -1.04675 13.6 15.2755
    endloop
  endfacet
  facet normal 0.67175 0 -0.740778
    outer loop
      vertex -1.04675 16 15.2755
      vertex -1.16673 13.6 15.1667
      vertex -1.16673 16 15.1667
    endloop
  endfacet
  facet normal 0.970033 0 -0.242971
    outer loop
      vertex -1.57895 1 14.479
      vertex -1.6183 10.4 14.3219
      vertex -1.57895 10.4 14.479
    endloop
  endfacet
  facet normal 0.970033 0 -0.242971
    outer loop
      vertex -1.6183 10.4 14.3219
      vertex -1.57895 1 14.479
      vertex -1.6183 1 14.3219
    endloop
  endfacet
  facet normal 0.970033 0 -0.242971
    outer loop
      vertex -1.57895 13.6 14.479
      vertex -1.6183 16 14.3219
      vertex -1.57895 16 14.479
    endloop
  endfacet
  facet normal 0.970033 0 -0.242971
    outer loop
      vertex -1.6183 16 14.3219
      vertex -1.57895 13.6 14.479
      vertex -1.6183 13.6 14.3219
    endloop
  endfacet
  facet normal 0.514128 0 -0.857714
    outer loop
      vertex -0.888912 1.33035 15.3886
      vertex -0.777804 7.15477 15.4552
      vertex -0.777804 1.39695 15.4552
    endloop
  endfacet
  facet normal 0.515251 -2.91336e-05 -0.857039
    outer loop
      vertex -0.916691 1.30975 15.3719
      vertex -0.777804 7.15477 15.4552
      vertex -0.888912 1.33035 15.3886
    endloop
  endfacet
  facet normal 0.51413 7.10769e-06 -0.857713
    outer loop
      vertex -0.777804 7.15477 15.4552
      vertex -0.916691 1.30975 15.3719
      vertex -0.813172 7.18683 15.434
    endloop
  endfacet
  facet normal 0.514707 -6.71328e-06 -0.857366
    outer loop
      vertex -0.813172 7.18683 15.434
      vertex -0.916691 1.30975 15.3719
      vertex -0.888962 7.27045 15.3885
    endloop
  endfacet
  facet normal 0.513645 0 -0.858003
    outer loop
      vertex -0.888962 7.27045 15.3885
      vertex -0.916691 1.30975 15.3719
      vertex -0.916691 7.30784 15.3719
    endloop
  endfacet
  facet normal 0.514142 -2.52513e-05 -0.857705
    outer loop
      vertex -0.916691 10.4 15.3719
      vertex -0.777804 8.84523 15.4552
      vertex -0.813172 8.81317 15.434
    endloop
  endfacet
  facet normal 0.514693 2.36453e-05 -0.857375
    outer loop
      vertex -0.916691 10.4 15.3719
      vertex -0.813172 8.81317 15.434
      vertex -0.888962 8.72955 15.3885
    endloop
  endfacet
  facet normal 0.513645 0 -0.858003
    outer loop
      vertex -0.916691 10.4 15.3719
      vertex -0.888962 8.72955 15.3885
      vertex -0.916691 8.69216 15.3719
    endloop
  endfacet
  facet normal 0.51435 0 -0.857581
    outer loop
      vertex -0.777804 8.84523 15.4552
      vertex -0.916691 10.4 15.3719
      vertex -0.777804 10.4 15.4552
    endloop
  endfacet
  facet normal 0.51435 0 -0.857581
    outer loop
      vertex -0.916691 13.6 15.3719
      vertex -0.777804 16 15.4552
      vertex -0.777804 13.6 15.4552
    endloop
  endfacet
  facet normal 0.51435 0 -0.857581
    outer loop
      vertex -0.777804 16 15.4552
      vertex -0.916691 13.6 15.3719
      vertex -0.916691 16 15.3719
    endloop
  endfacet
  facet normal -0.147035 0 0.989131
    outer loop
      vertex 0.321898 10.4 12.3817
      vertex 0.224354 9.1279 12.3672
      vertex 0.321898 9.10347 12.3817
    endloop
  endfacet
  facet normal -0.146978 0 0.98914
    outer loop
      vertex 0.161728 9.13719 12.3579
      vertex 0.321898 10.4 12.3817
      vertex 0.161728 10.4 12.3579
    endloop
  endfacet
  facet normal -0.146891 -1.12674e-05 0.989153
    outer loop
      vertex 0.321898 10.4 12.3817
      vertex 0.161728 9.13719 12.3579
      vertex 0.224354 9.1279 12.3672
    endloop
  endfacet
  facet normal -0.142075 0 0.989856
    outer loop
      vertex 0.321898 6.89653 12.3817
      vertex 0.312144 1.56926 12.3803
      vertex 0.321898 1.56681 12.3817
    endloop
  endfacet
  facet normal -0.147037 9.27687e-06 0.989131
    outer loop
      vertex 0.224354 6.8721 12.3672
      vertex 0.312144 1.56926 12.3803
      vertex 0.321898 6.89653 12.3817
    endloop
  endfacet
  facet normal -0.14689 0 0.989153
    outer loop
      vertex 0.161728 1.59157 12.3579
      vertex 0.224354 6.8721 12.3672
      vertex 0.161728 6.86281 12.3579
    endloop
  endfacet
  facet normal -0.147295 4.91468e-06 0.989093
    outer loop
      vertex 0.224354 6.8721 12.3672
      vertex 0.161728 1.59157 12.3579
      vertex 0.312144 1.56926 12.3803
    endloop
  endfacet
  facet normal -0.146978 0 0.98914
    outer loop
      vertex 0.161728 16 12.3579
      vertex 0.321898 13.6 12.3817
      vertex 0.321898 16 12.3817
    endloop
  endfacet
  facet normal -0.146978 0 0.98914
    outer loop
      vertex 0.321898 13.6 12.3817
      vertex 0.161728 16 12.3579
      vertex 0.161728 13.6 12.3579
    endloop
  endfacet
  facet normal 0.941504 -0 0.337002
    outer loop
      vertex -1.57895 1 13.521
      vertex -1.5244 10.4 13.3686
      vertex -1.57895 10.4 13.521
    endloop
  endfacet
  facet normal 0.941504 0 0.337002
    outer loop
      vertex -1.5244 10.4 13.3686
      vertex -1.57895 1 13.521
      vertex -1.5244 1 13.3686
    endloop
  endfacet
  facet normal 0.941504 -0 0.337002
    outer loop
      vertex -1.57895 13.6 13.521
      vertex -1.5244 16 13.3686
      vertex -1.57895 16 13.521
    endloop
  endfacet
  facet normal 0.941504 0 0.337002
    outer loop
      vertex -1.5244 16 13.3686
      vertex -1.57895 13.6 13.521
      vertex -1.5244 13.6 13.3686
    endloop
  endfacet
  facet normal -0.513645 0 0.858003
    outer loop
      vertex 0.888962 7.27045 12.6115
      vertex 0.916691 1.30975 12.6281
      vertex 0.916691 7.30784 12.6281
    endloop
  endfacet
  facet normal -0.514707 -6.71328e-06 0.857366
    outer loop
      vertex 0.813172 7.18683 12.566
      vertex 0.916691 1.30975 12.6281
      vertex 0.888962 7.27045 12.6115
    endloop
  endfacet
  facet normal -0.51413 7.10769e-06 0.857713
    outer loop
      vertex 0.777804 7.15477 12.5448
      vertex 0.916691 1.30975 12.6281
      vertex 0.813172 7.18683 12.566
    endloop
  endfacet
  facet normal -0.515251 -2.91336e-05 0.857039
    outer loop
      vertex 0.916691 1.30975 12.6281
      vertex 0.777804 7.15477 12.5448
      vertex 0.888912 1.33035 12.6114
    endloop
  endfacet
  facet normal -0.514128 0 0.857714
    outer loop
      vertex 0.888912 1.33035 12.6114
      vertex 0.777804 7.15477 12.5448
      vertex 0.777804 1.39695 12.5448
    endloop
  endfacet
  facet normal -0.513645 0 0.858003
    outer loop
      vertex 0.916691 10.4 12.6281
      vertex 0.888962 8.72955 12.6115
      vertex 0.916691 8.69216 12.6281
    endloop
  endfacet
  facet normal -0.514693 2.36453e-05 0.857375
    outer loop
      vertex 0.916691 10.4 12.6281
      vertex 0.813172 8.81317 12.566
      vertex 0.888962 8.72955 12.6115
    endloop
  endfacet
  facet normal -0.51435 0 0.857581
    outer loop
      vertex 0.777804 8.84523 12.5448
      vertex 0.916691 10.4 12.6281
      vertex 0.777804 10.4 12.5448
    endloop
  endfacet
  facet normal -0.514142 -2.52513e-05 0.857705
    outer loop
      vertex 0.916691 10.4 12.6281
      vertex 0.777804 8.84523 12.5448
      vertex 0.813172 8.81317 12.566
    endloop
  endfacet
  facet normal -0.51435 0 0.857581
    outer loop
      vertex 0.777804 16 12.5448
      vertex 0.916691 13.6 12.6281
      vertex 0.916691 16 12.6281
    endloop
  endfacet
  facet normal -0.51435 0 0.857581
    outer loop
      vertex 0.916691 13.6 12.6281
      vertex 0.777804 16 12.5448
      vertex 0.777804 13.6 12.5448
    endloop
  endfacet
  facet normal -0.0407741 0 -0.999168
    outer loop
      vertex 0.156827 1.59229 15.6423
      vertex 0.161728 6.86281 15.6421
      vertex 0.161728 1.59157 15.6421
    endloop
  endfacet
  facet normal -0.0489141 7.5832e-06 -0.998803
    outer loop
      vertex 0.156827 1.59229 15.6423
      vertex 0.11272 6.85554 15.6445
      vertex 0.161728 6.86281 15.6421
    endloop
  endfacet
  facet normal -0.0490393 6.5315e-06 -0.998797
    outer loop
      vertex 0 1.6 15.65
      vertex 0.11272 6.85554 15.6445
      vertex 0.156827 1.59229 15.6423
    endloop
  endfacet
  facet normal -0.0487355 0 -0.998812
    outer loop
      vertex 0.11272 6.85554 15.6445
      vertex 0 1.6 15.65
      vertex 0 6.85 15.65
    endloop
  endfacet
  facet normal -0.048913 0 -0.998803
    outer loop
      vertex 0.11272 9.14446 15.6445
      vertex 0.161728 10.4 15.6421
      vertex 0.161728 9.13719 15.6421
    endloop
  endfacet
  facet normal -0.0487358 -6.9313e-06 -0.998812
    outer loop
      vertex 0 9.15 15.65
      vertex 0.161728 10.4 15.6421
      vertex 0.11272 9.14446 15.6445
    endloop
  endfacet
  facet normal -0.0487893 0 -0.998809
    outer loop
      vertex 0.161728 10.4 15.6421
      vertex 0 9.15 15.65
      vertex 0 10.4 15.65
    endloop
  endfacet
  facet normal -0.0487893 0 -0.998809
    outer loop
      vertex 0 13.6 15.65
      vertex 0.161728 16 15.6421
      vertex 0.161728 13.6 15.6421
    endloop
  endfacet
  facet normal -0.0487893 0 -0.998809
    outer loop
      vertex 0.161728 16 15.6421
      vertex 0 13.6 15.65
      vertex 0 16 15.65
    endloop
  endfacet
  facet normal -0.904018 0 -0.427494
    outer loop
      vertex 1.5244 1 14.6314
      vertex 1.45517 10.4 14.7778
      vertex 1.5244 10.4 14.6314
    endloop
  endfacet
  facet normal -0.904018 -0 -0.427494
    outer loop
      vertex 1.45517 10.4 14.7778
      vertex 1.5244 1 14.6314
      vertex 1.45517 1 14.7778
    endloop
  endfacet
  facet normal -0.904018 0 -0.427494
    outer loop
      vertex 1.5244 13.6 14.6314
      vertex 1.45517 16 14.7778
      vertex 1.5244 16 14.6314
    endloop
  endfacet
  facet normal -0.904018 -0 -0.427494
    outer loop
      vertex 1.45517 16 14.7778
      vertex 1.5244 13.6 14.6314
      vertex 1.45517 13.6 14.7778
    endloop
  endfacet
  facet normal 0.904018 0 -0.427494
    outer loop
      vertex -1.45517 1 14.7778
      vertex -1.5244 10.4 14.6314
      vertex -1.45517 10.4 14.7778
    endloop
  endfacet
  facet normal 0.904018 0 -0.427494
    outer loop
      vertex -1.5244 10.4 14.6314
      vertex -1.45517 1 14.7778
      vertex -1.5244 1 14.6314
    endloop
  endfacet
  facet normal 0.904018 0 -0.427494
    outer loop
      vertex -1.45517 13.6 14.7778
      vertex -1.5244 16 14.6314
      vertex -1.45517 16 14.7778
    endloop
  endfacet
  facet normal 0.904018 0 -0.427494
    outer loop
      vertex -1.5244 16 14.6314
      vertex -1.45517 13.6 14.7778
      vertex -1.5244 13.6 14.6314
    endloop
  endfacet
  facet normal 0.803103 0 -0.59584
    outer loop
      vertex -1.27547 1 15.0467
      vertex -1.37192 10.4 14.9167
      vertex -1.27547 10.4 15.0467
    endloop
  endfacet
  facet normal 0.803103 0 -0.59584
    outer loop
      vertex -1.37192 10.4 14.9167
      vertex -1.27547 1 15.0467
      vertex -1.37192 1 14.9167
    endloop
  endfacet
  facet normal 0.803103 0 -0.59584
    outer loop
      vertex -1.27547 13.6 15.0467
      vertex -1.37192 16 14.9167
      vertex -1.27547 16 15.0467
    endloop
  endfacet
  facet normal 0.803103 0 -0.59584
    outer loop
      vertex -1.37192 16 14.9167
      vertex -1.27547 13.6 15.0467
      vertex -1.37192 13.6 14.9167
    endloop
  endfacet
  facet normal -0.803103 0 0.59584
    outer loop
      vertex 1.27547 1 12.9533
      vertex 1.37192 10.4 13.0833
      vertex 1.27547 10.4 12.9533
    endloop
  endfacet
  facet normal -0.803103 0 0.59584
    outer loop
      vertex 1.37192 10.4 13.0833
      vertex 1.27547 1 12.9533
      vertex 1.37192 1 13.0833
    endloop
  endfacet
  facet normal -0.803103 0 0.59584
    outer loop
      vertex 1.27547 13.6 12.9533
      vertex 1.37192 16 13.0833
      vertex 1.27547 16 12.9533
    endloop
  endfacet
  facet normal -0.803103 0 0.59584
    outer loop
      vertex 1.37192 16 13.0833
      vertex 1.27547 13.6 12.9533
      vertex 1.37192 13.6 13.0833
    endloop
  endfacet
  facet normal -0.147035 0 -0.989131
    outer loop
      vertex 0.224354 9.1279 15.6328
      vertex 0.321898 10.4 15.6183
      vertex 0.321898 9.10347 15.6183
    endloop
  endfacet
  facet normal -0.146891 -1.12674e-05 -0.989153
    outer loop
      vertex 0.161728 9.13719 15.6421
      vertex 0.321898 10.4 15.6183
      vertex 0.224354 9.1279 15.6328
    endloop
  endfacet
  facet normal -0.146978 0 -0.98914
    outer loop
      vertex 0.321898 10.4 15.6183
      vertex 0.161728 9.13719 15.6421
      vertex 0.161728 10.4 15.6421
    endloop
  endfacet
  facet normal -0.142075 0 -0.989856
    outer loop
      vertex 0.312144 1.56926 15.6197
      vertex 0.321898 6.89653 15.6183
      vertex 0.321898 1.56681 15.6183
    endloop
  endfacet
  facet normal -0.147037 9.27687e-06 -0.989131
    outer loop
      vertex 0.312144 1.56926 15.6197
      vertex 0.224354 6.8721 15.6328
      vertex 0.321898 6.89653 15.6183
    endloop
  endfacet
  facet normal -0.147295 4.91468e-06 -0.989093
    outer loop
      vertex 0.161728 1.59157 15.6421
      vertex 0.224354 6.8721 15.6328
      vertex 0.312144 1.56926 15.6197
    endloop
  endfacet
  facet normal -0.14689 0 -0.989153
    outer loop
      vertex 0.224354 6.8721 15.6328
      vertex 0.161728 1.59157 15.6421
      vertex 0.161728 6.86281 15.6421
    endloop
  endfacet
  facet normal -0.146978 0 -0.98914
    outer loop
      vertex 0.161728 13.6 15.6421
      vertex 0.321898 16 15.6183
      vertex 0.321898 13.6 15.6183
    endloop
  endfacet
  facet normal -0.146978 0 -0.98914
    outer loop
      vertex 0.321898 16 15.6183
      vertex 0.161728 13.6 15.6421
      vertex 0.161728 16 15.6421
    endloop
  endfacet
  facet normal -0.337268 0 0.941409
    outer loop
      vertex 0.542106 6.98579 12.4436
      vertex 0.631427 1.46916 12.4756
      vertex 0.631427 7.03933 12.4756
    endloop
  endfacet
  facet normal -0.334851 4.41257e-05 0.942271
    outer loop
      vertex 0.631427 1.46916 12.4756
      vertex 0.542106 6.98579 12.4436
      vertex 0.612293 1.47821 12.4688
    endloop
  endfacet
  facet normal -0.337022 1.29212e-05 0.941497
    outer loop
      vertex 0.47897 6.95593 12.421
      vertex 0.612293 1.47821 12.4688
      vertex 0.542106 6.98579 12.4436
    endloop
  endfacet
  facet normal -0.337492 0 0.941328
    outer loop
      vertex 0.612293 1.47821 12.4688
      vertex 0.47897 6.95593 12.421
      vertex 0.47897 1.52591 12.421
    endloop
  endfacet
  facet normal -0.337268 0 0.941409
    outer loop
      vertex 0.631427 10.4 12.4756
      vertex 0.542106 9.01421 12.4436
      vertex 0.631427 8.96067 12.4756
    endloop
  endfacet
  facet normal -0.337164 0 0.941446
    outer loop
      vertex 0.47897 9.04407 12.421
      vertex 0.631427 10.4 12.4756
      vertex 0.47897 10.4 12.421
    endloop
  endfacet
  facet normal -0.337024 -1.7725e-05 0.941496
    outer loop
      vertex 0.631427 10.4 12.4756
      vertex 0.47897 9.04407 12.421
      vertex 0.542106 9.01421 12.4436
    endloop
  endfacet
  facet normal -0.337164 0 0.941446
    outer loop
      vertex 0.47897 16 12.421
      vertex 0.631427 13.6 12.4756
      vertex 0.631427 16 12.4756
    endloop
  endfacet
  facet normal -0.337164 0 0.941446
    outer loop
      vertex 0.631427 13.6 12.4756
      vertex 0.47897 16 12.421
      vertex 0.47897 13.6 12.421
    endloop
  endfacet
  facet normal -0.803103 0 -0.59584
    outer loop
      vertex 1.37192 1 14.9167
      vertex 1.27547 10.4 15.0467
      vertex 1.37192 10.4 14.9167
    endloop
  endfacet
  facet normal -0.803103 -0 -0.59584
    outer loop
      vertex 1.27547 10.4 15.0467
      vertex 1.37192 1 14.9167
      vertex 1.27547 1 15.0467
    endloop
  endfacet
  facet normal -0.803103 0 -0.59584
    outer loop
      vertex 1.37192 13.6 14.9167
      vertex 1.27547 16 15.0467
      vertex 1.37192 16 14.9167
    endloop
  endfacet
  facet normal -0.803103 -0 -0.59584
    outer loop
      vertex 1.27547 16 15.0467
      vertex 1.37192 13.6 14.9167
      vertex 1.27547 13.6 15.0467
    endloop
  endfacet
  facet normal 0.989189 0 -0.146649
    outer loop
      vertex -1.6183 1 14.3219
      vertex -1.64205 10.4 14.1617
      vertex -1.6183 10.4 14.3219
    endloop
  endfacet
  facet normal 0.989189 0 -0.146649
    outer loop
      vertex -1.64205 10.4 14.1617
      vertex -1.6183 1 14.3219
      vertex -1.64205 1 14.1617
    endloop
  endfacet
  facet normal 0.989189 0 -0.146649
    outer loop
      vertex -1.6183 13.6 14.3219
      vertex -1.64205 16 14.1617
      vertex -1.6183 16 14.3219
    endloop
  endfacet
  facet normal 0.989189 0 -0.146649
    outer loop
      vertex -1.64205 16 14.1617
      vertex -1.6183 13.6 14.3219
      vertex -1.64205 13.6 14.1617
    endloop
  endfacet
  facet normal 0.857738 -0 0.514087
    outer loop
      vertex -1.45517 1 13.2222
      vertex -1.37192 10.4 13.0833
      vertex -1.45517 10.4 13.2222
    endloop
  endfacet
  facet normal 0.857738 0 0.514087
    outer loop
      vertex -1.37192 10.4 13.0833
      vertex -1.45517 1 13.2222
      vertex -1.37192 1 13.0833
    endloop
  endfacet
  facet normal 0.857738 -0 0.514087
    outer loop
      vertex -1.45517 13.6 13.2222
      vertex -1.37192 16 13.0833
      vertex -1.45517 16 13.2222
    endloop
  endfacet
  facet normal 0.857738 0 0.514087
    outer loop
      vertex -1.37192 16 13.0833
      vertex -1.45517 13.6 13.2222
      vertex -1.37192 13.6 13.0833
    endloop
  endfacet
  facet normal -0.857738 0 0.514087
    outer loop
      vertex 1.37192 1 13.0833
      vertex 1.45517 10.4 13.2222
      vertex 1.37192 10.4 13.0833
    endloop
  endfacet
  facet normal -0.857738 0 0.514087
    outer loop
      vertex 1.45517 10.4 13.2222
      vertex 1.37192 1 13.0833
      vertex 1.45517 1 13.2222
    endloop
  endfacet
  facet normal -0.857738 0 0.514087
    outer loop
      vertex 1.37192 13.6 13.0833
      vertex 1.45517 16 13.2222
      vertex 1.37192 16 13.0833
    endloop
  endfacet
  facet normal -0.857738 0 0.514087
    outer loop
      vertex 1.45517 16 13.2222
      vertex 1.37192 13.6 13.0833
      vertex 1.45517 13.6 13.2222
    endloop
  endfacet
  facet normal 0.989189 -0 0.146649
    outer loop
      vertex -1.64205 1 13.8383
      vertex -1.6183 10.4 13.6781
      vertex -1.64205 10.4 13.8383
    endloop
  endfacet
  facet normal 0.989189 0 0.146649
    outer loop
      vertex -1.6183 10.4 13.6781
      vertex -1.64205 1 13.8383
      vertex -1.6183 1 13.6781
    endloop
  endfacet
  facet normal 0.989189 -0 0.146649
    outer loop
      vertex -1.64205 13.6 13.8383
      vertex -1.6183 16 13.6781
      vertex -1.64205 16 13.8383
    endloop
  endfacet
  facet normal 0.989189 0 0.146649
    outer loop
      vertex -1.6183 16 13.6781
      vertex -1.64205 13.6 13.8383
      vertex -1.6183 13.6 13.6781
    endloop
  endfacet
  facet normal 0.427655 0 -0.903942
    outer loop
      vertex -0.754234 1.41107 15.4663
      vertex -0.631427 7.03933 15.5244
      vertex -0.631427 1.46916 15.5244
    endloop
  endfacet
  facet normal 0.423909 9.99369e-05 -0.905705
    outer loop
      vertex -0.631427 7.03933 15.5244
      vertex -0.754234 1.41107 15.4663
      vertex -0.638906 7.04381 15.5209
    endloop
  endfacet
  facet normal 0.426033 4.67838e-05 -0.904708
    outer loop
      vertex -0.777804 1.39695 15.4552
      vertex -0.638906 7.04381 15.5209
      vertex -0.754234 1.41107 15.4663
    endloop
  endfacet
  facet normal 0.427777 -5.69173e-06 -0.903884
    outer loop
      vertex -0.638906 7.04381 15.5209
      vertex -0.777804 1.39695 15.4552
      vertex -0.729552 7.11104 15.478
    endloop
  endfacet
  facet normal 0.427226 0 -0.904145
    outer loop
      vertex -0.729552 7.11104 15.478
      vertex -0.777804 1.39695 15.4552
      vertex -0.777804 7.15477 15.4552
    endloop
  endfacet
  facet normal 0.424063 -0.000414518 -0.905632
    outer loop
      vertex -0.777804 10.4 15.4552
      vertex -0.631427 8.96067 15.5244
      vertex -0.638906 8.95619 15.5209
    endloop
  endfacet
  facet normal 0.427767 2.11574e-05 -0.903889
    outer loop
      vertex -0.777804 10.4 15.4552
      vertex -0.638906 8.95619 15.5209
      vertex -0.729552 8.88896 15.478
    endloop
  endfacet
  facet normal 0.427226 0 -0.904145
    outer loop
      vertex -0.777804 10.4 15.4552
      vertex -0.729552 8.88896 15.478
      vertex -0.777804 8.84523 15.4552
    endloop
  endfacet
  facet normal 0.427398 0 -0.904064
    outer loop
      vertex -0.631427 8.96067 15.5244
      vertex -0.777804 10.4 15.4552
      vertex -0.631427 10.4 15.5244
    endloop
  endfacet
  facet normal 0.427398 0 -0.904064
    outer loop
      vertex -0.777804 13.6 15.4552
      vertex -0.631427 16 15.5244
      vertex -0.631427 13.6 15.5244
    endloop
  endfacet
  facet normal 0.427398 0 -0.904064
    outer loop
      vertex -0.631427 16 15.5244
      vertex -0.777804 13.6 15.4552
      vertex -0.777804 16 15.4552
    endloop
  endfacet
  facet normal 0.857738 0 -0.514087
    outer loop
      vertex -1.37192 1 14.9167
      vertex -1.45517 10.4 14.7778
      vertex -1.37192 10.4 14.9167
    endloop
  endfacet
  facet normal 0.857738 0 -0.514087
    outer loop
      vertex -1.45517 10.4 14.7778
      vertex -1.37192 1 14.9167
      vertex -1.45517 1 14.7778
    endloop
  endfacet
  facet normal 0.857738 0 -0.514087
    outer loop
      vertex -1.37192 13.6 14.9167
      vertex -1.45517 16 14.7778
      vertex -1.37192 16 14.9167
    endloop
  endfacet
  facet normal 0.857738 0 -0.514087
    outer loop
      vertex -1.45517 16 14.7778
      vertex -1.37192 13.6 14.9167
      vertex -1.45517 13.6 14.7778
    endloop
  endfacet
  facet normal -0.998794 0 0.0491058
    outer loop
      vertex 1.64205 1 13.8383
      vertex 1.65 10.4 14
      vertex 1.64205 10.4 13.8383
    endloop
  endfacet
  facet normal -0.998794 0 0.0491058
    outer loop
      vertex 1.65 10.4 14
      vertex 1.64205 1 13.8383
      vertex 1.65 1 14
    endloop
  endfacet
  facet normal -0.998794 0 0.0491058
    outer loop
      vertex 1.64205 13.6 13.8383
      vertex 1.65 16 14
      vertex 1.64205 16 13.8383
    endloop
  endfacet
  facet normal -0.998794 0 0.0491058
    outer loop
      vertex 1.65 16 14
      vertex 1.64205 13.6 13.8383
      vertex 1.65 13.6 14
    endloop
  endfacet
  facet normal -0.941504 0 0.337002
    outer loop
      vertex 1.5244 1 13.3686
      vertex 1.57895 10.4 13.521
      vertex 1.5244 10.4 13.3686
    endloop
  endfacet
  facet normal -0.941504 0 0.337002
    outer loop
      vertex 1.57895 10.4 13.521
      vertex 1.5244 1 13.3686
      vertex 1.57895 1 13.521
    endloop
  endfacet
  facet normal -0.941504 0 0.337002
    outer loop
      vertex 1.5244 13.6 13.3686
      vertex 1.57895 16 13.521
      vertex 1.5244 16 13.3686
    endloop
  endfacet
  facet normal -0.941504 0 0.337002
    outer loop
      vertex 1.57895 16 13.521
      vertex 1.5244 13.6 13.3686
      vertex 1.57895 13.6 13.521
    endloop
  endfacet
  facet normal -0.242037 0 0.970267
    outer loop
      vertex 0.440085 6.93754 12.4113
      vertex 0.47897 1.52591 12.421
      vertex 0.47897 6.95593 12.421
    endloop
  endfacet
  facet normal -0.240722 1.00283e-05 0.970594
    outer loop
      vertex 0.47897 1.52591 12.421
      vertex 0.440085 6.93754 12.4113
      vertex 0.464455 1.5311 12.4174
    endloop
  endfacet
  facet normal -0.242841 -1.14977e-07 0.970066
    outer loop
      vertex 0.333827 6.89952 12.3847
      vertex 0.464455 1.5311 12.4174
      vertex 0.440085 6.93754 12.4113
    endloop
  endfacet
  facet normal -0.243894 0 0.969802
    outer loop
      vertex 0.321898 1.56681 12.3817
      vertex 0.333827 6.89952 12.3847
      vertex 0.321898 6.89653 12.3817
    endloop
  endfacet
  facet normal -0.242925 -2.30281e-06 0.970045
    outer loop
      vertex 0.333827 6.89952 12.3847
      vertex 0.321898 1.56681 12.3817
      vertex 0.464455 1.5311 12.4174
    endloop
  endfacet
  facet normal -0.242037 0 0.970267
    outer loop
      vertex 0.47897 10.4 12.421
      vertex 0.440085 9.06246 12.4113
      vertex 0.47897 9.04407 12.421
    endloop
  endfacet
  facet normal -0.242832 2.45782e-05 0.970068
    outer loop
      vertex 0.47897 10.4 12.421
      vertex 0.333827 9.10048 12.3847
      vertex 0.440085 9.06246 12.4113
    endloop
  endfacet
  facet normal -0.242722 0 0.970096
    outer loop
      vertex 0.321898 9.10347 12.3817
      vertex 0.47897 10.4 12.421
      vertex 0.321898 10.4 12.3817
    endloop
  endfacet
  facet normal -0.243859 0.00014644 0.969811
    outer loop
      vertex 0.47897 10.4 12.421
      vertex 0.321898 9.10347 12.3817
      vertex 0.333827 9.10048 12.3847
    endloop
  endfacet
  facet normal -0.242722 0 0.970096
    outer loop
      vertex 0.321898 16 12.3817
      vertex 0.47897 13.6 12.421
      vertex 0.47897 16 12.421
    endloop
  endfacet
  facet normal -0.242722 0 0.970096
    outer loop
      vertex 0.47897 13.6 12.421
      vertex 0.321898 16 12.3817
      vertex 0.321898 13.6 12.3817
    endloop
  endfacet
  facet normal -0.857738 0 -0.514087
    outer loop
      vertex 1.45517 1 14.7778
      vertex 1.37192 10.4 14.9167
      vertex 1.45517 10.4 14.7778
    endloop
  endfacet
  facet normal -0.857738 -0 -0.514087
    outer loop
      vertex 1.37192 10.4 14.9167
      vertex 1.45517 1 14.7778
      vertex 1.37192 1 14.9167
    endloop
  endfacet
  facet normal -0.857738 0 -0.514087
    outer loop
      vertex 1.45517 13.6 14.7778
      vertex 1.37192 16 14.9167
      vertex 1.45517 16 14.7778
    endloop
  endfacet
  facet normal -0.857738 -0 -0.514087
    outer loop
      vertex 1.37192 16 14.9167
      vertex 1.45517 13.6 14.7778
      vertex 1.37192 13.6 14.9167
    endloop
  endfacet
  facet normal -0.941504 0 -0.337002
    outer loop
      vertex 1.57895 1 14.479
      vertex 1.5244 10.4 14.6314
      vertex 1.57895 10.4 14.479
    endloop
  endfacet
  facet normal -0.941504 -0 -0.337002
    outer loop
      vertex 1.5244 10.4 14.6314
      vertex 1.57895 1 14.479
      vertex 1.5244 1 14.6314
    endloop
  endfacet
  facet normal -0.941504 0 -0.337002
    outer loop
      vertex 1.57895 13.6 14.479
      vertex 1.5244 16 14.6314
      vertex 1.57895 16 14.479
    endloop
  endfacet
  facet normal -0.941504 -0 -0.337002
    outer loop
      vertex 1.5244 16 14.6314
      vertex 1.57895 13.6 14.479
      vertex 1.5244 13.6 14.6314
    endloop
  endfacet
  facet normal -0.989189 0 0.146649
    outer loop
      vertex 1.6183 1 13.6781
      vertex 1.64205 10.4 13.8383
      vertex 1.6183 10.4 13.6781
    endloop
  endfacet
  facet normal -0.989189 0 0.146649
    outer loop
      vertex 1.64205 10.4 13.8383
      vertex 1.6183 1 13.6781
      vertex 1.64205 1 13.8383
    endloop
  endfacet
  facet normal -0.989189 0 0.146649
    outer loop
      vertex 1.6183 13.6 13.6781
      vertex 1.64205 16 13.8383
      vertex 1.6183 16 13.6781
    endloop
  endfacet
  facet normal -0.989189 0 0.146649
    outer loop
      vertex 1.64205 16 13.8383
      vertex 1.6183 13.6 13.6781
      vertex 1.64205 13.6 13.8383
    endloop
  endfacet
  facet normal 0.595773 -1.0115e-05 0.803153
    outer loop
      vertex -1.04675 1.20807 12.7245
      vertex -0.916691 7.30784 12.6281
      vertex -0.956189 7.36109 12.6574
    endloop
  endfacet
  facet normal 0.595417 -2.00738e-06 0.803417
    outer loop
      vertex -1.04675 1.20807 12.7245
      vertex -0.956189 7.36109 12.6574
      vertex -1.01421 7.45789 12.7004
    endloop
  endfacet
  facet normal 0.595524 0 0.803337
    outer loop
      vertex -0.916691 7.30784 12.6281
      vertex -1.01503 1.23682 12.701
      vertex -0.916691 1.30975 12.6281
    endloop
  endfacet
  facet normal 0.595168 -0 0.803601
    outer loop
      vertex -1.04675 1.20807 12.7245
      vertex -1.01421 7.45789 12.7004
      vertex -1.04675 7.52669 12.7245
    endloop
  endfacet
  facet normal 0.595285 6.01962e-06 0.803515
    outer loop
      vertex -0.916691 7.30784 12.6281
      vertex -1.04675 1.20807 12.7245
      vertex -1.01503 1.23682 12.701
    endloop
  endfacet
  facet normal 0.595467 0 0.80338
    outer loop
      vertex -1.04675 10.4 12.7245
      vertex -0.916691 8.69216 12.6281
      vertex -0.916691 10.4 12.6281
    endloop
  endfacet
  facet normal 0.595752 3.37056e-05 0.803168
    outer loop
      vertex -0.916691 8.69216 12.6281
      vertex -1.04675 10.4 12.7245
      vertex -0.956189 8.63891 12.6574
    endloop
  endfacet
  facet normal 0.595412 6.61802e-06 0.80342
    outer loop
      vertex -0.956189 8.63891 12.6574
      vertex -1.04675 10.4 12.7245
      vertex -1.01421 8.54211 12.7004
    endloop
  endfacet
  facet normal 0.595168 0 0.803601
    outer loop
      vertex -1.01421 8.54211 12.7004
      vertex -1.04675 10.4 12.7245
      vertex -1.04675 8.47331 12.7245
    endloop
  endfacet
  facet normal 0.595467 0 0.80338
    outer loop
      vertex -1.04675 16 12.7245
      vertex -0.916691 13.6 12.6281
      vertex -0.916691 16 12.6281
    endloop
  endfacet
  facet normal 0.595467 0 0.80338
    outer loop
      vertex -0.916691 13.6 12.6281
      vertex -1.04675 16 12.7245
      vertex -1.04675 13.6 12.7245
    endloop
  endfacet
  facet normal -0.970033 0 0.242971
    outer loop
      vertex 1.57895 1 13.521
      vertex 1.6183 10.4 13.6781
      vertex 1.57895 10.4 13.521
    endloop
  endfacet
  facet normal -0.970033 0 0.242971
    outer loop
      vertex 1.6183 10.4 13.6781
      vertex 1.57895 1 13.521
      vertex 1.6183 1 13.6781
    endloop
  endfacet
  facet normal -0.970033 0 0.242971
    outer loop
      vertex 1.57895 13.6 13.521
      vertex 1.6183 16 13.6781
      vertex 1.57895 16 13.521
    endloop
  endfacet
  facet normal -0.970033 0 0.242971
    outer loop
      vertex 1.6183 16 13.6781
      vertex 1.57895 13.6 13.521
      vertex 1.6183 13.6 13.6781
    endloop
  endfacet
  facet normal 0.337022 1.29212e-05 0.941497
    outer loop
      vertex -0.612293 1.47821 12.4688
      vertex -0.47897 6.95593 12.421
      vertex -0.542106 6.98579 12.4436
    endloop
  endfacet
  facet normal 0.337492 0 0.941328
    outer loop
      vertex -0.47897 6.95593 12.421
      vertex -0.612293 1.47821 12.4688
      vertex -0.47897 1.52591 12.421
    endloop
  endfacet
  facet normal 0.337268 -0 0.941409
    outer loop
      vertex -0.631427 1.46916 12.4756
      vertex -0.542106 6.98579 12.4436
      vertex -0.631427 7.03933 12.4756
    endloop
  endfacet
  facet normal 0.334851 4.41257e-05 0.942271
    outer loop
      vertex -0.542106 6.98579 12.4436
      vertex -0.631427 1.46916 12.4756
      vertex -0.612293 1.47821 12.4688
    endloop
  endfacet
  facet normal 0.337164 0 0.941446
    outer loop
      vertex -0.631427 10.4 12.4756
      vertex -0.47897 9.04407 12.421
      vertex -0.47897 10.4 12.421
    endloop
  endfacet
  facet normal 0.337024 -1.7725e-05 0.941496
    outer loop
      vertex -0.47897 9.04407 12.421
      vertex -0.631427 10.4 12.4756
      vertex -0.542106 9.01421 12.4436
    endloop
  endfacet
  facet normal 0.337268 0 0.941409
    outer loop
      vertex -0.542106 9.01421 12.4436
      vertex -0.631427 10.4 12.4756
      vertex -0.631427 8.96067 12.4756
    endloop
  endfacet
  facet normal 0.337164 0 0.941446
    outer loop
      vertex -0.631427 16 12.4756
      vertex -0.47897 13.6 12.421
      vertex -0.47897 16 12.421
    endloop
  endfacet
  facet normal 0.337164 0 0.941446
    outer loop
      vertex -0.47897 13.6 12.421
      vertex -0.631427 16 12.4756
      vertex -0.631427 13.6 12.4756
    endloop
  endfacet
  facet normal -0.334851 4.41257e-05 -0.942271
    outer loop
      vertex 0.542106 6.98579 15.5564
      vertex 0.631427 1.46916 15.5244
      vertex 0.612293 1.47821 15.5312
    endloop
  endfacet
  facet normal -0.337268 0 -0.941409
    outer loop
      vertex 0.631427 1.46916 15.5244
      vertex 0.542106 6.98579 15.5564
      vertex 0.631427 7.03933 15.5244
    endloop
  endfacet
  facet normal -0.337492 -0 -0.941328
    outer loop
      vertex 0.47897 6.95593 15.579
      vertex 0.612293 1.47821 15.5312
      vertex 0.47897 1.52591 15.579
    endloop
  endfacet
  facet normal -0.337022 1.29212e-05 -0.941497
    outer loop
      vertex 0.612293 1.47821 15.5312
      vertex 0.47897 6.95593 15.579
      vertex 0.542106 6.98579 15.5564
    endloop
  endfacet
  facet normal -0.337268 0 -0.941409
    outer loop
      vertex 0.542106 9.01421 15.5564
      vertex 0.631427 10.4 15.5244
      vertex 0.631427 8.96067 15.5244
    endloop
  endfacet
  facet normal -0.337024 -1.7725e-05 -0.941496
    outer loop
      vertex 0.47897 9.04407 15.579
      vertex 0.631427 10.4 15.5244
      vertex 0.542106 9.01421 15.5564
    endloop
  endfacet
  facet normal -0.337164 0 -0.941446
    outer loop
      vertex 0.631427 10.4 15.5244
      vertex 0.47897 9.04407 15.579
      vertex 0.47897 10.4 15.579
    endloop
  endfacet
  facet normal -0.337164 0 -0.941446
    outer loop
      vertex 0.47897 13.6 15.579
      vertex 0.631427 16 15.5244
      vertex 0.631427 13.6 15.5244
    endloop
  endfacet
  facet normal -0.337164 0 -0.941446
    outer loop
      vertex 0.631427 16 15.5244
      vertex 0.47897 13.6 15.579
      vertex 0.47897 16 15.579
    endloop
  endfacet
  facet normal -0.595285 6.01962e-06 -0.803515
    outer loop
      vertex 0.916691 7.30784 15.3719
      vertex 1.04675 1.20807 15.2755
      vertex 1.01503 1.23682 15.299
    endloop
  endfacet
  facet normal -0.595168 0 -0.803601
    outer loop
      vertex 1.04675 1.20807 15.2755
      vertex 1.01421 7.45789 15.2996
      vertex 1.04675 7.52669 15.2755
    endloop
  endfacet
  facet normal -0.595417 -2.00738e-06 -0.803417
    outer loop
      vertex 1.04675 1.20807 15.2755
      vertex 0.956189 7.36109 15.3426
      vertex 1.01421 7.45789 15.2996
    endloop
  endfacet
  facet normal -0.595524 -0 -0.803337
    outer loop
      vertex 0.916691 7.30784 15.3719
      vertex 1.01503 1.23682 15.299
      vertex 0.916691 1.30975 15.3719
    endloop
  endfacet
  facet normal -0.595773 -1.0115e-05 -0.803153
    outer loop
      vertex 1.04675 1.20807 15.2755
      vertex 0.916691 7.30784 15.3719
      vertex 0.956189 7.36109 15.3426
    endloop
  endfacet
  facet normal -0.595168 0 -0.803601
    outer loop
      vertex 1.01421 8.54211 15.2996
      vertex 1.04675 10.4 15.2755
      vertex 1.04675 8.47331 15.2755
    endloop
  endfacet
  facet normal -0.595412 6.61802e-06 -0.80342
    outer loop
      vertex 0.956189 8.63891 15.3426
      vertex 1.04675 10.4 15.2755
      vertex 1.01421 8.54211 15.2996
    endloop
  endfacet
  facet normal -0.595752 3.37056e-05 -0.803168
    outer loop
      vertex 0.916691 8.69216 15.3719
      vertex 1.04675 10.4 15.2755
      vertex 0.956189 8.63891 15.3426
    endloop
  endfacet
  facet normal -0.595467 0 -0.80338
    outer loop
      vertex 1.04675 10.4 15.2755
      vertex 0.916691 8.69216 15.3719
      vertex 0.916691 10.4 15.3719
    endloop
  endfacet
  facet normal -0.595467 0 -0.80338
    outer loop
      vertex 0.916691 13.6 15.3719
      vertex 1.04675 16 15.2755
      vertex 1.04675 13.6 15.2755
    endloop
  endfacet
  facet normal -0.595467 0 -0.80338
    outer loop
      vertex 1.04675 16 15.2755
      vertex 0.916691 13.6 15.3719
      vertex 0.916691 16 15.3719
    endloop
  endfacet
  facet normal 0.51413 7.10769e-06 0.857713
    outer loop
      vertex -0.916691 1.30975 12.6281
      vertex -0.777804 7.15477 12.5448
      vertex -0.813172 7.18683 12.566
    endloop
  endfacet
  facet normal 0.514128 0 0.857714
    outer loop
      vertex -0.777804 7.15477 12.5448
      vertex -0.888912 1.33035 12.6114
      vertex -0.777804 1.39695 12.5448
    endloop
  endfacet
  facet normal 0.514707 -6.71328e-06 0.857366
    outer loop
      vertex -0.916691 1.30975 12.6281
      vertex -0.813172 7.18683 12.566
      vertex -0.888962 7.27045 12.6115
    endloop
  endfacet
  facet normal 0.513645 -0 0.858003
    outer loop
      vertex -0.916691 1.30975 12.6281
      vertex -0.888962 7.27045 12.6115
      vertex -0.916691 7.30784 12.6281
    endloop
  endfacet
  facet normal 0.515251 -2.91336e-05 0.857039
    outer loop
      vertex -0.777804 7.15477 12.5448
      vertex -0.916691 1.30975 12.6281
      vertex -0.888912 1.33035 12.6114
    endloop
  endfacet
  facet normal 0.51435 0 0.857581
    outer loop
      vertex -0.916691 10.4 12.6281
      vertex -0.777804 8.84523 12.5448
      vertex -0.777804 10.4 12.5448
    endloop
  endfacet
  facet normal 0.514142 -2.52513e-05 0.857705
    outer loop
      vertex -0.777804 8.84523 12.5448
      vertex -0.916691 10.4 12.6281
      vertex -0.813172 8.81317 12.566
    endloop
  endfacet
  facet normal 0.514693 2.36453e-05 0.857375
    outer loop
      vertex -0.813172 8.81317 12.566
      vertex -0.916691 10.4 12.6281
      vertex -0.888962 8.72955 12.6115
    endloop
  endfacet
  facet normal 0.513645 0 0.858003
    outer loop
      vertex -0.888962 8.72955 12.6115
      vertex -0.916691 10.4 12.6281
      vertex -0.916691 8.69216 12.6281
    endloop
  endfacet
  facet normal 0.51435 0 0.857581
    outer loop
      vertex -0.916691 16 12.6281
      vertex -0.777804 13.6 12.5448
      vertex -0.777804 16 12.5448
    endloop
  endfacet
  facet normal 0.51435 0 0.857581
    outer loop
      vertex -0.777804 13.6 12.5448
      vertex -0.916691 16 12.6281
      vertex -0.916691 13.6 12.6281
    endloop
  endfacet
  facet normal -0.427226 0 -0.904145
    outer loop
      vertex 0.729552 8.88896 15.478
      vertex 0.777804 10.4 15.4552
      vertex 0.777804 8.84523 15.4552
    endloop
  endfacet
  facet normal -0.427767 2.11574e-05 -0.903889
    outer loop
      vertex 0.638906 8.95619 15.5209
      vertex 0.777804 10.4 15.4552
      vertex 0.729552 8.88896 15.478
    endloop
  endfacet
  facet normal -0.424063 -0.000414518 -0.905632
    outer loop
      vertex 0.631427 8.96067 15.5244
      vertex 0.777804 10.4 15.4552
      vertex 0.638906 8.95619 15.5209
    endloop
  endfacet
  facet normal -0.427398 0 -0.904064
    outer loop
      vertex 0.777804 10.4 15.4552
      vertex 0.631427 8.96067 15.5244
      vertex 0.631427 10.4 15.5244
    endloop
  endfacet
  facet normal -0.426033 4.67838e-05 -0.904708
    outer loop
      vertex 0.638906 7.04381 15.5209
      vertex 0.777804 1.39695 15.4552
      vertex 0.754234 1.41107 15.4663
    endloop
  endfacet
  facet normal -0.427226 0 -0.904145
    outer loop
      vertex 0.777804 1.39695 15.4552
      vertex 0.729552 7.11104 15.478
      vertex 0.777804 7.15477 15.4552
    endloop
  endfacet
  facet normal -0.427777 -5.69173e-06 -0.903884
    outer loop
      vertex 0.777804 1.39695 15.4552
      vertex 0.638906 7.04381 15.5209
      vertex 0.729552 7.11104 15.478
    endloop
  endfacet
  facet normal -0.427655 -0 -0.903942
    outer loop
      vertex 0.631427 7.03933 15.5244
      vertex 0.754234 1.41107 15.4663
      vertex 0.631427 1.46916 15.5244
    endloop
  endfacet
  facet normal -0.423909 9.99369e-05 -0.905705
    outer loop
      vertex 0.754234 1.41107 15.4663
      vertex 0.631427 7.03933 15.5244
      vertex 0.638906 7.04381 15.5209
    endloop
  endfacet
  facet normal -0.427398 0 -0.904064
    outer loop
      vertex 0.631427 13.6 15.5244
      vertex 0.777804 16 15.4552
      vertex 0.777804 13.6 15.4552
    endloop
  endfacet
  facet normal -0.427398 0 -0.904064
    outer loop
      vertex 0.777804 16 15.4552
      vertex 0.631427 13.6 15.5244
      vertex 0.631427 16 15.5244
    endloop
  endfacet
  facet normal 0.595524 0 -0.803337
    outer loop
      vertex -1.01503 1.23682 15.299
      vertex -0.916691 7.30784 15.3719
      vertex -0.916691 1.30975 15.3719
    endloop
  endfacet
  facet normal 0.595285 6.01962e-06 -0.803515
    outer loop
      vertex -1.04675 1.20807 15.2755
      vertex -0.916691 7.30784 15.3719
      vertex -1.01503 1.23682 15.299
    endloop
  endfacet
  facet normal 0.595773 -1.0115e-05 -0.803153
    outer loop
      vertex -0.916691 7.30784 15.3719
      vertex -1.04675 1.20807 15.2755
      vertex -0.956189 7.36109 15.3426
    endloop
  endfacet
  facet normal 0.595417 -2.00738e-06 -0.803417
    outer loop
      vertex -0.956189 7.36109 15.3426
      vertex -1.04675 1.20807 15.2755
      vertex -1.01421 7.45789 15.2996
    endloop
  endfacet
  facet normal 0.595168 0 -0.803601
    outer loop
      vertex -1.01421 7.45789 15.2996
      vertex -1.04675 1.20807 15.2755
      vertex -1.04675 7.52669 15.2755
    endloop
  endfacet
  facet normal 0.595752 3.37056e-05 -0.803168
    outer loop
      vertex -1.04675 10.4 15.2755
      vertex -0.916691 8.69216 15.3719
      vertex -0.956189 8.63891 15.3426
    endloop
  endfacet
  facet normal 0.595412 6.61802e-06 -0.80342
    outer loop
      vertex -1.04675 10.4 15.2755
      vertex -0.956189 8.63891 15.3426
      vertex -1.01421 8.54211 15.2996
    endloop
  endfacet
  facet normal 0.595168 0 -0.803601
    outer loop
      vertex -1.04675 10.4 15.2755
      vertex -1.01421 8.54211 15.2996
      vertex -1.04675 8.47331 15.2755
    endloop
  endfacet
  facet normal 0.595467 0 -0.80338
    outer loop
      vertex -0.916691 8.69216 15.3719
      vertex -1.04675 10.4 15.2755
      vertex -0.916691 10.4 15.3719
    endloop
  endfacet
  facet normal 0.595467 0 -0.80338
    outer loop
      vertex -1.04675 13.6 15.2755
      vertex -0.916691 16 15.3719
      vertex -0.916691 13.6 15.3719
    endloop
  endfacet
  facet normal 0.595467 0 -0.80338
    outer loop
      vertex -0.916691 16 15.3719
      vertex -1.04675 13.6 15.2755
      vertex -1.04675 16 15.2755
    endloop
  endfacet
  facet normal 0.998794 -0 0.0491058
    outer loop
      vertex -1.65 1 14
      vertex -1.64205 10.4 13.8383
      vertex -1.65 10.4 14
    endloop
  endfacet
  facet normal 0.998794 0 0.0491058
    outer loop
      vertex -1.64205 10.4 13.8383
      vertex -1.65 1 14
      vertex -1.64205 1 13.8383
    endloop
  endfacet
  facet normal 0.998794 -0 0.0491058
    outer loop
      vertex -1.65 13.6 14
      vertex -1.64205 16 13.8383
      vertex -1.65 16 14
    endloop
  endfacet
  facet normal 0.998794 0 0.0491058
    outer loop
      vertex -1.64205 16 13.8383
      vertex -1.65 13.6 14
      vertex -1.64205 13.6 13.8383
    endloop
  endfacet
  facet normal 0.803103 -0 0.59584
    outer loop
      vertex -1.37192 1 13.0833
      vertex -1.27547 10.4 12.9533
      vertex -1.37192 10.4 13.0833
    endloop
  endfacet
  facet normal 0.803103 0 0.59584
    outer loop
      vertex -1.27547 10.4 12.9533
      vertex -1.37192 1 13.0833
      vertex -1.27547 1 12.9533
    endloop
  endfacet
  facet normal 0.803103 -0 0.59584
    outer loop
      vertex -1.37192 13.6 13.0833
      vertex -1.27547 16 12.9533
      vertex -1.37192 16 13.0833
    endloop
  endfacet
  facet normal 0.803103 0 0.59584
    outer loop
      vertex -1.27547 16 12.9533
      vertex -1.37192 13.6 13.0833
      vertex -1.27547 13.6 12.9533
    endloop
  endfacet
  facet normal 0.0487355 0 0.998812
    outer loop
      vertex -0.11272 6.85554 12.3555
      vertex 0 1.6 12.35
      vertex 0 6.85 12.35
    endloop
  endfacet
  facet normal 0.0490393 6.5315e-06 0.998797
    outer loop
      vertex -0.11272 6.85554 12.3555
      vertex -0.156827 1.59229 12.3577
      vertex 0 1.6 12.35
    endloop
  endfacet
  facet normal 0.0489141 7.5832e-06 0.998803
    outer loop
      vertex -0.161728 6.86281 12.3579
      vertex -0.156827 1.59229 12.3577
      vertex -0.11272 6.85554 12.3555
    endloop
  endfacet
  facet normal 0.0407741 0 0.999168
    outer loop
      vertex -0.156827 1.59229 12.3577
      vertex -0.161728 6.86281 12.3579
      vertex -0.161728 1.59157 12.3579
    endloop
  endfacet
  facet normal 0.0487893 0 0.998809
    outer loop
      vertex -0.161728 10.4 12.3579
      vertex 0 9.15 12.35
      vertex 0 10.4 12.35
    endloop
  endfacet
  facet normal 0.0487358 -6.9313e-06 0.998812
    outer loop
      vertex 0 9.15 12.35
      vertex -0.161728 10.4 12.3579
      vertex -0.11272 9.14446 12.3555
    endloop
  endfacet
  facet normal 0.048913 0 0.998803
    outer loop
      vertex -0.11272 9.14446 12.3555
      vertex -0.161728 10.4 12.3579
      vertex -0.161728 9.13719 12.3579
    endloop
  endfacet
  facet normal 0.0487893 0 0.998809
    outer loop
      vertex -0.161728 16 12.3579
      vertex 0 13.6 12.35
      vertex 0 16 12.35
    endloop
  endfacet
  facet normal 0.0487893 0 0.998809
    outer loop
      vertex 0 13.6 12.35
      vertex -0.161728 16 12.3579
      vertex -0.161728 13.6 12.3579
    endloop
  endfacet
  facet normal 0.741018 0 -0.671486
    outer loop
      vertex -1.16673 1.09236 15.1667
      vertex -1.27547 10.4 15.0467
      vertex -1.16673 10.4 15.1667
    endloop
  endfacet
  facet normal 0.741706 -0.00180144 -0.670723
    outer loop
      vertex -1.27547 1 15.0467
      vertex -1.16673 1.09236 15.1667
      vertex -1.23682 1.01503 15.0894
    endloop
  endfacet
  facet normal 0.741472 -0.00045925 -0.670984
    outer loop
      vertex -1.27547 1 15.0467
      vertex -1.23682 1.01503 15.0894
      vertex -1.24796 1 15.0771
    endloop
  endfacet
  facet normal 0.741018 0 -0.671486
    outer loop
      vertex -1.16673 1.09236 15.1667
      vertex -1.27547 1 15.0467
      vertex -1.27547 10.4 15.0467
    endloop
  endfacet
  facet normal 0.741018 0 -0.671486
    outer loop
      vertex -1.16673 13.6 15.1667
      vertex -1.27547 16 15.0467
      vertex -1.16673 16 15.1667
    endloop
  endfacet
  facet normal 0.741018 0 -0.671486
    outer loop
      vertex -1.27547 16 15.0467
      vertex -1.16673 13.6 15.1667
      vertex -1.27547 13.6 15.0467
    endloop
  endfacet
  facet normal -0.0407741 0 0.999168
    outer loop
      vertex 0.161728 6.86281 12.3579
      vertex 0.156827 1.59229 12.3577
      vertex 0.161728 1.59157 12.3579
    endloop
  endfacet
  facet normal -0.0489141 7.5832e-06 0.998803
    outer loop
      vertex 0.11272 6.85554 12.3555
      vertex 0.156827 1.59229 12.3577
      vertex 0.161728 6.86281 12.3579
    endloop
  endfacet
  facet normal -0.0487359 9.07991e-06 0.998812
    outer loop
      vertex 0 6.85 12.35
      vertex 0.156827 1.59229 12.3577
      vertex 0.11272 6.85554 12.3555
    endloop
  endfacet
  facet normal -0.0490396 0 0.998797
    outer loop
      vertex 0.156827 1.59229 12.3577
      vertex 0 6.85 12.35
      vertex 0 1.6 12.35
    endloop
  endfacet
  facet normal -0.048913 0 0.998803
    outer loop
      vertex 0.161728 10.4 12.3579
      vertex 0.11272 9.14446 12.3555
      vertex 0.161728 9.13719 12.3579
    endloop
  endfacet
  facet normal -0.0487893 0 0.998809
    outer loop
      vertex 0 9.15 12.35
      vertex 0.161728 10.4 12.3579
      vertex 0 10.4 12.35
    endloop
  endfacet
  facet normal -0.0487358 -6.9313e-06 0.998812
    outer loop
      vertex 0.161728 10.4 12.3579
      vertex 0 9.15 12.35
      vertex 0.11272 9.14446 12.3555
    endloop
  endfacet
  facet normal -0.0487893 0 0.998809
    outer loop
      vertex 0 16 12.35
      vertex 0.161728 13.6 12.3579
      vertex 0.161728 16 12.3579
    endloop
  endfacet
  facet normal -0.0487893 0 0.998809
    outer loop
      vertex 0.161728 13.6 12.3579
      vertex 0 16 12.35
      vertex 0 13.6 12.35
    endloop
  endfacet
  facet normal 0.14689 0 -0.989153
    outer loop
      vertex -0.161728 1.59157 15.6421
      vertex -0.224354 6.8721 15.6328
      vertex -0.161728 6.86281 15.6421
    endloop
  endfacet
  facet normal 0.147295 4.91468e-06 -0.989093
    outer loop
      vertex -0.312144 1.56926 15.6197
      vertex -0.224354 6.8721 15.6328
      vertex -0.161728 1.59157 15.6421
    endloop
  endfacet
  facet normal 0.142075 0 -0.989856
    outer loop
      vertex -0.321898 6.89653 15.6183
      vertex -0.312144 1.56926 15.6197
      vertex -0.321898 1.56681 15.6183
    endloop
  endfacet
  facet normal 0.147037 9.27687e-06 -0.989131
    outer loop
      vertex -0.312144 1.56926 15.6197
      vertex -0.321898 6.89653 15.6183
      vertex -0.224354 6.8721 15.6328
    endloop
  endfacet
  facet normal 0.146891 -1.12674e-05 -0.989153
    outer loop
      vertex -0.321898 10.4 15.6183
      vertex -0.161728 9.13719 15.6421
      vertex -0.224354 9.1279 15.6328
    endloop
  endfacet
  facet normal 0.147035 0 -0.989131
    outer loop
      vertex -0.321898 10.4 15.6183
      vertex -0.224354 9.1279 15.6328
      vertex -0.321898 9.10347 15.6183
    endloop
  endfacet
  facet normal 0.146978 0 -0.98914
    outer loop
      vertex -0.161728 9.13719 15.6421
      vertex -0.321898 10.4 15.6183
      vertex -0.161728 10.4 15.6421
    endloop
  endfacet
  facet normal 0.146978 0 -0.98914
    outer loop
      vertex -0.321898 13.6 15.6183
      vertex -0.161728 16 15.6421
      vertex -0.161728 13.6 15.6421
    endloop
  endfacet
  facet normal 0.146978 0 -0.98914
    outer loop
      vertex -0.161728 16 15.6421
      vertex -0.321898 13.6 15.6183
      vertex -0.321898 16 15.6183
    endloop
  endfacet
  facet normal 0.337492 0 -0.941328
    outer loop
      vertex -0.612293 1.47821 15.5312
      vertex -0.47897 6.95593 15.579
      vertex -0.47897 1.52591 15.579
    endloop
  endfacet
  facet normal 0.337022 1.29212e-05 -0.941497
    outer loop
      vertex -0.47897 6.95593 15.579
      vertex -0.612293 1.47821 15.5312
      vertex -0.542106 6.98579 15.5564
    endloop
  endfacet
  facet normal 0.334851 4.41257e-05 -0.942271
    outer loop
      vertex -0.631427 1.46916 15.5244
      vertex -0.542106 6.98579 15.5564
      vertex -0.612293 1.47821 15.5312
    endloop
  endfacet
  facet normal 0.337268 0 -0.941409
    outer loop
      vertex -0.542106 6.98579 15.5564
      vertex -0.631427 1.46916 15.5244
      vertex -0.631427 7.03933 15.5244
    endloop
  endfacet
  facet normal 0.337024 -1.7725e-05 -0.941496
    outer loop
      vertex -0.631427 10.4 15.5244
      vertex -0.47897 9.04407 15.579
      vertex -0.542106 9.01421 15.5564
    endloop
  endfacet
  facet normal 0.337268 0 -0.941409
    outer loop
      vertex -0.631427 10.4 15.5244
      vertex -0.542106 9.01421 15.5564
      vertex -0.631427 8.96067 15.5244
    endloop
  endfacet
  facet normal 0.337164 0 -0.941446
    outer loop
      vertex -0.47897 9.04407 15.579
      vertex -0.631427 10.4 15.5244
      vertex -0.47897 10.4 15.579
    endloop
  endfacet
  facet normal 0.337164 0 -0.941446
    outer loop
      vertex -0.631427 13.6 15.5244
      vertex -0.47897 16 15.579
      vertex -0.47897 13.6 15.579
    endloop
  endfacet
  facet normal 0.337164 0 -0.941446
    outer loop
      vertex -0.47897 16 15.579
      vertex -0.631427 13.6 15.5244
      vertex -0.631427 16 15.5244
    endloop
  endfacet
  facet normal 0.243894 0 0.969802
    outer loop
      vertex -0.333827 6.89952 12.3847
      vertex -0.321898 1.56681 12.3817
      vertex -0.321898 6.89653 12.3817
    endloop
  endfacet
  facet normal 0.242841 -1.14977e-07 0.970066
    outer loop
      vertex -0.464455 1.5311 12.4174
      vertex -0.333827 6.89952 12.3847
      vertex -0.440085 6.93754 12.4113
    endloop
  endfacet
  facet normal 0.242925 -2.30281e-06 0.970045
    outer loop
      vertex -0.333827 6.89952 12.3847
      vertex -0.464455 1.5311 12.4174
      vertex -0.321898 1.56681 12.3817
    endloop
  endfacet
  facet normal 0.242037 -0 0.970267
    outer loop
      vertex -0.47897 1.52591 12.421
      vertex -0.440085 6.93754 12.4113
      vertex -0.47897 6.95593 12.421
    endloop
  endfacet
  facet normal 0.240722 1.00283e-05 0.970594
    outer loop
      vertex -0.440085 6.93754 12.4113
      vertex -0.47897 1.52591 12.421
      vertex -0.464455 1.5311 12.4174
    endloop
  endfacet
  facet normal 0.242722 0 0.970096
    outer loop
      vertex -0.47897 10.4 12.421
      vertex -0.321898 9.10347 12.3817
      vertex -0.321898 10.4 12.3817
    endloop
  endfacet
  facet normal 0.243859 0.00014644 0.969811
    outer loop
      vertex -0.321898 9.10347 12.3817
      vertex -0.47897 10.4 12.421
      vertex -0.333827 9.10048 12.3847
    endloop
  endfacet
  facet normal 0.242832 2.45782e-05 0.970068
    outer loop
      vertex -0.333827 9.10048 12.3847
      vertex -0.47897 10.4 12.421
      vertex -0.440085 9.06246 12.4113
    endloop
  endfacet
  facet normal 0.242037 0 0.970267
    outer loop
      vertex -0.440085 9.06246 12.4113
      vertex -0.47897 10.4 12.421
      vertex -0.47897 9.04407 12.421
    endloop
  endfacet
  facet normal 0.242722 0 0.970096
    outer loop
      vertex -0.47897 16 12.421
      vertex -0.321898 13.6 12.3817
      vertex -0.321898 16 12.3817
    endloop
  endfacet
  facet normal 0.242722 0 0.970096
    outer loop
      vertex -0.321898 13.6 12.3817
      vertex -0.47897 16 12.421
      vertex -0.47897 13.6 12.421
    endloop
  endfacet
  facet normal -0.672453 0 0.74014
    outer loop
      vertex 1.16673 10.4 12.8333
      vertex 1.15 8 12.8181
      vertex 1.16673 1.09236 12.8333
    endloop
  endfacet
  facet normal -0.670306 -2.7275e-05 0.742085
    outer loop
      vertex 1.16673 10.4 12.8333
      vertex 1.14446 8.11272 12.8131
      vertex 1.15 8 12.8181
    endloop
  endfacet
  facet normal -0.671367 -8.48294e-06 0.741125
    outer loop
      vertex 1.16673 10.4 12.8333
      vertex 1.1279 8.22435 12.7981
      vertex 1.14446 8.11272 12.8131
    endloop
  endfacet
  facet normal -0.672227 1.9497e-05 0.740345
    outer loop
      vertex 1.16673 10.4 12.8333
      vertex 1.10048 8.33383 12.7732
      vertex 1.1279 8.22435 12.7981
    endloop
  endfacet
  facet normal -0.671003 -5.19911e-05 0.741454
    outer loop
      vertex 1.16673 10.4 12.8333
      vertex 1.06246 8.44009 12.7388
      vertex 1.10048 8.33383 12.7732
    endloop
  endfacet
  facet normal -0.67175 0 0.740778
    outer loop
      vertex 1.04675 8.47331 12.7245
      vertex 1.16673 10.4 12.8333
      vertex 1.04675 10.4 12.7245
    endloop
  endfacet
  facet normal -0.67298 0.000139623 0.739661
    outer loop
      vertex 1.16673 10.4 12.8333
      vertex 1.04675 8.47331 12.7245
      vertex 1.06246 8.44009 12.7388
    endloop
  endfacet
  facet normal -0.670116 1.03147e-05 0.742256
    outer loop
      vertex 1.14446 7.88728 12.8131
      vertex 1.16673 1.09236 12.8333
      vertex 1.15 8 12.8181
    endloop
  endfacet
  facet normal -0.671346 2.97721e-06 0.741144
    outer loop
      vertex 1.1279 7.77565 12.7981
      vertex 1.16673 1.09236 12.8333
      vertex 1.14446 7.88728 12.8131
    endloop
  endfacet
  facet normal -0.672255 -6.64486e-06 0.74032
    outer loop
      vertex 1.10048 7.66617 12.7732
      vertex 1.16673 1.09236 12.8333
      vertex 1.1279 7.77565 12.7981
    endloop
  endfacet
  facet normal -0.67095 1.73187e-05 0.741502
    outer loop
      vertex 1.06246 7.55991 12.7388
      vertex 1.16673 1.09236 12.8333
      vertex 1.10048 7.66617 12.7732
    endloop
  endfacet
  facet normal -0.673089 -4.5513e-05 0.739562
    outer loop
      vertex 1.04675 7.52669 12.7245
      vertex 1.16673 1.09236 12.8333
      vertex 1.06246 7.55991 12.7388
    endloop
  endfacet
  facet normal -0.67216 -1.39218e-05 0.740406
    outer loop
      vertex 1.16673 1.09236 12.8333
      vertex 1.04675 7.52669 12.7245
      vertex 1.13137 1.13137 12.8012
    endloop
  endfacet
  facet normal -0.671583 0 0.74093
    outer loop
      vertex 1.13137 1.13137 12.8012
      vertex 1.04675 7.52669 12.7245
      vertex 1.04675 1.20807 12.7245
    endloop
  endfacet
  facet normal -0.67175 0 0.740778
    outer loop
      vertex 1.04675 16 12.7245
      vertex 1.16673 13.6 12.8333
      vertex 1.16673 16 12.8333
    endloop
  endfacet
  facet normal -0.67175 0 0.740778
    outer loop
      vertex 1.16673 13.6 12.8333
      vertex 1.04675 16 12.7245
      vertex 1.04675 13.6 12.7245
    endloop
  endfacet
  facet normal 0.741018 0 0.671486
    outer loop
      vertex -1.27547 10.4 12.9533
      vertex -1.16673 1.09236 12.8333
      vertex -1.16673 10.4 12.8333
    endloop
  endfacet
  facet normal 0.741018 -0 0.671486
    outer loop
      vertex -1.27547 1 12.9533
      vertex -1.16673 1.09236 12.8333
      vertex -1.27547 10.4 12.9533
    endloop
  endfacet
  facet normal 0.741706 -0.00180144 0.670723
    outer loop
      vertex -1.16673 1.09236 12.8333
      vertex -1.27547 1 12.9533
      vertex -1.23682 1.01503 12.9106
    endloop
  endfacet
  facet normal 0.741472 -0.00045925 0.670984
    outer loop
      vertex -1.23682 1.01503 12.9106
      vertex -1.27547 1 12.9533
      vertex -1.24796 1 12.9229
    endloop
  endfacet
  facet normal 0.741018 -0 0.671486
    outer loop
      vertex -1.27547 13.6 12.9533
      vertex -1.16673 16 12.8333
      vertex -1.27547 16 12.9533
    endloop
  endfacet
  facet normal 0.741018 0 0.671486
    outer loop
      vertex -1.16673 16 12.8333
      vertex -1.27547 13.6 12.9533
      vertex -1.16673 13.6 12.8333
    endloop
  endfacet
  facet normal 0.67175 0 0.740778
    outer loop
      vertex -1.16673 10.4 12.8333
      vertex -1.04675 8.47331 12.7245
      vertex -1.04675 10.4 12.7245
    endloop
  endfacet
  facet normal 0.67298 0.000139623 0.739661
    outer loop
      vertex -1.04675 8.47331 12.7245
      vertex -1.16673 10.4 12.8333
      vertex -1.06246 8.44009 12.7388
    endloop
  endfacet
  facet normal 0.671003 -5.19911e-05 0.741454
    outer loop
      vertex -1.06246 8.44009 12.7388
      vertex -1.16673 10.4 12.8333
      vertex -1.10048 8.33383 12.7732
    endloop
  endfacet
  facet normal 0.672227 1.9497e-05 0.740345
    outer loop
      vertex -1.10048 8.33383 12.7732
      vertex -1.16673 10.4 12.8333
      vertex -1.1279 8.22435 12.7981
    endloop
  endfacet
  facet normal 0.671367 -8.48294e-06 0.741125
    outer loop
      vertex -1.1279 8.22435 12.7981
      vertex -1.16673 10.4 12.8333
      vertex -1.14446 8.11272 12.8131
    endloop
  endfacet
  facet normal 0.670306 -2.7275e-05 0.742085
    outer loop
      vertex -1.14446 8.11272 12.8131
      vertex -1.16673 10.4 12.8333
      vertex -1.15 8 12.8181
    endloop
  endfacet
  facet normal 0.673089 -4.5513e-05 0.739562
    outer loop
      vertex -1.16673 1.09236 12.8333
      vertex -1.04675 7.52669 12.7245
      vertex -1.06246 7.55991 12.7388
    endloop
  endfacet
  facet normal 0.67095 1.73187e-05 0.741502
    outer loop
      vertex -1.16673 1.09236 12.8333
      vertex -1.06246 7.55991 12.7388
      vertex -1.10048 7.66617 12.7732
    endloop
  endfacet
  facet normal 0.672255 -6.64486e-06 0.74032
    outer loop
      vertex -1.16673 1.09236 12.8333
      vertex -1.10048 7.66617 12.7732
      vertex -1.1279 7.77565 12.7981
    endloop
  endfacet
  facet normal 0.671583 0 0.74093
    outer loop
      vertex -1.04675 7.52669 12.7245
      vertex -1.13137 1.13137 12.8012
      vertex -1.04675 1.20807 12.7245
    endloop
  endfacet
  facet normal 0.671346 2.97721e-06 0.741144
    outer loop
      vertex -1.16673 1.09236 12.8333
      vertex -1.1279 7.77565 12.7981
      vertex -1.14446 7.88728 12.8131
    endloop
  endfacet
  facet normal 0.670116 1.03147e-05 0.742256
    outer loop
      vertex -1.16673 1.09236 12.8333
      vertex -1.14446 7.88728 12.8131
      vertex -1.15 8 12.8181
    endloop
  endfacet
  facet normal 0.672453 -0 0.74014
    outer loop
      vertex -1.16673 1.09236 12.8333
      vertex -1.15 8 12.8181
      vertex -1.16673 10.4 12.8333
    endloop
  endfacet
  facet normal 0.67216 -1.39218e-05 0.740406
    outer loop
      vertex -1.04675 7.52669 12.7245
      vertex -1.16673 1.09236 12.8333
      vertex -1.13137 1.13137 12.8012
    endloop
  endfacet
  facet normal 0.67175 0 0.740778
    outer loop
      vertex -1.16673 16 12.8333
      vertex -1.04675 13.6 12.7245
      vertex -1.04675 16 12.7245
    endloop
  endfacet
  facet normal 0.67175 0 0.740778
    outer loop
      vertex -1.04675 13.6 12.7245
      vertex -1.16673 16 12.8333
      vertex -1.16673 13.6 12.8333
    endloop
  endfacet
  facet normal 0.970033 -0 0.242971
    outer loop
      vertex -1.6183 1 13.6781
      vertex -1.57895 10.4 13.521
      vertex -1.6183 10.4 13.6781
    endloop
  endfacet
  facet normal 0.970033 0 0.242971
    outer loop
      vertex -1.57895 10.4 13.521
      vertex -1.6183 1 13.6781
      vertex -1.57895 1 13.521
    endloop
  endfacet
  facet normal 0.970033 -0 0.242971
    outer loop
      vertex -1.6183 13.6 13.6781
      vertex -1.57895 16 13.521
      vertex -1.6183 16 13.6781
    endloop
  endfacet
  facet normal 0.970033 0 0.242971
    outer loop
      vertex -1.57895 16 13.521
      vertex -1.6183 13.6 13.6781
      vertex -1.57895 13.6 13.521
    endloop
  endfacet
  facet normal 0.423909 9.99369e-05 0.905705
    outer loop
      vertex -0.754234 1.41107 12.5337
      vertex -0.631427 7.03933 12.4756
      vertex -0.638906 7.04381 12.4791
    endloop
  endfacet
  facet normal 0.427777 -5.69173e-06 0.903884
    outer loop
      vertex -0.777804 1.39695 12.5448
      vertex -0.638906 7.04381 12.4791
      vertex -0.729552 7.11104 12.522
    endloop
  endfacet
  facet normal 0.427655 0 0.903942
    outer loop
      vertex -0.631427 7.03933 12.4756
      vertex -0.754234 1.41107 12.5337
      vertex -0.631427 1.46916 12.4756
    endloop
  endfacet
  facet normal 0.427226 -0 0.904145
    outer loop
      vertex -0.777804 1.39695 12.5448
      vertex -0.729552 7.11104 12.522
      vertex -0.777804 7.15477 12.5448
    endloop
  endfacet
  facet normal 0.426033 4.67838e-05 0.904708
    outer loop
      vertex -0.638906 7.04381 12.4791
      vertex -0.777804 1.39695 12.5448
      vertex -0.754234 1.41107 12.5337
    endloop
  endfacet
  facet normal 0.427398 0 0.904064
    outer loop
      vertex -0.777804 10.4 12.5448
      vertex -0.631427 8.96067 12.4756
      vertex -0.631427 10.4 12.4756
    endloop
  endfacet
  facet normal 0.424063 -0.000414518 0.905632
    outer loop
      vertex -0.631427 8.96067 12.4756
      vertex -0.777804 10.4 12.5448
      vertex -0.638906 8.95619 12.4791
    endloop
  endfacet
  facet normal 0.427767 2.11574e-05 0.903889
    outer loop
      vertex -0.638906 8.95619 12.4791
      vertex -0.777804 10.4 12.5448
      vertex -0.729552 8.88896 12.522
    endloop
  endfacet
  facet normal 0.427226 0 0.904145
    outer loop
      vertex -0.729552 8.88896 12.522
      vertex -0.777804 10.4 12.5448
      vertex -0.777804 8.84523 12.5448
    endloop
  endfacet
  facet normal 0.427398 0 0.904064
    outer loop
      vertex -0.777804 16 12.5448
      vertex -0.631427 13.6 12.4756
      vertex -0.631427 16 12.4756
    endloop
  endfacet
  facet normal 0.427398 0 0.904064
    outer loop
      vertex -0.631427 13.6 12.4756
      vertex -0.777804 16 12.5448
      vertex -0.777804 13.6 12.5448
    endloop
  endfacet
  facet normal -0.427226 0 0.904145
    outer loop
      vertex 0.729552 7.11104 12.522
      vertex 0.777804 1.39695 12.5448
      vertex 0.777804 7.15477 12.5448
    endloop
  endfacet
  facet normal -0.427777 -5.69173e-06 0.903884
    outer loop
      vertex 0.638906 7.04381 12.4791
      vertex 0.777804 1.39695 12.5448
      vertex 0.729552 7.11104 12.522
    endloop
  endfacet
  facet normal -0.426033 4.67838e-05 0.904708
    outer loop
      vertex 0.777804 1.39695 12.5448
      vertex 0.638906 7.04381 12.4791
      vertex 0.754234 1.41107 12.5337
    endloop
  endfacet
  facet normal -0.423909 9.99369e-05 0.905705
    outer loop
      vertex 0.631427 7.03933 12.4756
      vertex 0.754234 1.41107 12.5337
      vertex 0.638906 7.04381 12.4791
    endloop
  endfacet
  facet normal -0.427655 0 0.903942
    outer loop
      vertex 0.754234 1.41107 12.5337
      vertex 0.631427 7.03933 12.4756
      vertex 0.631427 1.46916 12.4756
    endloop
  endfacet
  facet normal -0.427226 0 0.904145
    outer loop
      vertex 0.777804 10.4 12.5448
      vertex 0.729552 8.88896 12.522
      vertex 0.777804 8.84523 12.5448
    endloop
  endfacet
  facet normal -0.427767 2.11574e-05 0.903889
    outer loop
      vertex 0.777804 10.4 12.5448
      vertex 0.638906 8.95619 12.4791
      vertex 0.729552 8.88896 12.522
    endloop
  endfacet
  facet normal -0.427398 0 0.904064
    outer loop
      vertex 0.631427 8.96067 12.4756
      vertex 0.777804 10.4 12.5448
      vertex 0.631427 10.4 12.4756
    endloop
  endfacet
  facet normal -0.424063 -0.000414518 0.905632
    outer loop
      vertex 0.777804 10.4 12.5448
      vertex 0.631427 8.96067 12.4756
      vertex 0.638906 8.95619 12.4791
    endloop
  endfacet
  facet normal -0.427398 0 0.904064
    outer loop
      vertex 0.631427 16 12.4756
      vertex 0.777804 13.6 12.5448
      vertex 0.777804 16 12.5448
    endloop
  endfacet
  facet normal -0.427398 0 0.904064
    outer loop
      vertex 0.777804 13.6 12.5448
      vertex 0.631427 16 12.4756
      vertex 0.631427 13.6 12.4756
    endloop
  endfacet
  facet normal 0.0487355 0 -0.998812
    outer loop
      vertex 0 1.6 15.65
      vertex -0.11272 6.85554 15.6445
      vertex 0 6.85 15.65
    endloop
  endfacet
  facet normal 0.0490393 6.5315e-06 -0.998797
    outer loop
      vertex -0.156827 1.59229 15.6423
      vertex -0.11272 6.85554 15.6445
      vertex 0 1.6 15.65
    endloop
  endfacet
  facet normal 0.0407629 7.60446e-05 -0.999169
    outer loop
      vertex -0.161728 1.59157 15.6421
      vertex -0.11272 6.85554 15.6445
      vertex -0.156827 1.59229 15.6423
    endloop
  endfacet
  facet normal 0.048913 0 -0.998803
    outer loop
      vertex -0.11272 6.85554 15.6445
      vertex -0.161728 1.59157 15.6421
      vertex -0.161728 6.86281 15.6421
    endloop
  endfacet
  facet normal 0.0487358 -6.9313e-06 -0.998812
    outer loop
      vertex -0.161728 10.4 15.6421
      vertex 0 9.15 15.65
      vertex -0.11272 9.14446 15.6445
    endloop
  endfacet
  facet normal 0.048913 0 -0.998803
    outer loop
      vertex -0.161728 10.4 15.6421
      vertex -0.11272 9.14446 15.6445
      vertex -0.161728 9.13719 15.6421
    endloop
  endfacet
  facet normal 0.0487893 0 -0.998809
    outer loop
      vertex 0 9.15 15.65
      vertex -0.161728 10.4 15.6421
      vertex 0 10.4 15.65
    endloop
  endfacet
  facet normal 0.0487893 0 -0.998809
    outer loop
      vertex -0.161728 13.6 15.6421
      vertex 0 16 15.65
      vertex 0 13.6 15.65
    endloop
  endfacet
  facet normal 0.0487893 0 -0.998809
    outer loop
      vertex 0 16 15.65
      vertex -0.161728 13.6 15.6421
      vertex -0.161728 16 15.6421
    endloop
  endfacet
  facet normal -0.904018 0 0.427494
    outer loop
      vertex 1.45517 1 13.2222
      vertex 1.5244 10.4 13.3686
      vertex 1.45517 10.4 13.2222
    endloop
  endfacet
  facet normal -0.904018 0 0.427494
    outer loop
      vertex 1.5244 10.4 13.3686
      vertex 1.45517 1 13.2222
      vertex 1.5244 1 13.3686
    endloop
  endfacet
  facet normal -0.904018 0 0.427494
    outer loop
      vertex 1.45517 13.6 13.2222
      vertex 1.5244 16 13.3686
      vertex 1.45517 16 13.2222
    endloop
  endfacet
  facet normal -0.904018 0 0.427494
    outer loop
      vertex 1.5244 16 13.3686
      vertex 1.45517 13.6 13.2222
      vertex 1.5244 13.6 13.3686
    endloop
  endfacet
  facet normal -0.741018 0 -0.671486
    outer loop
      vertex 1.27547 10.4 15.0467
      vertex 1.16673 1.09236 15.1667
      vertex 1.16673 10.4 15.1667
    endloop
  endfacet
  facet normal -0.741018 0 -0.671486
    outer loop
      vertex 1.27547 1 15.0467
      vertex 1.16673 1.09236 15.1667
      vertex 1.27547 10.4 15.0467
    endloop
  endfacet
  facet normal -0.741706 -0.00180144 -0.670723
    outer loop
      vertex 1.16673 1.09236 15.1667
      vertex 1.27547 1 15.0467
      vertex 1.23682 1.01503 15.0894
    endloop
  endfacet
  facet normal -0.741472 -0.00045925 -0.670984
    outer loop
      vertex 1.23682 1.01503 15.0894
      vertex 1.27547 1 15.0467
      vertex 1.24796 1 15.0771
    endloop
  endfacet
  facet normal -0.741018 0 -0.671486
    outer loop
      vertex 1.27547 13.6 15.0467
      vertex 1.16673 16 15.1667
      vertex 1.27547 16 15.0467
    endloop
  endfacet
  facet normal -0.741018 -0 -0.671486
    outer loop
      vertex 1.16673 16 15.1667
      vertex 1.27547 13.6 15.0467
      vertex 1.16673 13.6 15.1667
    endloop
  endfacet
  facet normal -0.242037 0 -0.970267
    outer loop
      vertex 0.440085 9.06246 15.5887
      vertex 0.47897 10.4 15.579
      vertex 0.47897 9.04407 15.579
    endloop
  endfacet
  facet normal -0.242832 2.45782e-05 -0.970068
    outer loop
      vertex 0.333827 9.10048 15.6153
      vertex 0.47897 10.4 15.579
      vertex 0.440085 9.06246 15.5887
    endloop
  endfacet
  facet normal -0.243859 0.00014644 -0.969811
    outer loop
      vertex 0.321898 9.10347 15.6183
      vertex 0.47897 10.4 15.579
      vertex 0.333827 9.10048 15.6153
    endloop
  endfacet
  facet normal -0.242722 0 -0.970096
    outer loop
      vertex 0.47897 10.4 15.579
      vertex 0.321898 9.10347 15.6183
      vertex 0.321898 10.4 15.6183
    endloop
  endfacet
  facet normal -0.240722 1.00283e-05 -0.970594
    outer loop
      vertex 0.440085 6.93754 15.5887
      vertex 0.47897 1.52591 15.579
      vertex 0.464455 1.5311 15.5826
    endloop
  endfacet
  facet normal -0.242037 0 -0.970267
    outer loop
      vertex 0.47897 1.52591 15.579
      vertex 0.440085 6.93754 15.5887
      vertex 0.47897 6.95593 15.579
    endloop
  endfacet
  facet normal -0.242841 -1.14977e-07 -0.970066
    outer loop
      vertex 0.464455 1.5311 15.5826
      vertex 0.333827 6.89952 15.6153
      vertex 0.440085 6.93754 15.5887
    endloop
  endfacet
  facet normal -0.242925 -2.30281e-06 -0.970045
    outer loop
      vertex 0.321898 1.56681 15.6183
      vertex 0.333827 6.89952 15.6153
      vertex 0.464455 1.5311 15.5826
    endloop
  endfacet
  facet normal -0.243894 0 -0.969802
    outer loop
      vertex 0.333827 6.89952 15.6153
      vertex 0.321898 1.56681 15.6183
      vertex 0.321898 6.89653 15.6183
    endloop
  endfacet
  facet normal -0.242722 0 -0.970096
    outer loop
      vertex 0.321898 13.6 15.6183
      vertex 0.47897 16 15.579
      vertex 0.47897 13.6 15.579
    endloop
  endfacet
  facet normal -0.242722 0 -0.970096
    outer loop
      vertex 0.47897 16 15.579
      vertex 0.321898 13.6 15.6183
      vertex 0.321898 16 15.6183
    endloop
  endfacet
  facet normal -0.595168 0 0.803601
    outer loop
      vertex 1.01421 7.45789 12.7004
      vertex 1.04675 1.20807 12.7245
      vertex 1.04675 7.52669 12.7245
    endloop
  endfacet
  facet normal -0.595417 -2.00738e-06 0.803417
    outer loop
      vertex 0.956189 7.36109 12.6574
      vertex 1.04675 1.20807 12.7245
      vertex 1.01421 7.45789 12.7004
    endloop
  endfacet
  facet normal -0.595773 -1.0115e-05 0.803153
    outer loop
      vertex 0.916691 7.30784 12.6281
      vertex 1.04675 1.20807 12.7245
      vertex 0.956189 7.36109 12.6574
    endloop
  endfacet
  facet normal -0.595285 6.01962e-06 0.803515
    outer loop
      vertex 1.04675 1.20807 12.7245
      vertex 0.916691 7.30784 12.6281
      vertex 1.01503 1.23682 12.701
    endloop
  endfacet
  facet normal -0.595524 0 0.803337
    outer loop
      vertex 1.01503 1.23682 12.701
      vertex 0.916691 7.30784 12.6281
      vertex 0.916691 1.30975 12.6281
    endloop
  endfacet
  facet normal -0.595168 0 0.803601
    outer loop
      vertex 1.04675 10.4 12.7245
      vertex 1.01421 8.54211 12.7004
      vertex 1.04675 8.47331 12.7245
    endloop
  endfacet
  facet normal -0.595412 6.61802e-06 0.80342
    outer loop
      vertex 1.04675 10.4 12.7245
      vertex 0.956189 8.63891 12.6574
      vertex 1.01421 8.54211 12.7004
    endloop
  endfacet
  facet normal -0.595467 0 0.80338
    outer loop
      vertex 0.916691 8.69216 12.6281
      vertex 1.04675 10.4 12.7245
      vertex 0.916691 10.4 12.6281
    endloop
  endfacet
  facet normal -0.595752 3.37056e-05 0.803168
    outer loop
      vertex 1.04675 10.4 12.7245
      vertex 0.916691 8.69216 12.6281
      vertex 0.956189 8.63891 12.6574
    endloop
  endfacet
  facet normal -0.595467 0 0.80338
    outer loop
      vertex 0.916691 16 12.6281
      vertex 1.04675 13.6 12.7245
      vertex 1.04675 16 12.7245
    endloop
  endfacet
  facet normal -0.595467 0 0.80338
    outer loop
      vertex 1.04675 13.6 12.7245
      vertex 0.916691 16 12.6281
      vertex 0.916691 13.6 12.6281
    endloop
  endfacet
  facet normal 0.941504 0 -0.337002
    outer loop
      vertex -1.5244 1 14.6314
      vertex -1.57895 10.4 14.479
      vertex -1.5244 10.4 14.6314
    endloop
  endfacet
  facet normal 0.941504 0 -0.337002
    outer loop
      vertex -1.57895 10.4 14.479
      vertex -1.5244 1 14.6314
      vertex -1.57895 1 14.479
    endloop
  endfacet
  facet normal 0.941504 0 -0.337002
    outer loop
      vertex -1.5244 13.6 14.6314
      vertex -1.57895 16 14.479
      vertex -1.5244 16 14.6314
    endloop
  endfacet
  facet normal 0.941504 0 -0.337002
    outer loop
      vertex -1.57895 16 14.479
      vertex -1.5244 13.6 14.6314
      vertex -1.57895 13.6 14.479
    endloop
  endfacet
  facet normal 0.14689 0 0.989153
    outer loop
      vertex -0.224354 6.8721 12.3672
      vertex -0.161728 1.59157 12.3579
      vertex -0.161728 6.86281 12.3579
    endloop
  endfacet
  facet normal 0.147295 4.91468e-06 0.989093
    outer loop
      vertex -0.224354 6.8721 12.3672
      vertex -0.312144 1.56926 12.3803
      vertex -0.161728 1.59157 12.3579
    endloop
  endfacet
  facet normal 0.147037 9.27687e-06 0.989131
    outer loop
      vertex -0.321898 6.89653 12.3817
      vertex -0.312144 1.56926 12.3803
      vertex -0.224354 6.8721 12.3672
    endloop
  endfacet
  facet normal 0.142075 0 0.989856
    outer loop
      vertex -0.312144 1.56926 12.3803
      vertex -0.321898 6.89653 12.3817
      vertex -0.321898 1.56681 12.3817
    endloop
  endfacet
  facet normal 0.146978 0 0.98914
    outer loop
      vertex -0.321898 10.4 12.3817
      vertex -0.161728 9.13719 12.3579
      vertex -0.161728 10.4 12.3579
    endloop
  endfacet
  facet normal 0.146891 -1.12674e-05 0.989153
    outer loop
      vertex -0.161728 9.13719 12.3579
      vertex -0.321898 10.4 12.3817
      vertex -0.224354 9.1279 12.3672
    endloop
  endfacet
  facet normal 0.147035 0 0.989131
    outer loop
      vertex -0.224354 9.1279 12.3672
      vertex -0.321898 10.4 12.3817
      vertex -0.321898 9.10347 12.3817
    endloop
  endfacet
  facet normal 0.146978 0 0.98914
    outer loop
      vertex -0.321898 16 12.3817
      vertex -0.161728 13.6 12.3579
      vertex -0.161728 16 12.3579
    endloop
  endfacet
  facet normal 0.146978 0 0.98914
    outer loop
      vertex -0.161728 13.6 12.3579
      vertex -0.321898 16 12.3817
      vertex -0.321898 13.6 12.3817
    endloop
  endfacet
  facet normal 0.998794 0 -0.0491058
    outer loop
      vertex -1.64205 1 14.1617
      vertex -1.65 10.4 14
      vertex -1.64205 10.4 14.1617
    endloop
  endfacet
  facet normal 0.998794 0 -0.0491058
    outer loop
      vertex -1.65 10.4 14
      vertex -1.64205 1 14.1617
      vertex -1.65 1 14
    endloop
  endfacet
  facet normal 0.998794 0 -0.0491058
    outer loop
      vertex -1.64205 13.6 14.1617
      vertex -1.65 16 14
      vertex -1.64205 16 14.1617
    endloop
  endfacet
  facet normal 0.998794 0 -0.0491058
    outer loop
      vertex -1.65 16 14
      vertex -1.64205 13.6 14.1617
      vertex -1.65 13.6 14
    endloop
  endfacet
  facet normal -0.741018 0 0.671486
    outer loop
      vertex 1.16673 1.09236 12.8333
      vertex 1.27547 10.4 12.9533
      vertex 1.16673 10.4 12.8333
    endloop
  endfacet
  facet normal -0.741706 -0.00180144 0.670723
    outer loop
      vertex 1.27547 1 12.9533
      vertex 1.16673 1.09236 12.8333
      vertex 1.23682 1.01503 12.9106
    endloop
  endfacet
  facet normal -0.741472 -0.00045925 0.670984
    outer loop
      vertex 1.27547 1 12.9533
      vertex 1.23682 1.01503 12.9106
      vertex 1.24796 1 12.9229
    endloop
  endfacet
  facet normal -0.741018 0 0.671486
    outer loop
      vertex 1.16673 1.09236 12.8333
      vertex 1.27547 1 12.9533
      vertex 1.27547 10.4 12.9533
    endloop
  endfacet
  facet normal -0.741018 0 0.671486
    outer loop
      vertex 1.16673 13.6 12.8333
      vertex 1.27547 16 12.9533
      vertex 1.16673 16 12.8333
    endloop
  endfacet
  facet normal -0.741018 0 0.671486
    outer loop
      vertex 1.27547 16 12.9533
      vertex 1.16673 13.6 12.8333
      vertex 1.27547 13.6 12.9533
    endloop
  endfacet
  facet normal -0.866027 0 -0.499997
    outer loop
      vertex 3.1 10.4 14
      vertex 1.55 13.6 16.6847
      vertex 3.1 13.6 14
    endloop
  endfacet
  facet normal -0.866027 -0 -0.499997
    outer loop
      vertex 1.55 13.6 16.6847
      vertex 3.1 10.4 14
      vertex 1.55 10.4 16.6847
    endloop
  endfacet
  facet normal 0 1 0
    outer loop
      vertex 1.55 10.4 16.6847
      vertex 0 10.4 15.65
      vertex -1.55 10.4 16.6847
    endloop
  endfacet
  facet normal 0 1 0
    outer loop
      vertex 1.55 10.4 16.6847
      vertex 0.161728 10.4 15.6421
      vertex 0 10.4 15.65
    endloop
  endfacet
  facet normal 0 1 0
    outer loop
      vertex 1.55 10.4 16.6847
      vertex 0.321898 10.4 15.6183
      vertex 0.161728 10.4 15.6421
    endloop
  endfacet
  facet normal 0 1 0
    outer loop
      vertex 1.55 10.4 16.6847
      vertex 0.47897 10.4 15.579
      vertex 0.321898 10.4 15.6183
    endloop
  endfacet
  facet normal 0 1 0
    outer loop
      vertex 1.55 10.4 16.6847
      vertex 0.631427 10.4 15.5244
      vertex 0.47897 10.4 15.579
    endloop
  endfacet
  facet normal 0 1 0
    outer loop
      vertex 1.55 10.4 16.6847
      vertex 0.777804 10.4 15.4552
      vertex 0.631427 10.4 15.5244
    endloop
  endfacet
  facet normal 0 1 0
    outer loop
      vertex 1.55 10.4 16.6847
      vertex 0.916691 10.4 15.3719
      vertex 0.777804 10.4 15.4552
    endloop
  endfacet
  facet normal 0 1 0
    outer loop
      vertex 1.55 10.4 16.6847
      vertex 1.04675 10.4 15.2755
      vertex 0.916691 10.4 15.3719
    endloop
  endfacet
  facet normal 0 1 0
    outer loop
      vertex 1.55 10.4 16.6847
      vertex 1.16673 10.4 15.1667
      vertex 1.04675 10.4 15.2755
    endloop
  endfacet
  facet normal 0 1 0
    outer loop
      vertex 1.55 10.4 16.6847
      vertex 1.27547 10.4 15.0467
      vertex 1.16673 10.4 15.1667
    endloop
  endfacet
  facet normal 0 1 0
    outer loop
      vertex 1.55 10.4 16.6847
      vertex 1.37192 10.4 14.9167
      vertex 1.27547 10.4 15.0467
    endloop
  endfacet
  facet normal 0 1 0
    outer loop
      vertex 1.55 10.4 16.6847
      vertex 1.45517 10.4 14.7778
      vertex 1.37192 10.4 14.9167
    endloop
  endfacet
  facet normal 0 1 0
    outer loop
      vertex 3.1 10.4 14
      vertex 1.45517 10.4 14.7778
      vertex 1.55 10.4 16.6847
    endloop
  endfacet
  facet normal 0 1 0
    outer loop
      vertex 1.45517 10.4 14.7778
      vertex 3.1 10.4 14
      vertex 1.5244 10.4 14.6314
    endloop
  endfacet
  facet normal 0 1 0
    outer loop
      vertex 1.5244 10.4 14.6314
      vertex 3.1 10.4 14
      vertex 1.57895 10.4 14.479
    endloop
  endfacet
  facet normal 0 1 0
    outer loop
      vertex 1.57895 10.4 14.479
      vertex 3.1 10.4 14
      vertex 1.6183 10.4 14.3219
    endloop
  endfacet
  facet normal 0 1 0
    outer loop
      vertex 1.6183 10.4 14.3219
      vertex 3.1 10.4 14
      vertex 1.64205 10.4 14.1617
    endloop
  endfacet
  facet normal 0 1 0
    outer loop
      vertex 3.1 10.4 14
      vertex 1.65 10.4 14
      vertex 1.64205 10.4 14.1617
    endloop
  endfacet
  facet normal 0 1 0
    outer loop
      vertex 3.1 10.4 14
      vertex 1.64205 10.4 13.8383
      vertex 1.65 10.4 14
    endloop
  endfacet
  facet normal 0 1 0
    outer loop
      vertex 3.1 10.4 14
      vertex 1.6183 10.4 13.6781
      vertex 1.64205 10.4 13.8383
    endloop
  endfacet
  facet normal 0 1 0
    outer loop
      vertex 3.1 10.4 14
      vertex 1.57895 10.4 13.521
      vertex 1.6183 10.4 13.6781
    endloop
  endfacet
  facet normal 0 1 0
    outer loop
      vertex 3.1 10.4 14
      vertex 1.5244 10.4 13.3686
      vertex 1.57895 10.4 13.521
    endloop
  endfacet
  facet normal 0 1 0
    outer loop
      vertex 3.1 10.4 14
      vertex 1.45517 10.4 13.2222
      vertex 1.5244 10.4 13.3686
    endloop
  endfacet
  facet normal 0 1 -0
    outer loop
      vertex 1.55 10.4 11.3153
      vertex 1.45517 10.4 13.2222
      vertex 3.1 10.4 14
    endloop
  endfacet
  facet normal 0 1 0
    outer loop
      vertex 1.45517 10.4 13.2222
      vertex 1.55 10.4 11.3153
      vertex 1.37192 10.4 13.0833
    endloop
  endfacet
  facet normal 0 1 0
    outer loop
      vertex 1.37192 10.4 13.0833
      vertex 1.55 10.4 11.3153
      vertex 1.27547 10.4 12.9533
    endloop
  endfacet
  facet normal 0 1 0
    outer loop
      vertex 1.27547 10.4 12.9533
      vertex 1.55 10.4 11.3153
      vertex 1.16673 10.4 12.8333
    endloop
  endfacet
  facet normal 0 1 0
    outer loop
      vertex 1.16673 10.4 12.8333
      vertex 1.55 10.4 11.3153
      vertex 1.04675 10.4 12.7245
    endloop
  endfacet
  facet normal 0 1 0
    outer loop
      vertex 0.161728 10.4 12.3579
      vertex 1.55 10.4 11.3153
      vertex 0 10.4 12.35
    endloop
  endfacet
  facet normal 0 1 0
    outer loop
      vertex 0.321898 10.4 12.3817
      vertex 1.55 10.4 11.3153
      vertex 0.161728 10.4 12.3579
    endloop
  endfacet
  facet normal 0 1 0
    outer loop
      vertex 0.47897 10.4 12.421
      vertex 1.55 10.4 11.3153
      vertex 0.321898 10.4 12.3817
    endloop
  endfacet
  facet normal 0 1 0
    outer loop
      vertex 0.631427 10.4 12.4756
      vertex 1.55 10.4 11.3153
      vertex 0.47897 10.4 12.421
    endloop
  endfacet
  facet normal 0 1 0
    outer loop
      vertex 0.777804 10.4 12.5448
      vertex 1.55 10.4 11.3153
      vertex 0.631427 10.4 12.4756
    endloop
  endfacet
  facet normal 0 1 0
    outer loop
      vertex 0.916691 10.4 12.6281
      vertex 1.55 10.4 11.3153
      vertex 0.777804 10.4 12.5448
    endloop
  endfacet
  facet normal 0 1 0
    outer loop
      vertex 1.04675 10.4 12.7245
      vertex 1.55 10.4 11.3153
      vertex 0.916691 10.4 12.6281
    endloop
  endfacet
  facet normal 0 1 -0
    outer loop
      vertex -0.161728 10.4 15.6421
      vertex -1.55 10.4 16.6847
      vertex 0 10.4 15.65
    endloop
  endfacet
  facet normal 0 1 -0
    outer loop
      vertex -0.321898 10.4 15.6183
      vertex -1.55 10.4 16.6847
      vertex -0.161728 10.4 15.6421
    endloop
  endfacet
  facet normal 0 1 -0
    outer loop
      vertex -0.47897 10.4 15.579
      vertex -1.55 10.4 16.6847
      vertex -0.321898 10.4 15.6183
    endloop
  endfacet
  facet normal 0 1 -0
    outer loop
      vertex -0.631427 10.4 15.5244
      vertex -1.55 10.4 16.6847
      vertex -0.47897 10.4 15.579
    endloop
  endfacet
  facet normal 0 1 -0
    outer loop
      vertex -0.777804 10.4 15.4552
      vertex -1.55 10.4 16.6847
      vertex -0.631427 10.4 15.5244
    endloop
  endfacet
  facet normal 0 1 -0
    outer loop
      vertex -0.916691 10.4 15.3719
      vertex -1.55 10.4 16.6847
      vertex -0.777804 10.4 15.4552
    endloop
  endfacet
  facet normal 0 1 -0
    outer loop
      vertex -1.04675 10.4 15.2755
      vertex -1.55 10.4 16.6847
      vertex -0.916691 10.4 15.3719
    endloop
  endfacet
  facet normal 0 1 -0
    outer loop
      vertex -1.16673 10.4 15.1667
      vertex -1.55 10.4 16.6847
      vertex -1.04675 10.4 15.2755
    endloop
  endfacet
  facet normal 0 1 -0
    outer loop
      vertex -1.27547 10.4 15.0467
      vertex -1.55 10.4 16.6847
      vertex -1.16673 10.4 15.1667
    endloop
  endfacet
  facet normal 0 1 -0
    outer loop
      vertex -1.37192 10.4 14.9167
      vertex -1.55 10.4 16.6847
      vertex -1.27547 10.4 15.0467
    endloop
  endfacet
  facet normal 0 1 -0
    outer loop
      vertex -1.45517 10.4 14.7778
      vertex -1.55 10.4 16.6847
      vertex -1.37192 10.4 14.9167
    endloop
  endfacet
  facet normal 0 1 0
    outer loop
      vertex -3.1 10.4 14
      vertex -1.45517 10.4 14.7778
      vertex -1.5244 10.4 14.6314
    endloop
  endfacet
  facet normal 0 1 0
    outer loop
      vertex -3.1 10.4 14
      vertex -1.5244 10.4 14.6314
      vertex -1.57895 10.4 14.479
    endloop
  endfacet
  facet normal 0 1 0
    outer loop
      vertex -3.1 10.4 14
      vertex -1.57895 10.4 14.479
      vertex -1.6183 10.4 14.3219
    endloop
  endfacet
  facet normal 0 1 0
    outer loop
      vertex -3.1 10.4 14
      vertex -1.6183 10.4 14.3219
      vertex -1.64205 10.4 14.1617
    endloop
  endfacet
  facet normal 0 1 0
    outer loop
      vertex -3.1 10.4 14
      vertex -1.64205 10.4 14.1617
      vertex -1.65 10.4 14
    endloop
  endfacet
  facet normal 0 1 0
    outer loop
      vertex -1.45517 10.4 14.7778
      vertex -3.1 10.4 14
      vertex -1.55 10.4 16.6847
    endloop
  endfacet
  facet normal 0 1 0
    outer loop
      vertex -1.64205 10.4 13.8383
      vertex -3.1 10.4 14
      vertex -1.65 10.4 14
    endloop
  endfacet
  facet normal 0 1 0
    outer loop
      vertex -1.6183 10.4 13.6781
      vertex -3.1 10.4 14
      vertex -1.64205 10.4 13.8383
    endloop
  endfacet
  facet normal 0 1 0
    outer loop
      vertex -1.57895 10.4 13.521
      vertex -3.1 10.4 14
      vertex -1.6183 10.4 13.6781
    endloop
  endfacet
  facet normal 0 1 0
    outer loop
      vertex -1.5244 10.4 13.3686
      vertex -3.1 10.4 14
      vertex -1.57895 10.4 13.521
    endloop
  endfacet
  facet normal 0 1 0
    outer loop
      vertex -1.45517 10.4 13.2222
      vertex -3.1 10.4 14
      vertex -1.5244 10.4 13.3686
    endloop
  endfacet
  facet normal 0 1 0
    outer loop
      vertex -1.55 10.4 11.3153
      vertex -1.45517 10.4 13.2222
      vertex -1.37192 10.4 13.0833
    endloop
  endfacet
  facet normal 0 1 0
    outer loop
      vertex -1.55 10.4 11.3153
      vertex -1.37192 10.4 13.0833
      vertex -1.27547 10.4 12.9533
    endloop
  endfacet
  facet normal 0 1 0
    outer loop
      vertex -1.55 10.4 11.3153
      vertex -1.27547 10.4 12.9533
      vertex -1.16673 10.4 12.8333
    endloop
  endfacet
  facet normal 0 1 0
    outer loop
      vertex -1.55 10.4 11.3153
      vertex -1.16673 10.4 12.8333
      vertex -1.04675 10.4 12.7245
    endloop
  endfacet
  facet normal 0 1 0
    outer loop
      vertex -1.55 10.4 11.3153
      vertex -1.04675 10.4 12.7245
      vertex -0.916691 10.4 12.6281
    endloop
  endfacet
  facet normal 0 1 0
    outer loop
      vertex -1.55 10.4 11.3153
      vertex 0 10.4 12.35
      vertex 1.55 10.4 11.3153
    endloop
  endfacet
  facet normal 0 1 0
    outer loop
      vertex 0 10.4 12.35
      vertex -1.55 10.4 11.3153
      vertex -0.161728 10.4 12.3579
    endloop
  endfacet
  facet normal 0 1 0
    outer loop
      vertex -0.161728 10.4 12.3579
      vertex -1.55 10.4 11.3153
      vertex -0.321898 10.4 12.3817
    endloop
  endfacet
  facet normal 0 1 0
    outer loop
      vertex -0.321898 10.4 12.3817
      vertex -1.55 10.4 11.3153
      vertex -0.47897 10.4 12.421
    endloop
  endfacet
  facet normal 0 1 0
    outer loop
      vertex -0.47897 10.4 12.421
      vertex -1.55 10.4 11.3153
      vertex -0.631427 10.4 12.4756
    endloop
  endfacet
  facet normal 0 1 0
    outer loop
      vertex -1.45517 10.4 13.2222
      vertex -1.55 10.4 11.3153
      vertex -3.1 10.4 14
    endloop
  endfacet
  facet normal 0 1 0
    outer loop
      vertex -0.777804 10.4 12.5448
      vertex -1.55 10.4 11.3153
      vertex -0.916691 10.4 12.6281
    endloop
  endfacet
  facet normal 0 1 0
    outer loop
      vertex -0.631427 10.4 12.4756
      vertex -1.55 10.4 11.3153
      vertex -0.777804 10.4 12.5448
    endloop
  endfacet
  facet normal 0.866027 -0 0.499997
    outer loop
      vertex -3.1 10.4 14
      vertex -1.55 13.6 11.3153
      vertex -3.1 13.6 14
    endloop
  endfacet
  facet normal 0.866027 0 0.499997
    outer loop
      vertex -1.55 13.6 11.3153
      vertex -3.1 10.4 14
      vertex -1.55 10.4 11.3153
    endloop
  endfacet
  facet normal -0.866027 0 0.499997
    outer loop
      vertex 1.55 10.4 11.3153
      vertex 3.1 13.6 14
      vertex 1.55 13.6 11.3153
    endloop
  endfacet
  facet normal -0.866027 0 0.499997
    outer loop
      vertex 3.1 13.6 14
      vertex 1.55 10.4 11.3153
      vertex 3.1 10.4 14
    endloop
  endfacet
  facet normal -0 0 1
    outer loop
      vertex -1.55 13.6 11.3153
      vertex 1.55 10.4 11.3153
      vertex 1.55 13.6 11.3153
    endloop
  endfacet
  facet normal 0 0 1
    outer loop
      vertex 1.55 10.4 11.3153
      vertex -1.55 13.6 11.3153
      vertex -1.55 10.4 11.3153
    endloop
  endfacet
  facet normal 0.866027 0 -0.499997
    outer loop
      vertex -1.55 10.4 16.6847
      vertex -3.1 13.6 14
      vertex -1.55 13.6 16.6847
    endloop
  endfacet
  facet normal 0.866027 0 -0.499997
    outer loop
      vertex -3.1 13.6 14
      vertex -1.55 10.4 16.6847
      vertex -3.1 10.4 14
    endloop
  endfacet
  facet normal 0 -1 0
    outer loop
      vertex -1.55 13.6 16.6847
      vertex 0 13.6 15.65
      vertex 1.55 13.6 16.6847
    endloop
  endfacet
  facet normal 0 -1 0
    outer loop
      vertex -1.55 13.6 16.6847
      vertex -0.161728 13.6 15.6421
      vertex 0 13.6 15.65
    endloop
  endfacet
  facet normal 0 -1 0
    outer loop
      vertex -1.55 13.6 16.6847
      vertex -0.321898 13.6 15.6183
      vertex -0.161728 13.6 15.6421
    endloop
  endfacet
  facet normal 0 -1 0
    outer loop
      vertex -1.55 13.6 16.6847
      vertex -0.47897 13.6 15.579
      vertex -0.321898 13.6 15.6183
    endloop
  endfacet
  facet normal 0 -1 0
    outer loop
      vertex -1.55 13.6 16.6847
      vertex -0.631427 13.6 15.5244
      vertex -0.47897 13.6 15.579
    endloop
  endfacet
  facet normal 0 -1 0
    outer loop
      vertex -1.55 13.6 16.6847
      vertex -0.777804 13.6 15.4552
      vertex -0.631427 13.6 15.5244
    endloop
  endfacet
  facet normal 0 -1 0
    outer loop
      vertex -1.55 13.6 16.6847
      vertex -0.916691 13.6 15.3719
      vertex -0.777804 13.6 15.4552
    endloop
  endfacet
  facet normal 0 -1 0
    outer loop
      vertex -1.55 13.6 16.6847
      vertex -1.04675 13.6 15.2755
      vertex -0.916691 13.6 15.3719
    endloop
  endfacet
  facet normal 0 -1 0
    outer loop
      vertex -1.55 13.6 16.6847
      vertex -1.16673 13.6 15.1667
      vertex -1.04675 13.6 15.2755
    endloop
  endfacet
  facet normal 0 -1 0
    outer loop
      vertex -1.55 13.6 16.6847
      vertex -1.27547 13.6 15.0467
      vertex -1.16673 13.6 15.1667
    endloop
  endfacet
  facet normal 0 -1 0
    outer loop
      vertex -1.55 13.6 16.6847
      vertex -1.37192 13.6 14.9167
      vertex -1.27547 13.6 15.0467
    endloop
  endfacet
  facet normal 0 -1 0
    outer loop
      vertex -1.55 13.6 16.6847
      vertex -1.45517 13.6 14.7778
      vertex -1.37192 13.6 14.9167
    endloop
  endfacet
  facet normal 0 -1 0
    outer loop
      vertex -3.1 13.6 14
      vertex -1.45517 13.6 14.7778
      vertex -1.55 13.6 16.6847
    endloop
  endfacet
  facet normal 0 -1 0
    outer loop
      vertex -1.45517 13.6 14.7778
      vertex -3.1 13.6 14
      vertex -1.5244 13.6 14.6314
    endloop
  endfacet
  facet normal 0 -1 0
    outer loop
      vertex -1.5244 13.6 14.6314
      vertex -3.1 13.6 14
      vertex -1.57895 13.6 14.479
    endloop
  endfacet
  facet normal 0 -1 0
    outer loop
      vertex -1.57895 13.6 14.479
      vertex -3.1 13.6 14
      vertex -1.6183 13.6 14.3219
    endloop
  endfacet
  facet normal 0 -1 0
    outer loop
      vertex -1.6183 13.6 14.3219
      vertex -3.1 13.6 14
      vertex -1.64205 13.6 14.1617
    endloop
  endfacet
  facet normal 0 -1 0
    outer loop
      vertex -3.1 13.6 14
      vertex -1.65 13.6 14
      vertex -1.64205 13.6 14.1617
    endloop
  endfacet
  facet normal 0 -1 0
    outer loop
      vertex -3.1 13.6 14
      vertex -1.64205 13.6 13.8383
      vertex -1.65 13.6 14
    endloop
  endfacet
  facet normal 0 -1 0
    outer loop
      vertex -3.1 13.6 14
      vertex -1.6183 13.6 13.6781
      vertex -1.64205 13.6 13.8383
    endloop
  endfacet
  facet normal 0 -1 0
    outer loop
      vertex -3.1 13.6 14
      vertex -1.57895 13.6 13.521
      vertex -1.6183 13.6 13.6781
    endloop
  endfacet
  facet normal 0 -1 0
    outer loop
      vertex -3.1 13.6 14
      vertex -1.5244 13.6 13.3686
      vertex -1.57895 13.6 13.521
    endloop
  endfacet
  facet normal 0 -1 0
    outer loop
      vertex -3.1 13.6 14
      vertex -1.45517 13.6 13.2222
      vertex -1.5244 13.6 13.3686
    endloop
  endfacet
  facet normal 0 -1 0
    outer loop
      vertex -1.55 13.6 11.3153
      vertex -1.45517 13.6 13.2222
      vertex -3.1 13.6 14
    endloop
  endfacet
  facet normal 0 -1 -0
    outer loop
      vertex -1.45517 13.6 13.2222
      vertex -1.55 13.6 11.3153
      vertex -1.37192 13.6 13.0833
    endloop
  endfacet
  facet normal 0 -1 -0
    outer loop
      vertex -1.37192 13.6 13.0833
      vertex -1.55 13.6 11.3153
      vertex -1.27547 13.6 12.9533
    endloop
  endfacet
  facet normal 0 -1 -0
    outer loop
      vertex -1.27547 13.6 12.9533
      vertex -1.55 13.6 11.3153
      vertex -1.16673 13.6 12.8333
    endloop
  endfacet
  facet normal 0 -1 -0
    outer loop
      vertex -1.16673 13.6 12.8333
      vertex -1.55 13.6 11.3153
      vertex -1.04675 13.6 12.7245
    endloop
  endfacet
  facet normal 0 -1 -0
    outer loop
      vertex -0.161728 13.6 12.3579
      vertex -1.55 13.6 11.3153
      vertex 0 13.6 12.35
    endloop
  endfacet
  facet normal 0 -1 -0
    outer loop
      vertex -0.321898 13.6 12.3817
      vertex -1.55 13.6 11.3153
      vertex -0.161728 13.6 12.3579
    endloop
  endfacet
  facet normal 0 -1 -0
    outer loop
      vertex -0.47897 13.6 12.421
      vertex -1.55 13.6 11.3153
      vertex -0.321898 13.6 12.3817
    endloop
  endfacet
  facet normal 0 -1 -0
    outer loop
      vertex -0.631427 13.6 12.4756
      vertex -1.55 13.6 11.3153
      vertex -0.47897 13.6 12.421
    endloop
  endfacet
  facet normal 0 -1 -0
    outer loop
      vertex -0.777804 13.6 12.5448
      vertex -1.55 13.6 11.3153
      vertex -0.631427 13.6 12.4756
    endloop
  endfacet
  facet normal 0 -1 -0
    outer loop
      vertex -0.916691 13.6 12.6281
      vertex -1.55 13.6 11.3153
      vertex -0.777804 13.6 12.5448
    endloop
  endfacet
  facet normal 0 -1 -0
    outer loop
      vertex -1.04675 13.6 12.7245
      vertex -1.55 13.6 11.3153
      vertex -0.916691 13.6 12.6281
    endloop
  endfacet
  facet normal 0 -1 0
    outer loop
      vertex 0.161728 13.6 15.6421
      vertex 1.55 13.6 16.6847
      vertex 0 13.6 15.65
    endloop
  endfacet
  facet normal 0 -1 0
    outer loop
      vertex 0.321898 13.6 15.6183
      vertex 1.55 13.6 16.6847
      vertex 0.161728 13.6 15.6421
    endloop
  endfacet
  facet normal 0 -1 0
    outer loop
      vertex 0.47897 13.6 15.579
      vertex 1.55 13.6 16.6847
      vertex 0.321898 13.6 15.6183
    endloop
  endfacet
  facet normal 0 -1 0
    outer loop
      vertex 0.631427 13.6 15.5244
      vertex 1.55 13.6 16.6847
      vertex 0.47897 13.6 15.579
    endloop
  endfacet
  facet normal 0 -1 0
    outer loop
      vertex 0.777804 13.6 15.4552
      vertex 1.55 13.6 16.6847
      vertex 0.631427 13.6 15.5244
    endloop
  endfacet
  facet normal 0 -1 0
    outer loop
      vertex 0.916691 13.6 15.3719
      vertex 1.55 13.6 16.6847
      vertex 0.777804 13.6 15.4552
    endloop
  endfacet
  facet normal 0 -1 0
    outer loop
      vertex 1.04675 13.6 15.2755
      vertex 1.55 13.6 16.6847
      vertex 0.916691 13.6 15.3719
    endloop
  endfacet
  facet normal 0 -1 0
    outer loop
      vertex 1.16673 13.6 15.1667
      vertex 1.55 13.6 16.6847
      vertex 1.04675 13.6 15.2755
    endloop
  endfacet
  facet normal 0 -1 0
    outer loop
      vertex 1.27547 13.6 15.0467
      vertex 1.55 13.6 16.6847
      vertex 1.16673 13.6 15.1667
    endloop
  endfacet
  facet normal 0 -1 0
    outer loop
      vertex 1.37192 13.6 14.9167
      vertex 1.55 13.6 16.6847
      vertex 1.27547 13.6 15.0467
    endloop
  endfacet
  facet normal 0 -1 0
    outer loop
      vertex 1.45517 13.6 14.7778
      vertex 1.55 13.6 16.6847
      vertex 1.37192 13.6 14.9167
    endloop
  endfacet
  facet normal 0 -1 0
    outer loop
      vertex 3.1 13.6 14
      vertex 1.45517 13.6 14.7778
      vertex 1.5244 13.6 14.6314
    endloop
  endfacet
  facet normal 0 -1 0
    outer loop
      vertex 3.1 13.6 14
      vertex 1.5244 13.6 14.6314
      vertex 1.57895 13.6 14.479
    endloop
  endfacet
  facet normal 0 -1 0
    outer loop
      vertex 3.1 13.6 14
      vertex 1.57895 13.6 14.479
      vertex 1.6183 13.6 14.3219
    endloop
  endfacet
  facet normal 0 -1 0
    outer loop
      vertex 3.1 13.6 14
      vertex 1.6183 13.6 14.3219
      vertex 1.64205 13.6 14.1617
    endloop
  endfacet
  facet normal 0 -1 0
    outer loop
      vertex 3.1 13.6 14
      vertex 1.64205 13.6 14.1617
      vertex 1.65 13.6 14
    endloop
  endfacet
  facet normal 0 -1 0
    outer loop
      vertex 1.45517 13.6 14.7778
      vertex 3.1 13.6 14
      vertex 1.55 13.6 16.6847
    endloop
  endfacet
  facet normal 0 -1 0
    outer loop
      vertex 1.64205 13.6 13.8383
      vertex 3.1 13.6 14
      vertex 1.65 13.6 14
    endloop
  endfacet
  facet normal 0 -1 0
    outer loop
      vertex 1.6183 13.6 13.6781
      vertex 3.1 13.6 14
      vertex 1.64205 13.6 13.8383
    endloop
  endfacet
  facet normal 0 -1 0
    outer loop
      vertex 1.57895 13.6 13.521
      vertex 3.1 13.6 14
      vertex 1.6183 13.6 13.6781
    endloop
  endfacet
  facet normal 0 -1 0
    outer loop
      vertex 1.5244 13.6 13.3686
      vertex 3.1 13.6 14
      vertex 1.57895 13.6 13.521
    endloop
  endfacet
  facet normal 0 -1 0
    outer loop
      vertex 1.45517 13.6 13.2222
      vertex 3.1 13.6 14
      vertex 1.5244 13.6 13.3686
    endloop
  endfacet
  facet normal 0 -1 0
    outer loop
      vertex 1.55 13.6 11.3153
      vertex 1.45517 13.6 13.2222
      vertex 1.37192 13.6 13.0833
    endloop
  endfacet
  facet normal 0 -1 0
    outer loop
      vertex 1.55 13.6 11.3153
      vertex 1.37192 13.6 13.0833
      vertex 1.27547 13.6 12.9533
    endloop
  endfacet
  facet normal 0 -1 0
    outer loop
      vertex 1.55 13.6 11.3153
      vertex 1.27547 13.6 12.9533
      vertex 1.16673 13.6 12.8333
    endloop
  endfacet
  facet normal 0 -1 0
    outer loop
      vertex 1.55 13.6 11.3153
      vertex 1.16673 13.6 12.8333
      vertex 1.04675 13.6 12.7245
    endloop
  endfacet
  facet normal 0 -1 0
    outer loop
      vertex 1.55 13.6 11.3153
      vertex 1.04675 13.6 12.7245
      vertex 0.916691 13.6 12.6281
    endloop
  endfacet
  facet normal 0 -1 0
    outer loop
      vertex 1.55 13.6 11.3153
      vertex 0 13.6 12.35
      vertex -1.55 13.6 11.3153
    endloop
  endfacet
  facet normal 0 -1 0
    outer loop
      vertex 0 13.6 12.35
      vertex 1.55 13.6 11.3153
      vertex 0.161728 13.6 12.3579
    endloop
  endfacet
  facet normal 0 -1 0
    outer loop
      vertex 0.161728 13.6 12.3579
      vertex 1.55 13.6 11.3153
      vertex 0.321898 13.6 12.3817
    endloop
  endfacet
  facet normal 0 -1 0
    outer loop
      vertex 0.321898 13.6 12.3817
      vertex 1.55 13.6 11.3153
      vertex 0.47897 13.6 12.421
    endloop
  endfacet
  facet normal 0 -1 0
    outer loop
      vertex 0.47897 13.6 12.421
      vertex 1.55 13.6 11.3153
      vertex 0.631427 13.6 12.4756
    endloop
  endfacet
  facet normal 0 -1 0
    outer loop
      vertex 1.45517 13.6 13.2222
      vertex 1.55 13.6 11.3153
      vertex 3.1 13.6 14
    endloop
  endfacet
  facet normal 0 -1 0
    outer loop
      vertex 0.777804 13.6 12.5448
      vertex 1.55 13.6 11.3153
      vertex 0.916691 13.6 12.6281
    endloop
  endfacet
  facet normal 0 -1 0
    outer loop
      vertex 0.631427 13.6 12.4756
      vertex 1.55 13.6 11.3153
      vertex 0.777804 13.6 12.5448
    endloop
  endfacet
  facet normal 0 0 -1
    outer loop
      vertex -1.55 10.4 16.6847
      vertex 1.55 13.6 16.6847
      vertex 1.55 10.4 16.6847
    endloop
  endfacet
  facet normal -0 0 -1
    outer loop
      vertex 1.55 13.6 16.6847
      vertex -1.55 10.4 16.6847
      vertex -1.55 13.6 16.6847
    endloop
  endfacet
endsolid OpenSCAD_Model
