solid OpenSCAD_Model
  facet normal -0.989217 -0.146457 0
    outer loop
      vertex -20.3604 0.210736 -12.35
      vertex -20.3913 0.419444 -4.55
      vertex -20.3913 0.419444 -12.35
    endloop
  endfacet
  facet normal -0.989217 -0.146457 0
    outer loop
      vertex -20.3913 0.419444 -4.55
      vertex -20.3604 0.210736 -12.35
      vertex -20.3604 0.210736 -4.55
    endloop
  endfacet
  facet normal -0.989217 -0.146457 0
    outer loop
      vertex -20.3604 0.210736 8.55
      vertex -20.3913 0.419444 12.35
      vertex -20.3913 0.419444 8.55
    endloop
  endfacet
  facet normal -0.989217 -0.146457 0
    outer loop
      vertex -20.3913 0.419444 12.35
      vertex -20.3604 0.210736 8.55
      vertex -20.3604 0.210736 12.35
    endloop
  endfacet
  facet normal -0.998784 -0.0492909 0
    outer loop
      vertex -20.35 0 -12.35
      vertex -20.3604 0.210736 -4.55
      vertex -20.3604 0.210736 -12.35
    endloop
  endfacet
  facet normal -0.998784 -0.0492909 0
    outer loop
      vertex -20.3604 0.210736 -4.55
      vertex -20.35 0 -12.35
      vertex -20.35 0 -4.55
    endloop
  endfacet
  facet normal -0.998784 -0.0492909 0
    outer loop
      vertex -20.35 0 8.55
      vertex -20.3604 0.210736 12.35
      vertex -20.3604 0.210736 8.55
    endloop
  endfacet
  facet normal -0.998784 -0.0492909 0
    outer loop
      vertex -20.3604 0.210736 12.35
      vertex -20.35 0 8.55
      vertex -20.35 0 12.35
    endloop
  endfacet
  facet normal -0.969994 -0.24313 0
    outer loop
      vertex -20.3913 0.419444 -12.35
      vertex -20.4426 0.624111 -4.55
      vertex -20.4426 0.624111 -12.35
    endloop
  endfacet
  facet normal -0.969994 -0.24313 0
    outer loop
      vertex -20.4426 0.624111 -4.55
      vertex -20.3913 0.419444 -12.35
      vertex -20.3913 0.419444 -4.55
    endloop
  endfacet
  facet normal -0.969994 -0.24313 0
    outer loop
      vertex -20.3913 0.419444 8.55
      vertex -20.4426 0.624111 12.35
      vertex -20.4426 0.624111 8.55
    endloop
  endfacet
  facet normal -0.969994 -0.24313 0
    outer loop
      vertex -20.4426 0.624111 12.35
      vertex -20.3913 0.419444 8.55
      vertex -20.3913 0.419444 12.35
    endloop
  endfacet
  facet normal -0.427616 0.903961 0
    outer loop
      vertex -21.4865 -1.89613 -12.35
      vertex -21.6772 -1.98634 -4.55
      vertex -21.4865 -1.89613 -4.55
    endloop
  endfacet
  facet normal -0.427616 0.903961 0
    outer loop
      vertex -21.6772 -1.98634 -4.55
      vertex -21.4865 -1.89613 -12.35
      vertex -21.6772 -1.98634 -12.35
    endloop
  endfacet
  facet normal -0.427616 0.903961 0
    outer loop
      vertex -21.4865 -1.89613 8.55
      vertex -21.6772 -1.98634 12.35
      vertex -21.4865 -1.89613 12.35
    endloop
  endfacet
  facet normal -0.427616 0.903961 0
    outer loop
      vertex -21.6772 -1.98634 12.35
      vertex -21.4865 -1.89613 8.55
      vertex -21.6772 -1.98634 8.55
    endloop
  endfacet
  facet normal 0.595866 -0.803084 0
    outer loop
      vertex -23.8639 1.66197 -12.35
      vertex -23.6945 1.78766 -4.55
      vertex -23.8639 1.66197 -4.55
    endloop
  endfacet
  facet normal 0.595866 -0.803084 0
    outer loop
      vertex -23.6945 1.78766 -4.55
      vertex -23.8639 1.66197 -12.35
      vertex -23.6945 1.78766 -12.35
    endloop
  endfacet
  facet normal 0.595866 -0.803084 0
    outer loop
      vertex -23.8639 1.66197 8.55
      vertex -23.6945 1.78766 12.35
      vertex -23.8639 1.66197 12.35
    endloop
  endfacet
  facet normal 0.595866 -0.803084 0
    outer loop
      vertex -23.6945 1.78766 12.35
      vertex -23.8639 1.66197 8.55
      vertex -23.6945 1.78766 8.55
    endloop
  endfacet
  facet normal -0.242959 -0.970036 0
    outer loop
      vertex -22.0806 2.10869 -12.35
      vertex -21.8759 2.05742 -4.55
      vertex -22.0806 2.10869 -4.55
    endloop
  endfacet
  facet normal -0.242959 -0.970036 -0
    outer loop
      vertex -21.8759 2.05742 -4.55
      vertex -22.0806 2.10869 -12.35
      vertex -21.8759 2.05742 -12.35
    endloop
  endfacet
  facet normal -0.242959 -0.970036 0
    outer loop
      vertex -22.0806 2.10869 8.55
      vertex -21.8759 2.05742 12.35
      vertex -22.0806 2.10869 12.35
    endloop
  endfacet
  facet normal -0.242959 -0.970036 -0
    outer loop
      vertex -21.8759 2.05742 12.35
      vertex -22.0806 2.10869 8.55
      vertex -21.8759 2.05742 8.55
    endloop
  endfacet
  facet normal 0.904006 -0.42752 0
    outer loop
      vertex -24.4863 0.822769 -4.55
      vertex -24.3961 1.0135 -12.35
      vertex -24.3961 1.0135 -4.55
    endloop
  endfacet
  facet normal 0.904006 -0.42752 0
    outer loop
      vertex -24.3961 1.0135 -12.35
      vertex -24.4863 0.822769 -4.55
      vertex -24.4863 0.822769 -12.35
    endloop
  endfacet
  facet normal 0.904006 -0.42752 0
    outer loop
      vertex -24.4863 0.822769 12.35
      vertex -24.3961 1.0135 8.55
      vertex -24.3961 1.0135 12.35
    endloop
  endfacet
  facet normal 0.904006 -0.42752 0
    outer loop
      vertex -24.3961 1.0135 8.55
      vertex -24.4863 0.822769 12.35
      vertex -24.4863 0.822769 8.55
    endloop
  endfacet
  facet normal 0.969994 -0.24313 0
    outer loop
      vertex -24.6087 0.419444 -4.55
      vertex -24.5574 0.624111 -12.35
      vertex -24.5574 0.624111 -4.55
    endloop
  endfacet
  facet normal 0.969994 -0.24313 0
    outer loop
      vertex -24.5574 0.624111 -12.35
      vertex -24.6087 0.419444 -4.55
      vertex -24.6087 0.419444 -12.35
    endloop
  endfacet
  facet normal 0.969994 -0.24313 0
    outer loop
      vertex -24.6087 0.419444 12.35
      vertex -24.5574 0.624111 8.55
      vertex -24.5574 0.624111 12.35
    endloop
  endfacet
  facet normal 0.969994 -0.24313 0
    outer loop
      vertex -24.5574 0.624111 8.55
      vertex -24.6087 0.419444 12.35
      vertex -24.6087 0.419444 8.55
    endloop
  endfacet
  facet normal -0.514043 0.857765 0
    outer loop
      vertex -21.3055 -1.78766 -12.35
      vertex -21.4865 -1.89613 -4.55
      vertex -21.3055 -1.78766 -4.55
    endloop
  endfacet
  facet normal -0.514043 0.857765 0
    outer loop
      vertex -21.4865 -1.89613 -4.55
      vertex -21.3055 -1.78766 -12.35
      vertex -21.4865 -1.89613 -12.35
    endloop
  endfacet
  facet normal -0.514043 0.857765 0
    outer loop
      vertex -21.3055 -1.78766 8.55
      vertex -21.4865 -1.89613 12.35
      vertex -21.3055 -1.78766 12.35
    endloop
  endfacet
  facet normal -0.514043 0.857765 0
    outer loop
      vertex -21.4865 -1.89613 12.35
      vertex -21.3055 -1.78766 8.55
      vertex -21.4865 -1.89613 8.55
    endloop
  endfacet
  facet normal -0.242959 0.970036 0
    outer loop
      vertex -21.8759 -2.05742 -12.35
      vertex -22.0806 -2.10869 -4.55
      vertex -21.8759 -2.05742 -4.55
    endloop
  endfacet
  facet normal -0.242959 0.970036 0
    outer loop
      vertex -22.0806 -2.10869 -4.55
      vertex -21.8759 -2.05742 -12.35
      vertex -22.0806 -2.10869 -12.35
    endloop
  endfacet
  facet normal -0.242959 0.970036 0
    outer loop
      vertex -21.8759 -2.05742 8.55
      vertex -22.0806 -2.10869 12.35
      vertex -21.8759 -2.05742 12.35
    endloop
  endfacet
  facet normal -0.242959 0.970036 0
    outer loop
      vertex -22.0806 -2.10869 12.35
      vertex -21.8759 -2.05742 8.55
      vertex -22.0806 -2.10869 8.55
    endloop
  endfacet
  facet normal -0.0490628 -0.998796 0
    outer loop
      vertex -22.5 2.15 -12.35
      vertex -22.2893 2.13965 -4.55
      vertex -22.5 2.15 -4.55
    endloop
  endfacet
  facet normal -0.0490628 -0.998796 -0
    outer loop
      vertex -22.2893 2.13965 -4.55
      vertex -22.5 2.15 -12.35
      vertex -22.2893 2.13965 -12.35
    endloop
  endfacet
  facet normal -0.0490628 -0.998796 0
    outer loop
      vertex -22.5 2.15 8.55
      vertex -22.2893 2.13965 12.35
      vertex -22.5 2.15 12.35
    endloop
  endfacet
  facet normal -0.0490628 -0.998796 -0
    outer loop
      vertex -22.2893 2.13965 12.35
      vertex -22.5 2.15 8.55
      vertex -22.2893 2.13965 8.55
    endloop
  endfacet
  facet normal -0.146741 -0.989175 0
    outer loop
      vertex -22.2893 2.13965 -12.35
      vertex -22.0806 2.10869 -4.55
      vertex -22.2893 2.13965 -4.55
    endloop
  endfacet
  facet normal -0.146741 -0.989175 -0
    outer loop
      vertex -22.0806 2.10869 -4.55
      vertex -22.2893 2.13965 -12.35
      vertex -22.0806 2.10869 -12.35
    endloop
  endfacet
  facet normal -0.146741 -0.989175 0
    outer loop
      vertex -22.2893 2.13965 8.55
      vertex -22.0806 2.10869 12.35
      vertex -22.2893 2.13965 12.35
    endloop
  endfacet
  facet normal -0.146741 -0.989175 -0
    outer loop
      vertex -22.0806 2.10869 12.35
      vertex -22.2893 2.13965 8.55
      vertex -22.0806 2.10869 8.55
    endloop
  endfacet
  facet normal -0.427616 -0.903961 0
    outer loop
      vertex -21.6772 1.98634 -12.35
      vertex -21.4865 1.89613 -4.55
      vertex -21.6772 1.98634 -4.55
    endloop
  endfacet
  facet normal -0.427616 -0.903961 -0
    outer loop
      vertex -21.4865 1.89613 -4.55
      vertex -21.6772 1.98634 -12.35
      vertex -21.4865 1.89613 -12.35
    endloop
  endfacet
  facet normal -0.427616 -0.903961 0
    outer loop
      vertex -21.6772 1.98634 8.55
      vertex -21.4865 1.89613 12.35
      vertex -21.6772 1.98634 12.35
    endloop
  endfacet
  facet normal -0.427616 -0.903961 -0
    outer loop
      vertex -21.4865 1.89613 12.35
      vertex -21.6772 1.98634 8.55
      vertex -21.4865 1.89613 8.55
    endloop
  endfacet
  facet normal -0.146741 0.989175 0
    outer loop
      vertex -22.0806 -2.10869 -12.35
      vertex -22.2893 -2.13965 -4.55
      vertex -22.0806 -2.10869 -4.55
    endloop
  endfacet
  facet normal -0.146741 0.989175 0
    outer loop
      vertex -22.2893 -2.13965 -4.55
      vertex -22.0806 -2.10869 -12.35
      vertex -22.2893 -2.13965 -12.35
    endloop
  endfacet
  facet normal -0.146741 0.989175 0
    outer loop
      vertex -22.0806 -2.10869 8.55
      vertex -22.2893 -2.13965 12.35
      vertex -22.0806 -2.10869 12.35
    endloop
  endfacet
  facet normal -0.146741 0.989175 0
    outer loop
      vertex -22.2893 -2.13965 12.35
      vertex -22.0806 -2.10869 8.55
      vertex -22.2893 -2.13965 8.55
    endloop
  endfacet
  facet normal -0.803179 0.595737 0
    outer loop
      vertex -20.838 -1.36395 -12.35
      vertex -20.7123 -1.19448 -4.55
      vertex -20.7123 -1.19448 -12.35
    endloop
  endfacet
  facet normal -0.803179 0.595737 0
    outer loop
      vertex -20.7123 -1.19448 -4.55
      vertex -20.838 -1.36395 -12.35
      vertex -20.838 -1.36395 -4.55
    endloop
  endfacet
  facet normal -0.803179 0.595737 0
    outer loop
      vertex -20.838 -1.36395 8.55
      vertex -20.7123 -1.19448 12.35
      vertex -20.7123 -1.19448 8.55
    endloop
  endfacet
  facet normal -0.803179 0.595737 0
    outer loop
      vertex -20.7123 -1.19448 12.35
      vertex -20.838 -1.36395 8.55
      vertex -20.838 -1.36395 12.35
    endloop
  endfacet
  facet normal 0.740926 0.671587 0
    outer loop
      vertex -24.0203 -1.52028 -4.55
      vertex -24.162 -1.36395 -12.35
      vertex -24.162 -1.36395 -4.55
    endloop
  endfacet
  facet normal 0.740926 0.671587 0
    outer loop
      vertex -24.162 -1.36395 -12.35
      vertex -24.0203 -1.52028 -4.55
      vertex -24.0203 -1.52028 -12.35
    endloop
  endfacet
  facet normal 0.740926 0.671587 0
    outer loop
      vertex -24.0203 -1.52028 12.35
      vertex -24.162 -1.36395 8.55
      vertex -24.162 -1.36395 12.35
    endloop
  endfacet
  facet normal 0.740926 0.671587 0
    outer loop
      vertex -24.162 -1.36395 8.55
      vertex -24.0203 -1.52028 12.35
      vertex -24.0203 -1.52028 8.55
    endloop
  endfacet
  facet normal 0.514043 -0.857765 0
    outer loop
      vertex -23.6945 1.78766 -12.35
      vertex -23.5135 1.89613 -4.55
      vertex -23.6945 1.78766 -4.55
    endloop
  endfacet
  facet normal 0.514043 -0.857765 0
    outer loop
      vertex -23.5135 1.89613 -4.55
      vertex -23.6945 1.78766 -12.35
      vertex -23.5135 1.89613 -12.35
    endloop
  endfacet
  facet normal 0.514043 -0.857765 0
    outer loop
      vertex -23.6945 1.78766 8.55
      vertex -23.5135 1.89613 12.35
      vertex -23.6945 1.78766 12.35
    endloop
  endfacet
  facet normal 0.514043 -0.857765 0
    outer loop
      vertex -23.5135 1.89613 12.35
      vertex -23.6945 1.78766 8.55
      vertex -23.5135 1.89613 8.55
    endloop
  endfacet
  facet normal -0.989217 0.146457 0
    outer loop
      vertex -20.3913 -0.419444 -12.35
      vertex -20.3604 -0.210736 -4.55
      vertex -20.3604 -0.210736 -12.35
    endloop
  endfacet
  facet normal -0.989217 0.146457 0
    outer loop
      vertex -20.3604 -0.210736 -4.55
      vertex -20.3913 -0.419444 -12.35
      vertex -20.3913 -0.419444 -4.55
    endloop
  endfacet
  facet normal -0.989217 0.146457 0
    outer loop
      vertex -20.3913 -0.419444 8.55
      vertex -20.3604 -0.210736 12.35
      vertex -20.3604 -0.210736 8.55
    endloop
  endfacet
  facet normal -0.989217 0.146457 0
    outer loop
      vertex -20.3604 -0.210736 12.35
      vertex -20.3913 -0.419444 8.55
      vertex -20.3913 -0.419444 12.35
    endloop
  endfacet
  facet normal 0.146741 0.989175 -0
    outer loop
      vertex -22.7107 -2.13965 -12.35
      vertex -22.9194 -2.10869 -4.55
      vertex -22.7107 -2.13965 -4.55
    endloop
  endfacet
  facet normal 0.146741 0.989175 0
    outer loop
      vertex -22.9194 -2.10869 -4.55
      vertex -22.7107 -2.13965 -12.35
      vertex -22.9194 -2.10869 -12.35
    endloop
  endfacet
  facet normal 0.146741 0.989175 -0
    outer loop
      vertex -22.7107 -2.13965 8.55
      vertex -22.9194 -2.10869 12.35
      vertex -22.7107 -2.13965 12.35
    endloop
  endfacet
  facet normal 0.146741 0.989175 0
    outer loop
      vertex -22.9194 -2.10869 12.35
      vertex -22.7107 -2.13965 8.55
      vertex -22.9194 -2.10869 8.55
    endloop
  endfacet
  facet normal -0.595866 0.803084 0
    outer loop
      vertex -21.1361 -1.66197 -12.35
      vertex -21.3055 -1.78766 -4.55
      vertex -21.1361 -1.66197 -4.55
    endloop
  endfacet
  facet normal -0.595866 0.803084 0
    outer loop
      vertex -21.3055 -1.78766 -4.55
      vertex -21.1361 -1.66197 -12.35
      vertex -21.3055 -1.78766 -12.35
    endloop
  endfacet
  facet normal -0.595866 0.803084 0
    outer loop
      vertex -21.1361 -1.66197 8.55
      vertex -21.3055 -1.78766 12.35
      vertex -21.1361 -1.66197 12.35
    endloop
  endfacet
  facet normal -0.595866 0.803084 0
    outer loop
      vertex -21.3055 -1.78766 12.35
      vertex -21.1361 -1.66197 8.55
      vertex -21.3055 -1.78766 8.55
    endloop
  endfacet
  facet normal 0.0490628 0.998796 -0
    outer loop
      vertex -22.5 -2.15 -12.35
      vertex -22.7107 -2.13965 -4.55
      vertex -22.5 -2.15 -4.55
    endloop
  endfacet
  facet normal 0.0490628 0.998796 0
    outer loop
      vertex -22.7107 -2.13965 -4.55
      vertex -22.5 -2.15 -12.35
      vertex -22.7107 -2.13965 -12.35
    endloop
  endfacet
  facet normal 0.0490628 0.998796 -0
    outer loop
      vertex -22.5 -2.15 8.55
      vertex -22.7107 -2.13965 12.35
      vertex -22.5 -2.15 12.35
    endloop
  endfacet
  facet normal 0.0490628 0.998796 0
    outer loop
      vertex -22.7107 -2.13965 12.35
      vertex -22.5 -2.15 8.55
      vertex -22.7107 -2.13965 8.55
    endloop
  endfacet
  facet normal -0.595866 -0.803084 0
    outer loop
      vertex -21.3055 1.78766 -12.35
      vertex -21.1361 1.66197 -4.55
      vertex -21.3055 1.78766 -4.55
    endloop
  endfacet
  facet normal -0.595866 -0.803084 -0
    outer loop
      vertex -21.1361 1.66197 -4.55
      vertex -21.3055 1.78766 -12.35
      vertex -21.1361 1.66197 -12.35
    endloop
  endfacet
  facet normal -0.595866 -0.803084 0
    outer loop
      vertex -21.3055 1.78766 8.55
      vertex -21.1361 1.66197 12.35
      vertex -21.3055 1.78766 12.35
    endloop
  endfacet
  facet normal -0.595866 -0.803084 -0
    outer loop
      vertex -21.1361 1.66197 12.35
      vertex -21.3055 1.78766 8.55
      vertex -21.1361 1.66197 8.55
    endloop
  endfacet
  facet normal -0.969994 0.24313 0
    outer loop
      vertex -20.4426 -0.624111 -12.35
      vertex -20.3913 -0.419444 -4.55
      vertex -20.3913 -0.419444 -12.35
    endloop
  endfacet
  facet normal -0.969994 0.24313 0
    outer loop
      vertex -20.3913 -0.419444 -4.55
      vertex -20.4426 -0.624111 -12.35
      vertex -20.4426 -0.624111 -4.55
    endloop
  endfacet
  facet normal -0.969994 0.24313 0
    outer loop
      vertex -20.4426 -0.624111 8.55
      vertex -20.3913 -0.419444 12.35
      vertex -20.3913 -0.419444 8.55
    endloop
  endfacet
  facet normal -0.969994 0.24313 0
    outer loop
      vertex -20.3913 -0.419444 12.35
      vertex -20.4426 -0.624111 8.55
      vertex -20.4426 -0.624111 12.35
    endloop
  endfacet
  facet normal 0.989217 -0.146457 0
    outer loop
      vertex -24.6396 0.210736 -4.55
      vertex -24.6087 0.419444 -12.35
      vertex -24.6087 0.419444 -4.55
    endloop
  endfacet
  facet normal 0.989217 -0.146457 0
    outer loop
      vertex -24.6087 0.419444 -12.35
      vertex -24.6396 0.210736 -4.55
      vertex -24.6396 0.210736 -12.35
    endloop
  endfacet
  facet normal 0.989217 -0.146457 0
    outer loop
      vertex -24.6396 0.210736 12.35
      vertex -24.6087 0.419444 8.55
      vertex -24.6087 0.419444 12.35
    endloop
  endfacet
  facet normal 0.989217 -0.146457 0
    outer loop
      vertex -24.6087 0.419444 8.55
      vertex -24.6396 0.210736 12.35
      vertex -24.6396 0.210736 8.55
    endloop
  endfacet
  facet normal 0.857886 -0.51384 0
    outer loop
      vertex -24.3961 1.0135 -4.55
      vertex -24.2877 1.19448 -12.35
      vertex -24.2877 1.19448 -4.55
    endloop
  endfacet
  facet normal 0.857886 -0.51384 0
    outer loop
      vertex -24.2877 1.19448 -12.35
      vertex -24.3961 1.0135 -4.55
      vertex -24.3961 1.0135 -12.35
    endloop
  endfacet
  facet normal 0.857886 -0.51384 0
    outer loop
      vertex -24.3961 1.0135 12.35
      vertex -24.2877 1.19448 8.55
      vertex -24.2877 1.19448 12.35
    endloop
  endfacet
  facet normal 0.857886 -0.51384 0
    outer loop
      vertex -24.2877 1.19448 8.55
      vertex -24.3961 1.0135 12.35
      vertex -24.3961 1.0135 8.55
    endloop
  endfacet
  facet normal 0.941515 0.33697 0
    outer loop
      vertex -24.4863 -0.822769 -4.55
      vertex -24.5574 -0.624111 -12.35
      vertex -24.5574 -0.624111 -4.55
    endloop
  endfacet
  facet normal 0.941515 0.33697 0
    outer loop
      vertex -24.5574 -0.624111 -12.35
      vertex -24.4863 -0.822769 -4.55
      vertex -24.4863 -0.822769 -12.35
    endloop
  endfacet
  facet normal 0.941515 0.33697 0
    outer loop
      vertex -24.4863 -0.822769 12.35
      vertex -24.5574 -0.624111 8.55
      vertex -24.5574 -0.624111 12.35
    endloop
  endfacet
  facet normal 0.941515 0.33697 0
    outer loop
      vertex -24.5574 -0.624111 8.55
      vertex -24.4863 -0.822769 12.35
      vertex -24.4863 -0.822769 8.55
    endloop
  endfacet
  facet normal 0.146741 -0.989175 0
    outer loop
      vertex -22.9194 2.10869 -12.35
      vertex -22.7107 2.13965 -4.55
      vertex -22.9194 2.10869 -4.55
    endloop
  endfacet
  facet normal 0.146741 -0.989175 0
    outer loop
      vertex -22.7107 2.13965 -4.55
      vertex -22.9194 2.10869 -12.35
      vertex -22.7107 2.13965 -12.35
    endloop
  endfacet
  facet normal 0.146741 -0.989175 0
    outer loop
      vertex -22.9194 2.10869 8.55
      vertex -22.7107 2.13965 12.35
      vertex -22.9194 2.10869 12.35
    endloop
  endfacet
  facet normal 0.146741 -0.989175 0
    outer loop
      vertex -22.7107 2.13965 12.35
      vertex -22.9194 2.10869 8.55
      vertex -22.7107 2.13965 8.55
    endloop
  endfacet
  facet normal -0.803179 -0.595737 0
    outer loop
      vertex -20.7123 1.19448 -12.35
      vertex -20.838 1.36395 -4.55
      vertex -20.838 1.36395 -12.35
    endloop
  endfacet
  facet normal -0.803179 -0.595737 0
    outer loop
      vertex -20.838 1.36395 -4.55
      vertex -20.7123 1.19448 -12.35
      vertex -20.7123 1.19448 -4.55
    endloop
  endfacet
  facet normal -0.803179 -0.595737 0
    outer loop
      vertex -20.7123 1.19448 8.55
      vertex -20.838 1.36395 12.35
      vertex -20.838 1.36395 8.55
    endloop
  endfacet
  facet normal -0.803179 -0.595737 0
    outer loop
      vertex -20.838 1.36395 12.35
      vertex -20.7123 1.19448 8.55
      vertex -20.7123 1.19448 12.35
    endloop
  endfacet
  facet normal 0.969994 0.24313 0
    outer loop
      vertex -24.5574 -0.624111 -4.55
      vertex -24.6087 -0.419444 -12.35
      vertex -24.6087 -0.419444 -4.55
    endloop
  endfacet
  facet normal 0.969994 0.24313 0
    outer loop
      vertex -24.6087 -0.419444 -12.35
      vertex -24.5574 -0.624111 -4.55
      vertex -24.5574 -0.624111 -12.35
    endloop
  endfacet
  facet normal 0.969994 0.24313 0
    outer loop
      vertex -24.5574 -0.624111 12.35
      vertex -24.6087 -0.419444 8.55
      vertex -24.6087 -0.419444 12.35
    endloop
  endfacet
  facet normal 0.969994 0.24313 0
    outer loop
      vertex -24.6087 -0.419444 8.55
      vertex -24.5574 -0.624111 12.35
      vertex -24.5574 -0.624111 8.55
    endloop
  endfacet
  facet normal 0.998784 0.0492909 0
    outer loop
      vertex -24.6396 -0.210736 -4.55
      vertex -24.65 0 -12.35
      vertex -24.65 0 -4.55
    endloop
  endfacet
  facet normal 0.998784 0.0492909 0
    outer loop
      vertex -24.65 0 -12.35
      vertex -24.6396 -0.210736 -4.55
      vertex -24.6396 -0.210736 -12.35
    endloop
  endfacet
  facet normal 0.998784 0.0492909 0
    outer loop
      vertex -24.6396 -0.210736 12.35
      vertex -24.65 0 8.55
      vertex -24.65 0 12.35
    endloop
  endfacet
  facet normal 0.998784 0.0492909 0
    outer loop
      vertex -24.65 0 8.55
      vertex -24.6396 -0.210736 12.35
      vertex -24.6396 -0.210736 8.55
    endloop
  endfacet
  facet normal -0.514043 -0.857765 0
    outer loop
      vertex -21.4865 1.89613 -12.35
      vertex -21.3055 1.78766 -4.55
      vertex -21.4865 1.89613 -4.55
    endloop
  endfacet
  facet normal -0.514043 -0.857765 -0
    outer loop
      vertex -21.3055 1.78766 -4.55
      vertex -21.4865 1.89613 -12.35
      vertex -21.3055 1.78766 -12.35
    endloop
  endfacet
  facet normal -0.514043 -0.857765 0
    outer loop
      vertex -21.4865 1.89613 8.55
      vertex -21.3055 1.78766 12.35
      vertex -21.4865 1.89613 12.35
    endloop
  endfacet
  facet normal -0.514043 -0.857765 -0
    outer loop
      vertex -21.3055 1.78766 12.35
      vertex -21.4865 1.89613 8.55
      vertex -21.3055 1.78766 8.55
    endloop
  endfacet
  facet normal -0.998784 0.0492909 0
    outer loop
      vertex -20.3604 -0.210736 -12.35
      vertex -20.35 0 -4.55
      vertex -20.35 0 -12.35
    endloop
  endfacet
  facet normal -0.998784 0.0492909 0
    outer loop
      vertex -20.35 0 -4.55
      vertex -20.3604 -0.210736 -12.35
      vertex -20.3604 -0.210736 -4.55
    endloop
  endfacet
  facet normal -0.998784 0.0492909 0
    outer loop
      vertex -20.3604 -0.210736 8.55
      vertex -20.35 0 12.35
      vertex -20.35 0 8.55
    endloop
  endfacet
  facet normal -0.998784 0.0492909 0
    outer loop
      vertex -20.35 0 12.35
      vertex -20.3604 -0.210736 8.55
      vertex -20.3604 -0.210736 12.35
    endloop
  endfacet
  facet normal -0.904006 0.42752 0
    outer loop
      vertex -20.6039 -1.0135 -12.35
      vertex -20.5137 -0.822769 -4.55
      vertex -20.5137 -0.822769 -12.35
    endloop
  endfacet
  facet normal -0.904006 0.42752 0
    outer loop
      vertex -20.5137 -0.822769 -4.55
      vertex -20.6039 -1.0135 -12.35
      vertex -20.6039 -1.0135 -4.55
    endloop
  endfacet
  facet normal -0.904006 0.42752 0
    outer loop
      vertex -20.6039 -1.0135 8.55
      vertex -20.5137 -0.822769 12.35
      vertex -20.5137 -0.822769 8.55
    endloop
  endfacet
  facet normal -0.904006 0.42752 0
    outer loop
      vertex -20.5137 -0.822769 12.35
      vertex -20.6039 -1.0135 8.55
      vertex -20.6039 -1.0135 12.35
    endloop
  endfacet
  facet normal -0.857886 -0.51384 0
    outer loop
      vertex -20.6039 1.0135 -12.35
      vertex -20.7123 1.19448 -4.55
      vertex -20.7123 1.19448 -12.35
    endloop
  endfacet
  facet normal -0.857886 -0.51384 0
    outer loop
      vertex -20.7123 1.19448 -4.55
      vertex -20.6039 1.0135 -12.35
      vertex -20.6039 1.0135 -4.55
    endloop
  endfacet
  facet normal -0.857886 -0.51384 0
    outer loop
      vertex -20.6039 1.0135 8.55
      vertex -20.7123 1.19448 12.35
      vertex -20.7123 1.19448 8.55
    endloop
  endfacet
  facet normal -0.857886 -0.51384 0
    outer loop
      vertex -20.7123 1.19448 12.35
      vertex -20.6039 1.0135 8.55
      vertex -20.6039 1.0135 12.35
    endloop
  endfacet
  facet normal -0.740926 -0.671587 0
    outer loop
      vertex -20.838 1.36395 -12.35
      vertex -20.9797 1.52028 -4.55
      vertex -20.9797 1.52028 -12.35
    endloop
  endfacet
  facet normal -0.740926 -0.671587 0
    outer loop
      vertex -20.9797 1.52028 -4.55
      vertex -20.838 1.36395 -12.35
      vertex -20.838 1.36395 -4.55
    endloop
  endfacet
  facet normal -0.740926 -0.671587 0
    outer loop
      vertex -20.838 1.36395 8.55
      vertex -20.9797 1.52028 12.35
      vertex -20.9797 1.52028 8.55
    endloop
  endfacet
  facet normal -0.740926 -0.671587 0
    outer loop
      vertex -20.9797 1.52028 12.35
      vertex -20.838 1.36395 8.55
      vertex -20.838 1.36395 12.35
    endloop
  endfacet
  facet normal 0.0490628 -0.998796 0
    outer loop
      vertex -22.7107 2.13965 -12.35
      vertex -22.5 2.15 -4.55
      vertex -22.7107 2.13965 -4.55
    endloop
  endfacet
  facet normal 0.0490628 -0.998796 0
    outer loop
      vertex -22.5 2.15 -4.55
      vertex -22.7107 2.13965 -12.35
      vertex -22.5 2.15 -12.35
    endloop
  endfacet
  facet normal 0.0490628 -0.998796 0
    outer loop
      vertex -22.7107 2.13965 8.55
      vertex -22.5 2.15 12.35
      vertex -22.7107 2.13965 12.35
    endloop
  endfacet
  facet normal 0.0490628 -0.998796 0
    outer loop
      vertex -22.5 2.15 12.35
      vertex -22.7107 2.13965 8.55
      vertex -22.5 2.15 8.55
    endloop
  endfacet
  facet normal 0.740926 -0.671587 0
    outer loop
      vertex -24.162 1.36395 -4.55
      vertex -24.0203 1.52028 -12.35
      vertex -24.0203 1.52028 -4.55
    endloop
  endfacet
  facet normal 0.740926 -0.671587 0
    outer loop
      vertex -24.0203 1.52028 -12.35
      vertex -24.162 1.36395 -4.55
      vertex -24.162 1.36395 -12.35
    endloop
  endfacet
  facet normal 0.740926 -0.671587 0
    outer loop
      vertex -24.162 1.36395 12.35
      vertex -24.0203 1.52028 8.55
      vertex -24.0203 1.52028 12.35
    endloop
  endfacet
  facet normal 0.740926 -0.671587 0
    outer loop
      vertex -24.0203 1.52028 8.55
      vertex -24.162 1.36395 12.35
      vertex -24.162 1.36395 8.55
    endloop
  endfacet
  facet normal 0.671396 0.741099 -0
    outer loop
      vertex -23.8639 -1.66197 -12.35
      vertex -24.0203 -1.52028 -4.55
      vertex -23.8639 -1.66197 -4.55
    endloop
  endfacet
  facet normal 0.671396 0.741099 0
    outer loop
      vertex -24.0203 -1.52028 -4.55
      vertex -23.8639 -1.66197 -12.35
      vertex -24.0203 -1.52028 -12.35
    endloop
  endfacet
  facet normal 0.671396 0.741099 -0
    outer loop
      vertex -23.8639 -1.66197 8.55
      vertex -24.0203 -1.52028 12.35
      vertex -23.8639 -1.66197 12.35
    endloop
  endfacet
  facet normal 0.671396 0.741099 0
    outer loop
      vertex -24.0203 -1.52028 12.35
      vertex -23.8639 -1.66197 8.55
      vertex -24.0203 -1.52028 8.55
    endloop
  endfacet
  facet normal -0.0490628 0.998796 0
    outer loop
      vertex -22.2893 -2.13965 -12.35
      vertex -22.5 -2.15 -4.55
      vertex -22.2893 -2.13965 -4.55
    endloop
  endfacet
  facet normal -0.0490628 0.998796 0
    outer loop
      vertex -22.5 -2.15 -4.55
      vertex -22.2893 -2.13965 -12.35
      vertex -22.5 -2.15 -12.35
    endloop
  endfacet
  facet normal -0.0490628 0.998796 0
    outer loop
      vertex -22.2893 -2.13965 8.55
      vertex -22.5 -2.15 12.35
      vertex -22.2893 -2.13965 12.35
    endloop
  endfacet
  facet normal -0.0490628 0.998796 0
    outer loop
      vertex -22.5 -2.15 12.35
      vertex -22.2893 -2.13965 8.55
      vertex -22.5 -2.15 8.55
    endloop
  endfacet
  facet normal -0.941515 -0.33697 0
    outer loop
      vertex -20.4426 0.624111 -12.35
      vertex -20.5137 0.822769 -4.55
      vertex -20.5137 0.822769 -12.35
    endloop
  endfacet
  facet normal -0.941515 -0.33697 0
    outer loop
      vertex -20.5137 0.822769 -4.55
      vertex -20.4426 0.624111 -12.35
      vertex -20.4426 0.624111 -4.55
    endloop
  endfacet
  facet normal -0.941515 -0.33697 0
    outer loop
      vertex -20.4426 0.624111 8.55
      vertex -20.5137 0.822769 12.35
      vertex -20.5137 0.822769 8.55
    endloop
  endfacet
  facet normal -0.941515 -0.33697 0
    outer loop
      vertex -20.5137 0.822769 12.35
      vertex -20.4426 0.624111 8.55
      vertex -20.4426 0.624111 12.35
    endloop
  endfacet
  facet normal -0.857886 0.51384 0
    outer loop
      vertex -20.7123 -1.19448 -12.35
      vertex -20.6039 -1.0135 -4.55
      vertex -20.6039 -1.0135 -12.35
    endloop
  endfacet
  facet normal -0.857886 0.51384 0
    outer loop
      vertex -20.6039 -1.0135 -4.55
      vertex -20.7123 -1.19448 -12.35
      vertex -20.7123 -1.19448 -4.55
    endloop
  endfacet
  facet normal -0.857886 0.51384 0
    outer loop
      vertex -20.7123 -1.19448 8.55
      vertex -20.6039 -1.0135 12.35
      vertex -20.6039 -1.0135 8.55
    endloop
  endfacet
  facet normal -0.857886 0.51384 0
    outer loop
      vertex -20.6039 -1.0135 12.35
      vertex -20.7123 -1.19448 8.55
      vertex -20.7123 -1.19448 12.35
    endloop
  endfacet
  facet normal -0.671396 -0.741099 0
    outer loop
      vertex -21.1361 1.66197 -12.35
      vertex -20.9797 1.52028 -4.55
      vertex -21.1361 1.66197 -4.55
    endloop
  endfacet
  facet normal -0.671396 -0.741099 -0
    outer loop
      vertex -20.9797 1.52028 -4.55
      vertex -21.1361 1.66197 -12.35
      vertex -20.9797 1.52028 -12.35
    endloop
  endfacet
  facet normal -0.671396 -0.741099 0
    outer loop
      vertex -21.1361 1.66197 8.55
      vertex -20.9797 1.52028 12.35
      vertex -21.1361 1.66197 12.35
    endloop
  endfacet
  facet normal -0.671396 -0.741099 -0
    outer loop
      vertex -20.9797 1.52028 12.35
      vertex -21.1361 1.66197 8.55
      vertex -20.9797 1.52028 8.55
    endloop
  endfacet
  facet normal 0.242959 -0.970036 0
    outer loop
      vertex -23.1241 2.05742 -12.35
      vertex -22.9194 2.10869 -4.55
      vertex -23.1241 2.05742 -4.55
    endloop
  endfacet
  facet normal 0.242959 -0.970036 0
    outer loop
      vertex -22.9194 2.10869 -4.55
      vertex -23.1241 2.05742 -12.35
      vertex -22.9194 2.10869 -12.35
    endloop
  endfacet
  facet normal 0.242959 -0.970036 0
    outer loop
      vertex -23.1241 2.05742 8.55
      vertex -22.9194 2.10869 12.35
      vertex -23.1241 2.05742 12.35
    endloop
  endfacet
  facet normal 0.242959 -0.970036 0
    outer loop
      vertex -22.9194 2.10869 12.35
      vertex -23.1241 2.05742 8.55
      vertex -22.9194 2.10869 8.55
    endloop
  endfacet
  facet normal -0.336823 0.941568 0
    outer loop
      vertex -21.6772 -1.98634 -12.35
      vertex -21.8759 -2.05742 -4.55
      vertex -21.6772 -1.98634 -4.55
    endloop
  endfacet
  facet normal -0.336823 0.941568 0
    outer loop
      vertex -21.8759 -2.05742 -4.55
      vertex -21.6772 -1.98634 -12.35
      vertex -21.8759 -2.05742 -12.35
    endloop
  endfacet
  facet normal -0.336823 0.941568 0
    outer loop
      vertex -21.6772 -1.98634 8.55
      vertex -21.8759 -2.05742 12.35
      vertex -21.6772 -1.98634 12.35
    endloop
  endfacet
  facet normal -0.336823 0.941568 0
    outer loop
      vertex -21.8759 -2.05742 12.35
      vertex -21.6772 -1.98634 8.55
      vertex -21.8759 -2.05742 8.55
    endloop
  endfacet
  facet normal 0.427616 -0.903961 0
    outer loop
      vertex -23.5135 1.89613 -12.35
      vertex -23.3228 1.98634 -4.55
      vertex -23.5135 1.89613 -4.55
    endloop
  endfacet
  facet normal 0.427616 -0.903961 0
    outer loop
      vertex -23.3228 1.98634 -4.55
      vertex -23.5135 1.89613 -12.35
      vertex -23.3228 1.98634 -12.35
    endloop
  endfacet
  facet normal 0.427616 -0.903961 0
    outer loop
      vertex -23.5135 1.89613 8.55
      vertex -23.3228 1.98634 12.35
      vertex -23.5135 1.89613 12.35
    endloop
  endfacet
  facet normal 0.427616 -0.903961 0
    outer loop
      vertex -23.3228 1.98634 12.35
      vertex -23.5135 1.89613 8.55
      vertex -23.3228 1.98634 8.55
    endloop
  endfacet
  facet normal -0.904006 -0.42752 0
    outer loop
      vertex -20.5137 0.822769 -12.35
      vertex -20.6039 1.0135 -4.55
      vertex -20.6039 1.0135 -12.35
    endloop
  endfacet
  facet normal -0.904006 -0.42752 0
    outer loop
      vertex -20.6039 1.0135 -4.55
      vertex -20.5137 0.822769 -12.35
      vertex -20.5137 0.822769 -4.55
    endloop
  endfacet
  facet normal -0.904006 -0.42752 0
    outer loop
      vertex -20.5137 0.822769 8.55
      vertex -20.6039 1.0135 12.35
      vertex -20.6039 1.0135 8.55
    endloop
  endfacet
  facet normal -0.904006 -0.42752 0
    outer loop
      vertex -20.6039 1.0135 12.35
      vertex -20.5137 0.822769 8.55
      vertex -20.5137 0.822769 12.35
    endloop
  endfacet
  facet normal 0.671396 -0.741099 0
    outer loop
      vertex -24.0203 1.52028 -12.35
      vertex -23.8639 1.66197 -4.55
      vertex -24.0203 1.52028 -4.55
    endloop
  endfacet
  facet normal 0.671396 -0.741099 0
    outer loop
      vertex -23.8639 1.66197 -4.55
      vertex -24.0203 1.52028 -12.35
      vertex -23.8639 1.66197 -12.35
    endloop
  endfacet
  facet normal 0.671396 -0.741099 0
    outer loop
      vertex -24.0203 1.52028 8.55
      vertex -23.8639 1.66197 12.35
      vertex -24.0203 1.52028 12.35
    endloop
  endfacet
  facet normal 0.671396 -0.741099 0
    outer loop
      vertex -23.8639 1.66197 12.35
      vertex -24.0203 1.52028 8.55
      vertex -23.8639 1.66197 8.55
    endloop
  endfacet
  facet normal -0.336823 -0.941568 0
    outer loop
      vertex -21.8759 2.05742 -12.35
      vertex -21.6772 1.98634 -4.55
      vertex -21.8759 2.05742 -4.55
    endloop
  endfacet
  facet normal -0.336823 -0.941568 -0
    outer loop
      vertex -21.6772 1.98634 -4.55
      vertex -21.8759 2.05742 -12.35
      vertex -21.6772 1.98634 -12.35
    endloop
  endfacet
  facet normal -0.336823 -0.941568 0
    outer loop
      vertex -21.8759 2.05742 8.55
      vertex -21.6772 1.98634 12.35
      vertex -21.8759 2.05742 12.35
    endloop
  endfacet
  facet normal -0.336823 -0.941568 -0
    outer loop
      vertex -21.6772 1.98634 12.35
      vertex -21.8759 2.05742 8.55
      vertex -21.6772 1.98634 8.55
    endloop
  endfacet
  facet normal 0.336823 -0.941568 0
    outer loop
      vertex -23.3228 1.98634 -12.35
      vertex -23.1241 2.05742 -4.55
      vertex -23.3228 1.98634 -4.55
    endloop
  endfacet
  facet normal 0.336823 -0.941568 0
    outer loop
      vertex -23.1241 2.05742 -4.55
      vertex -23.3228 1.98634 -12.35
      vertex -23.1241 2.05742 -12.35
    endloop
  endfacet
  facet normal 0.336823 -0.941568 0
    outer loop
      vertex -23.3228 1.98634 8.55
      vertex -23.1241 2.05742 12.35
      vertex -23.3228 1.98634 12.35
    endloop
  endfacet
  facet normal 0.336823 -0.941568 0
    outer loop
      vertex -23.1241 2.05742 12.35
      vertex -23.3228 1.98634 8.55
      vertex -23.1241 2.05742 8.55
    endloop
  endfacet
  facet normal 0.857886 0.51384 0
    outer loop
      vertex -24.2877 -1.19448 -4.55
      vertex -24.3961 -1.0135 -12.35
      vertex -24.3961 -1.0135 -4.55
    endloop
  endfacet
  facet normal 0.857886 0.51384 0
    outer loop
      vertex -24.3961 -1.0135 -12.35
      vertex -24.2877 -1.19448 -4.55
      vertex -24.2877 -1.19448 -12.35
    endloop
  endfacet
  facet normal 0.857886 0.51384 0
    outer loop
      vertex -24.2877 -1.19448 12.35
      vertex -24.3961 -1.0135 8.55
      vertex -24.3961 -1.0135 12.35
    endloop
  endfacet
  facet normal 0.857886 0.51384 0
    outer loop
      vertex -24.3961 -1.0135 8.55
      vertex -24.2877 -1.19448 12.35
      vertex -24.2877 -1.19448 8.55
    endloop
  endfacet
  facet normal 0.514043 0.857765 -0
    outer loop
      vertex -23.5135 -1.89613 -12.35
      vertex -23.6945 -1.78766 -4.55
      vertex -23.5135 -1.89613 -4.55
    endloop
  endfacet
  facet normal 0.514043 0.857765 0
    outer loop
      vertex -23.6945 -1.78766 -4.55
      vertex -23.5135 -1.89613 -12.35
      vertex -23.6945 -1.78766 -12.35
    endloop
  endfacet
  facet normal 0.514043 0.857765 -0
    outer loop
      vertex -23.5135 -1.89613 8.55
      vertex -23.6945 -1.78766 12.35
      vertex -23.5135 -1.89613 12.35
    endloop
  endfacet
  facet normal 0.514043 0.857765 0
    outer loop
      vertex -23.6945 -1.78766 12.35
      vertex -23.5135 -1.89613 8.55
      vertex -23.6945 -1.78766 8.55
    endloop
  endfacet
  facet normal 0.427616 0.903961 -0
    outer loop
      vertex -23.3228 -1.98634 -12.35
      vertex -23.5135 -1.89613 -4.55
      vertex -23.3228 -1.98634 -4.55
    endloop
  endfacet
  facet normal 0.427616 0.903961 0
    outer loop
      vertex -23.5135 -1.89613 -4.55
      vertex -23.3228 -1.98634 -12.35
      vertex -23.5135 -1.89613 -12.35
    endloop
  endfacet
  facet normal 0.427616 0.903961 -0
    outer loop
      vertex -23.3228 -1.98634 8.55
      vertex -23.5135 -1.89613 12.35
      vertex -23.3228 -1.98634 12.35
    endloop
  endfacet
  facet normal 0.427616 0.903961 0
    outer loop
      vertex -23.5135 -1.89613 12.35
      vertex -23.3228 -1.98634 8.55
      vertex -23.5135 -1.89613 8.55
    endloop
  endfacet
  facet normal 0.803179 0.595737 0
    outer loop
      vertex -24.162 -1.36395 -4.55
      vertex -24.2877 -1.19448 -12.35
      vertex -24.2877 -1.19448 -4.55
    endloop
  endfacet
  facet normal 0.803179 0.595737 0
    outer loop
      vertex -24.2877 -1.19448 -12.35
      vertex -24.162 -1.36395 -4.55
      vertex -24.162 -1.36395 -12.35
    endloop
  endfacet
  facet normal 0.803179 0.595737 0
    outer loop
      vertex -24.162 -1.36395 12.35
      vertex -24.2877 -1.19448 8.55
      vertex -24.2877 -1.19448 12.35
    endloop
  endfacet
  facet normal 0.803179 0.595737 0
    outer loop
      vertex -24.2877 -1.19448 8.55
      vertex -24.162 -1.36395 12.35
      vertex -24.162 -1.36395 8.55
    endloop
  endfacet
  facet normal 0.242959 0.970036 -0
    outer loop
      vertex -22.9194 -2.10869 -12.35
      vertex -23.1241 -2.05742 -4.55
      vertex -22.9194 -2.10869 -4.55
    endloop
  endfacet
  facet normal 0.242959 0.970036 0
    outer loop
      vertex -23.1241 -2.05742 -4.55
      vertex -22.9194 -2.10869 -12.35
      vertex -23.1241 -2.05742 -12.35
    endloop
  endfacet
  facet normal 0.242959 0.970036 -0
    outer loop
      vertex -22.9194 -2.10869 8.55
      vertex -23.1241 -2.05742 12.35
      vertex -22.9194 -2.10869 12.35
    endloop
  endfacet
  facet normal 0.242959 0.970036 0
    outer loop
      vertex -23.1241 -2.05742 12.35
      vertex -22.9194 -2.10869 8.55
      vertex -23.1241 -2.05742 8.55
    endloop
  endfacet
  facet normal 0.336823 0.941568 -0
    outer loop
      vertex -23.1241 -2.05742 -12.35
      vertex -23.3228 -1.98634 -4.55
      vertex -23.1241 -2.05742 -4.55
    endloop
  endfacet
  facet normal 0.336823 0.941568 0
    outer loop
      vertex -23.3228 -1.98634 -4.55
      vertex -23.1241 -2.05742 -12.35
      vertex -23.3228 -1.98634 -12.35
    endloop
  endfacet
  facet normal 0.336823 0.941568 -0
    outer loop
      vertex -23.1241 -2.05742 8.55
      vertex -23.3228 -1.98634 12.35
      vertex -23.1241 -2.05742 12.35
    endloop
  endfacet
  facet normal 0.336823 0.941568 0
    outer loop
      vertex -23.3228 -1.98634 12.35
      vertex -23.1241 -2.05742 8.55
      vertex -23.3228 -1.98634 8.55
    endloop
  endfacet
  facet normal 0.989217 0.146457 0
    outer loop
      vertex -24.6087 -0.419444 -4.55
      vertex -24.6396 -0.210736 -12.35
      vertex -24.6396 -0.210736 -4.55
    endloop
  endfacet
  facet normal 0.989217 0.146457 0
    outer loop
      vertex -24.6396 -0.210736 -12.35
      vertex -24.6087 -0.419444 -4.55
      vertex -24.6087 -0.419444 -12.35
    endloop
  endfacet
  facet normal 0.989217 0.146457 0
    outer loop
      vertex -24.6087 -0.419444 12.35
      vertex -24.6396 -0.210736 8.55
      vertex -24.6396 -0.210736 12.35
    endloop
  endfacet
  facet normal 0.989217 0.146457 0
    outer loop
      vertex -24.6396 -0.210736 8.55
      vertex -24.6087 -0.419444 12.35
      vertex -24.6087 -0.419444 8.55
    endloop
  endfacet
  facet normal 0.595866 0.803084 -0
    outer loop
      vertex -23.6945 -1.78766 -12.35
      vertex -23.8639 -1.66197 -4.55
      vertex -23.6945 -1.78766 -4.55
    endloop
  endfacet
  facet normal 0.595866 0.803084 0
    outer loop
      vertex -23.8639 -1.66197 -4.55
      vertex -23.6945 -1.78766 -12.35
      vertex -23.8639 -1.66197 -12.35
    endloop
  endfacet
  facet normal 0.595866 0.803084 -0
    outer loop
      vertex -23.6945 -1.78766 8.55
      vertex -23.8639 -1.66197 12.35
      vertex -23.6945 -1.78766 12.35
    endloop
  endfacet
  facet normal 0.595866 0.803084 0
    outer loop
      vertex -23.8639 -1.66197 12.35
      vertex -23.6945 -1.78766 8.55
      vertex -23.8639 -1.66197 8.55
    endloop
  endfacet
  facet normal 0.904006 0.42752 0
    outer loop
      vertex -24.3961 -1.0135 -4.55
      vertex -24.4863 -0.822769 -12.35
      vertex -24.4863 -0.822769 -4.55
    endloop
  endfacet
  facet normal 0.904006 0.42752 0
    outer loop
      vertex -24.4863 -0.822769 -12.35
      vertex -24.3961 -1.0135 -4.55
      vertex -24.3961 -1.0135 -12.35
    endloop
  endfacet
  facet normal 0.904006 0.42752 0
    outer loop
      vertex -24.3961 -1.0135 12.35
      vertex -24.4863 -0.822769 8.55
      vertex -24.4863 -0.822769 12.35
    endloop
  endfacet
  facet normal 0.904006 0.42752 0
    outer loop
      vertex -24.4863 -0.822769 8.55
      vertex -24.3961 -1.0135 12.35
      vertex -24.3961 -1.0135 8.55
    endloop
  endfacet
  facet normal 0.941515 -0.33697 0
    outer loop
      vertex -24.5574 0.624111 -4.55
      vertex -24.4863 0.822769 -12.35
      vertex -24.4863 0.822769 -4.55
    endloop
  endfacet
  facet normal 0.941515 -0.33697 0
    outer loop
      vertex -24.4863 0.822769 -12.35
      vertex -24.5574 0.624111 -4.55
      vertex -24.5574 0.624111 -12.35
    endloop
  endfacet
  facet normal 0.941515 -0.33697 0
    outer loop
      vertex -24.5574 0.624111 12.35
      vertex -24.4863 0.822769 8.55
      vertex -24.4863 0.822769 12.35
    endloop
  endfacet
  facet normal 0.941515 -0.33697 0
    outer loop
      vertex -24.4863 0.822769 8.55
      vertex -24.5574 0.624111 12.35
      vertex -24.5574 0.624111 8.55
    endloop
  endfacet
  facet normal -0.941515 0.33697 0
    outer loop
      vertex -20.5137 -0.822769 -12.35
      vertex -20.4426 -0.624111 -4.55
      vertex -20.4426 -0.624111 -12.35
    endloop
  endfacet
  facet normal -0.941515 0.33697 0
    outer loop
      vertex -20.4426 -0.624111 -4.55
      vertex -20.5137 -0.822769 -12.35
      vertex -20.5137 -0.822769 -4.55
    endloop
  endfacet
  facet normal -0.941515 0.33697 0
    outer loop
      vertex -20.5137 -0.822769 8.55
      vertex -20.4426 -0.624111 12.35
      vertex -20.4426 -0.624111 8.55
    endloop
  endfacet
  facet normal -0.941515 0.33697 0
    outer loop
      vertex -20.4426 -0.624111 12.35
      vertex -20.5137 -0.822769 8.55
      vertex -20.5137 -0.822769 12.35
    endloop
  endfacet
  facet normal 0.803179 -0.595737 0
    outer loop
      vertex -24.2877 1.19448 -4.55
      vertex -24.162 1.36395 -12.35
      vertex -24.162 1.36395 -4.55
    endloop
  endfacet
  facet normal 0.803179 -0.595737 0
    outer loop
      vertex -24.162 1.36395 -12.35
      vertex -24.2877 1.19448 -4.55
      vertex -24.2877 1.19448 -12.35
    endloop
  endfacet
  facet normal 0.803179 -0.595737 0
    outer loop
      vertex -24.2877 1.19448 12.35
      vertex -24.162 1.36395 8.55
      vertex -24.162 1.36395 12.35
    endloop
  endfacet
  facet normal 0.803179 -0.595737 0
    outer loop
      vertex -24.162 1.36395 8.55
      vertex -24.2877 1.19448 12.35
      vertex -24.2877 1.19448 8.55
    endloop
  endfacet
  facet normal 0.998784 -0.0492909 0
    outer loop
      vertex -24.65 0 -4.55
      vertex -24.6396 0.210736 -12.35
      vertex -24.6396 0.210736 -4.55
    endloop
  endfacet
  facet normal 0.998784 -0.0492909 0
    outer loop
      vertex -24.6396 0.210736 -12.35
      vertex -24.65 0 -4.55
      vertex -24.65 0 -12.35
    endloop
  endfacet
  facet normal 0.998784 -0.0492909 0
    outer loop
      vertex -24.65 0 12.35
      vertex -24.6396 0.210736 8.55
      vertex -24.6396 0.210736 12.35
    endloop
  endfacet
  facet normal 0.998784 -0.0492909 0
    outer loop
      vertex -24.6396 0.210736 8.55
      vertex -24.65 0 12.35
      vertex -24.65 0 8.55
    endloop
  endfacet
  facet normal -0.740926 0.671587 0
    outer loop
      vertex -20.9797 -1.52028 -12.35
      vertex -20.838 -1.36395 -4.55
      vertex -20.838 -1.36395 -12.35
    endloop
  endfacet
  facet normal -0.740926 0.671587 0
    outer loop
      vertex -20.838 -1.36395 -4.55
      vertex -20.9797 -1.52028 -12.35
      vertex -20.9797 -1.52028 -4.55
    endloop
  endfacet
  facet normal -0.740926 0.671587 0
    outer loop
      vertex -20.9797 -1.52028 8.55
      vertex -20.838 -1.36395 12.35
      vertex -20.838 -1.36395 8.55
    endloop
  endfacet
  facet normal -0.740926 0.671587 0
    outer loop
      vertex -20.838 -1.36395 12.35
      vertex -20.9797 -1.52028 8.55
      vertex -20.9797 -1.52028 12.35
    endloop
  endfacet
  facet normal -0.671396 0.741099 0
    outer loop
      vertex -20.9797 -1.52028 -12.35
      vertex -21.1361 -1.66197 -4.55
      vertex -20.9797 -1.52028 -4.55
    endloop
  endfacet
  facet normal -0.671396 0.741099 0
    outer loop
      vertex -21.1361 -1.66197 -4.55
      vertex -20.9797 -1.52028 -12.35
      vertex -21.1361 -1.66197 -12.35
    endloop
  endfacet
  facet normal -0.671396 0.741099 0
    outer loop
      vertex -20.9797 -1.52028 8.55
      vertex -21.1361 -1.66197 12.35
      vertex -20.9797 -1.52028 12.35
    endloop
  endfacet
  facet normal -0.671396 0.741099 0
    outer loop
      vertex -21.1361 -1.66197 12.35
      vertex -20.9797 -1.52028 8.55
      vertex -21.1361 -1.66197 8.55
    endloop
  endfacet
  facet normal -0.989217 -0.146457 0
    outer loop
      vertex 24.6396 0.210736 -12.35
      vertex 24.6087 0.419444 -4.55
      vertex 24.6087 0.419444 -12.35
    endloop
  endfacet
  facet normal -0.989217 -0.146457 0
    outer loop
      vertex 24.6087 0.419444 -4.55
      vertex 24.6396 0.210736 -12.35
      vertex 24.6396 0.210736 -4.55
    endloop
  endfacet
  facet normal -0.989217 -0.146457 0
    outer loop
      vertex 24.6396 0.210736 8.55
      vertex 24.6087 0.419444 12.35
      vertex 24.6087 0.419444 8.55
    endloop
  endfacet
  facet normal -0.989217 -0.146457 0
    outer loop
      vertex 24.6087 0.419444 12.35
      vertex 24.6396 0.210736 8.55
      vertex 24.6396 0.210736 12.35
    endloop
  endfacet
  facet normal -0.998784 -0.0492909 0
    outer loop
      vertex 24.65 0 -12.35
      vertex 24.6396 0.210736 -4.55
      vertex 24.6396 0.210736 -12.35
    endloop
  endfacet
  facet normal -0.998784 -0.0492909 0
    outer loop
      vertex 24.6396 0.210736 -4.55
      vertex 24.65 0 -12.35
      vertex 24.65 0 -4.55
    endloop
  endfacet
  facet normal -0.998784 -0.0492909 0
    outer loop
      vertex 24.65 0 8.55
      vertex 24.6396 0.210736 12.35
      vertex 24.6396 0.210736 8.55
    endloop
  endfacet
  facet normal -0.998784 -0.0492909 0
    outer loop
      vertex 24.6396 0.210736 12.35
      vertex 24.65 0 8.55
      vertex 24.65 0 12.35
    endloop
  endfacet
  facet normal -0.969994 -0.24313 0
    outer loop
      vertex 24.6087 0.419444 -12.35
      vertex 24.5574 0.624111 -4.55
      vertex 24.5574 0.624111 -12.35
    endloop
  endfacet
  facet normal -0.969994 -0.24313 0
    outer loop
      vertex 24.5574 0.624111 -4.55
      vertex 24.6087 0.419444 -12.35
      vertex 24.6087 0.419444 -4.55
    endloop
  endfacet
  facet normal -0.969994 -0.24313 0
    outer loop
      vertex 24.6087 0.419444 8.55
      vertex 24.5574 0.624111 12.35
      vertex 24.5574 0.624111 8.55
    endloop
  endfacet
  facet normal -0.969994 -0.24313 0
    outer loop
      vertex 24.5574 0.624111 12.35
      vertex 24.6087 0.419444 8.55
      vertex 24.6087 0.419444 12.35
    endloop
  endfacet
  facet normal -0.427616 0.903961 0
    outer loop
      vertex 23.5135 -1.89613 -12.35
      vertex 23.3228 -1.98634 -4.55
      vertex 23.5135 -1.89613 -4.55
    endloop
  endfacet
  facet normal -0.427616 0.903961 0
    outer loop
      vertex 23.3228 -1.98634 -4.55
      vertex 23.5135 -1.89613 -12.35
      vertex 23.3228 -1.98634 -12.35
    endloop
  endfacet
  facet normal -0.427616 0.903961 0
    outer loop
      vertex 23.5135 -1.89613 8.55
      vertex 23.3228 -1.98634 12.35
      vertex 23.5135 -1.89613 12.35
    endloop
  endfacet
  facet normal -0.427616 0.903961 0
    outer loop
      vertex 23.3228 -1.98634 12.35
      vertex 23.5135 -1.89613 8.55
      vertex 23.3228 -1.98634 8.55
    endloop
  endfacet
  facet normal 0.595866 -0.803084 0
    outer loop
      vertex 21.1361 1.66197 -12.35
      vertex 21.3055 1.78766 -4.55
      vertex 21.1361 1.66197 -4.55
    endloop
  endfacet
  facet normal 0.595866 -0.803084 0
    outer loop
      vertex 21.3055 1.78766 -4.55
      vertex 21.1361 1.66197 -12.35
      vertex 21.3055 1.78766 -12.35
    endloop
  endfacet
  facet normal 0.595866 -0.803084 0
    outer loop
      vertex 21.1361 1.66197 8.55
      vertex 21.3055 1.78766 12.35
      vertex 21.1361 1.66197 12.35
    endloop
  endfacet
  facet normal 0.595866 -0.803084 0
    outer loop
      vertex 21.3055 1.78766 12.35
      vertex 21.1361 1.66197 8.55
      vertex 21.3055 1.78766 8.55
    endloop
  endfacet
  facet normal 0.904006 -0.42752 0
    outer loop
      vertex 20.5137 0.822769 -4.55
      vertex 20.6039 1.0135 -12.35
      vertex 20.6039 1.0135 -4.55
    endloop
  endfacet
  facet normal 0.904006 -0.42752 0
    outer loop
      vertex 20.6039 1.0135 -12.35
      vertex 20.5137 0.822769 -4.55
      vertex 20.5137 0.822769 -12.35
    endloop
  endfacet
  facet normal 0.904006 -0.42752 0
    outer loop
      vertex 20.5137 0.822769 12.35
      vertex 20.6039 1.0135 8.55
      vertex 20.6039 1.0135 12.35
    endloop
  endfacet
  facet normal 0.904006 -0.42752 0
    outer loop
      vertex 20.6039 1.0135 8.55
      vertex 20.5137 0.822769 12.35
      vertex 20.5137 0.822769 8.55
    endloop
  endfacet
  facet normal 0.969994 -0.24313 0
    outer loop
      vertex 20.3913 0.419444 -4.55
      vertex 20.4426 0.624111 -12.35
      vertex 20.4426 0.624111 -4.55
    endloop
  endfacet
  facet normal 0.969994 -0.24313 0
    outer loop
      vertex 20.4426 0.624111 -12.35
      vertex 20.3913 0.419444 -4.55
      vertex 20.3913 0.419444 -12.35
    endloop
  endfacet
  facet normal 0.969994 -0.24313 0
    outer loop
      vertex 20.3913 0.419444 12.35
      vertex 20.4426 0.624111 8.55
      vertex 20.4426 0.624111 12.35
    endloop
  endfacet
  facet normal 0.969994 -0.24313 0
    outer loop
      vertex 20.4426 0.624111 8.55
      vertex 20.3913 0.419444 12.35
      vertex 20.3913 0.419444 8.55
    endloop
  endfacet
  facet normal -0.514043 0.857765 0
    outer loop
      vertex 23.6945 -1.78766 -12.35
      vertex 23.5135 -1.89613 -4.55
      vertex 23.6945 -1.78766 -4.55
    endloop
  endfacet
  facet normal -0.514043 0.857765 0
    outer loop
      vertex 23.5135 -1.89613 -4.55
      vertex 23.6945 -1.78766 -12.35
      vertex 23.5135 -1.89613 -12.35
    endloop
  endfacet
  facet normal -0.514043 0.857765 0
    outer loop
      vertex 23.6945 -1.78766 8.55
      vertex 23.5135 -1.89613 12.35
      vertex 23.6945 -1.78766 12.35
    endloop
  endfacet
  facet normal -0.514043 0.857765 0
    outer loop
      vertex 23.5135 -1.89613 12.35
      vertex 23.6945 -1.78766 8.55
      vertex 23.5135 -1.89613 8.55
    endloop
  endfacet
  facet normal -0.242959 0.970036 0
    outer loop
      vertex 23.1241 -2.05742 -12.35
      vertex 22.9194 -2.10869 -4.55
      vertex 23.1241 -2.05742 -4.55
    endloop
  endfacet
  facet normal -0.242959 0.970036 0
    outer loop
      vertex 22.9194 -2.10869 -4.55
      vertex 23.1241 -2.05742 -12.35
      vertex 22.9194 -2.10869 -12.35
    endloop
  endfacet
  facet normal -0.242959 0.970036 0
    outer loop
      vertex 23.1241 -2.05742 8.55
      vertex 22.9194 -2.10869 12.35
      vertex 23.1241 -2.05742 12.35
    endloop
  endfacet
  facet normal -0.242959 0.970036 0
    outer loop
      vertex 22.9194 -2.10869 12.35
      vertex 23.1241 -2.05742 8.55
      vertex 22.9194 -2.10869 8.55
    endloop
  endfacet
  facet normal -0.0490628 -0.998796 0
    outer loop
      vertex 22.5 2.15 -12.35
      vertex 22.7107 2.13965 -4.55
      vertex 22.5 2.15 -4.55
    endloop
  endfacet
  facet normal -0.0490628 -0.998796 -0
    outer loop
      vertex 22.7107 2.13965 -4.55
      vertex 22.5 2.15 -12.35
      vertex 22.7107 2.13965 -12.35
    endloop
  endfacet
  facet normal -0.0490628 -0.998796 0
    outer loop
      vertex 22.5 2.15 8.55
      vertex 22.7107 2.13965 12.35
      vertex 22.5 2.15 12.35
    endloop
  endfacet
  facet normal -0.0490628 -0.998796 -0
    outer loop
      vertex 22.7107 2.13965 12.35
      vertex 22.5 2.15 8.55
      vertex 22.7107 2.13965 8.55
    endloop
  endfacet
  facet normal -0.146741 -0.989175 0
    outer loop
      vertex 22.7107 2.13965 -12.35
      vertex 22.9194 2.10869 -4.55
      vertex 22.7107 2.13965 -4.55
    endloop
  endfacet
  facet normal -0.146741 -0.989175 -0
    outer loop
      vertex 22.9194 2.10869 -4.55
      vertex 22.7107 2.13965 -12.35
      vertex 22.9194 2.10869 -12.35
    endloop
  endfacet
  facet normal -0.146741 -0.989175 0
    outer loop
      vertex 22.7107 2.13965 8.55
      vertex 22.9194 2.10869 12.35
      vertex 22.7107 2.13965 12.35
    endloop
  endfacet
  facet normal -0.146741 -0.989175 -0
    outer loop
      vertex 22.9194 2.10869 12.35
      vertex 22.7107 2.13965 8.55
      vertex 22.9194 2.10869 8.55
    endloop
  endfacet
  facet normal -0.427616 -0.903961 0
    outer loop
      vertex 23.3228 1.98634 -12.35
      vertex 23.5135 1.89613 -4.55
      vertex 23.3228 1.98634 -4.55
    endloop
  endfacet
  facet normal -0.427616 -0.903961 -0
    outer loop
      vertex 23.5135 1.89613 -4.55
      vertex 23.3228 1.98634 -12.35
      vertex 23.5135 1.89613 -12.35
    endloop
  endfacet
  facet normal -0.427616 -0.903961 0
    outer loop
      vertex 23.3228 1.98634 8.55
      vertex 23.5135 1.89613 12.35
      vertex 23.3228 1.98634 12.35
    endloop
  endfacet
  facet normal -0.427616 -0.903961 -0
    outer loop
      vertex 23.5135 1.89613 12.35
      vertex 23.3228 1.98634 8.55
      vertex 23.5135 1.89613 8.55
    endloop
  endfacet
  facet normal -0.146741 0.989175 0
    outer loop
      vertex 22.9194 -2.10869 -12.35
      vertex 22.7107 -2.13965 -4.55
      vertex 22.9194 -2.10869 -4.55
    endloop
  endfacet
  facet normal -0.146741 0.989175 0
    outer loop
      vertex 22.7107 -2.13965 -4.55
      vertex 22.9194 -2.10869 -12.35
      vertex 22.7107 -2.13965 -12.35
    endloop
  endfacet
  facet normal -0.146741 0.989175 0
    outer loop
      vertex 22.9194 -2.10869 8.55
      vertex 22.7107 -2.13965 12.35
      vertex 22.9194 -2.10869 12.35
    endloop
  endfacet
  facet normal -0.146741 0.989175 0
    outer loop
      vertex 22.7107 -2.13965 12.35
      vertex 22.9194 -2.10869 8.55
      vertex 22.7107 -2.13965 8.55
    endloop
  endfacet
  facet normal -0.803179 0.595737 0
    outer loop
      vertex 24.162 -1.36395 -12.35
      vertex 24.2877 -1.19448 -4.55
      vertex 24.2877 -1.19448 -12.35
    endloop
  endfacet
  facet normal -0.803179 0.595737 0
    outer loop
      vertex 24.2877 -1.19448 -4.55
      vertex 24.162 -1.36395 -12.35
      vertex 24.162 -1.36395 -4.55
    endloop
  endfacet
  facet normal -0.803179 0.595737 0
    outer loop
      vertex 24.162 -1.36395 8.55
      vertex 24.2877 -1.19448 12.35
      vertex 24.2877 -1.19448 8.55
    endloop
  endfacet
  facet normal -0.803179 0.595737 0
    outer loop
      vertex 24.2877 -1.19448 12.35
      vertex 24.162 -1.36395 8.55
      vertex 24.162 -1.36395 12.35
    endloop
  endfacet
  facet normal 0.740926 0.671587 0
    outer loop
      vertex 20.9797 -1.52028 -4.55
      vertex 20.838 -1.36395 -12.35
      vertex 20.838 -1.36395 -4.55
    endloop
  endfacet
  facet normal 0.740926 0.671587 0
    outer loop
      vertex 20.838 -1.36395 -12.35
      vertex 20.9797 -1.52028 -4.55
      vertex 20.9797 -1.52028 -12.35
    endloop
  endfacet
  facet normal 0.740926 0.671587 0
    outer loop
      vertex 20.9797 -1.52028 12.35
      vertex 20.838 -1.36395 8.55
      vertex 20.838 -1.36395 12.35
    endloop
  endfacet
  facet normal 0.740926 0.671587 0
    outer loop
      vertex 20.838 -1.36395 8.55
      vertex 20.9797 -1.52028 12.35
      vertex 20.9797 -1.52028 8.55
    endloop
  endfacet
  facet normal 0.514043 -0.857765 0
    outer loop
      vertex 21.3055 1.78766 -12.35
      vertex 21.4865 1.89613 -4.55
      vertex 21.3055 1.78766 -4.55
    endloop
  endfacet
  facet normal 0.514043 -0.857765 0
    outer loop
      vertex 21.4865 1.89613 -4.55
      vertex 21.3055 1.78766 -12.35
      vertex 21.4865 1.89613 -12.35
    endloop
  endfacet
  facet normal 0.514043 -0.857765 0
    outer loop
      vertex 21.3055 1.78766 8.55
      vertex 21.4865 1.89613 12.35
      vertex 21.3055 1.78766 12.35
    endloop
  endfacet
  facet normal 0.514043 -0.857765 0
    outer loop
      vertex 21.4865 1.89613 12.35
      vertex 21.3055 1.78766 8.55
      vertex 21.4865 1.89613 8.55
    endloop
  endfacet
  facet normal -0.989217 0.146457 0
    outer loop
      vertex 24.6087 -0.419444 -12.35
      vertex 24.6396 -0.210736 -4.55
      vertex 24.6396 -0.210736 -12.35
    endloop
  endfacet
  facet normal -0.989217 0.146457 0
    outer loop
      vertex 24.6396 -0.210736 -4.55
      vertex 24.6087 -0.419444 -12.35
      vertex 24.6087 -0.419444 -4.55
    endloop
  endfacet
  facet normal -0.989217 0.146457 0
    outer loop
      vertex 24.6087 -0.419444 8.55
      vertex 24.6396 -0.210736 12.35
      vertex 24.6396 -0.210736 8.55
    endloop
  endfacet
  facet normal -0.989217 0.146457 0
    outer loop
      vertex 24.6396 -0.210736 12.35
      vertex 24.6087 -0.419444 8.55
      vertex 24.6087 -0.419444 12.35
    endloop
  endfacet
  facet normal 0.146741 0.989175 -0
    outer loop
      vertex 22.2893 -2.13965 -12.35
      vertex 22.0806 -2.10869 -4.55
      vertex 22.2893 -2.13965 -4.55
    endloop
  endfacet
  facet normal 0.146741 0.989175 0
    outer loop
      vertex 22.0806 -2.10869 -4.55
      vertex 22.2893 -2.13965 -12.35
      vertex 22.0806 -2.10869 -12.35
    endloop
  endfacet
  facet normal 0.146741 0.989175 -0
    outer loop
      vertex 22.2893 -2.13965 8.55
      vertex 22.0806 -2.10869 12.35
      vertex 22.2893 -2.13965 12.35
    endloop
  endfacet
  facet normal 0.146741 0.989175 0
    outer loop
      vertex 22.0806 -2.10869 12.35
      vertex 22.2893 -2.13965 8.55
      vertex 22.0806 -2.10869 8.55
    endloop
  endfacet
  facet normal -0.595866 0.803084 0
    outer loop
      vertex 23.8639 -1.66197 -12.35
      vertex 23.6945 -1.78766 -4.55
      vertex 23.8639 -1.66197 -4.55
    endloop
  endfacet
  facet normal -0.595866 0.803084 0
    outer loop
      vertex 23.6945 -1.78766 -4.55
      vertex 23.8639 -1.66197 -12.35
      vertex 23.6945 -1.78766 -12.35
    endloop
  endfacet
  facet normal -0.595866 0.803084 0
    outer loop
      vertex 23.8639 -1.66197 8.55
      vertex 23.6945 -1.78766 12.35
      vertex 23.8639 -1.66197 12.35
    endloop
  endfacet
  facet normal -0.595866 0.803084 0
    outer loop
      vertex 23.6945 -1.78766 12.35
      vertex 23.8639 -1.66197 8.55
      vertex 23.6945 -1.78766 8.55
    endloop
  endfacet
  facet normal 0.0490628 0.998796 -0
    outer loop
      vertex 22.5 -2.15 -12.35
      vertex 22.2893 -2.13965 -4.55
      vertex 22.5 -2.15 -4.55
    endloop
  endfacet
  facet normal 0.0490628 0.998796 0
    outer loop
      vertex 22.2893 -2.13965 -4.55
      vertex 22.5 -2.15 -12.35
      vertex 22.2893 -2.13965 -12.35
    endloop
  endfacet
  facet normal 0.0490628 0.998796 -0
    outer loop
      vertex 22.5 -2.15 8.55
      vertex 22.2893 -2.13965 12.35
      vertex 22.5 -2.15 12.35
    endloop
  endfacet
  facet normal 0.0490628 0.998796 0
    outer loop
      vertex 22.2893 -2.13965 12.35
      vertex 22.5 -2.15 8.55
      vertex 22.2893 -2.13965 8.55
    endloop
  endfacet
  facet normal -0.595866 -0.803084 0
    outer loop
      vertex 23.6945 1.78766 -12.35
      vertex 23.8639 1.66197 -4.55
      vertex 23.6945 1.78766 -4.55
    endloop
  endfacet
  facet normal -0.595866 -0.803084 -0
    outer loop
      vertex 23.8639 1.66197 -4.55
      vertex 23.6945 1.78766 -12.35
      vertex 23.8639 1.66197 -12.35
    endloop
  endfacet
  facet normal -0.595866 -0.803084 0
    outer loop
      vertex 23.6945 1.78766 8.55
      vertex 23.8639 1.66197 12.35
      vertex 23.6945 1.78766 12.35
    endloop
  endfacet
  facet normal -0.595866 -0.803084 -0
    outer loop
      vertex 23.8639 1.66197 12.35
      vertex 23.6945 1.78766 8.55
      vertex 23.8639 1.66197 8.55
    endloop
  endfacet
  facet normal -0.969994 0.24313 0
    outer loop
      vertex 24.5574 -0.624111 -12.35
      vertex 24.6087 -0.419444 -4.55
      vertex 24.6087 -0.419444 -12.35
    endloop
  endfacet
  facet normal -0.969994 0.24313 0
    outer loop
      vertex 24.6087 -0.419444 -4.55
      vertex 24.5574 -0.624111 -12.35
      vertex 24.5574 -0.624111 -4.55
    endloop
  endfacet
  facet normal -0.969994 0.24313 0
    outer loop
      vertex 24.5574 -0.624111 8.55
      vertex 24.6087 -0.419444 12.35
      vertex 24.6087 -0.419444 8.55
    endloop
  endfacet
  facet normal -0.969994 0.24313 0
    outer loop
      vertex 24.6087 -0.419444 12.35
      vertex 24.5574 -0.624111 8.55
      vertex 24.5574 -0.624111 12.35
    endloop
  endfacet
  facet normal 0.989217 -0.146457 0
    outer loop
      vertex 20.3604 0.210736 -4.55
      vertex 20.3913 0.419444 -12.35
      vertex 20.3913 0.419444 -4.55
    endloop
  endfacet
  facet normal 0.989217 -0.146457 0
    outer loop
      vertex 20.3913 0.419444 -12.35
      vertex 20.3604 0.210736 -4.55
      vertex 20.3604 0.210736 -12.35
    endloop
  endfacet
  facet normal 0.989217 -0.146457 0
    outer loop
      vertex 20.3604 0.210736 12.35
      vertex 20.3913 0.419444 8.55
      vertex 20.3913 0.419444 12.35
    endloop
  endfacet
  facet normal 0.989217 -0.146457 0
    outer loop
      vertex 20.3913 0.419444 8.55
      vertex 20.3604 0.210736 12.35
      vertex 20.3604 0.210736 8.55
    endloop
  endfacet
  facet normal 0.857886 -0.51384 0
    outer loop
      vertex 20.6039 1.0135 -4.55
      vertex 20.7123 1.19448 -12.35
      vertex 20.7123 1.19448 -4.55
    endloop
  endfacet
  facet normal 0.857886 -0.51384 0
    outer loop
      vertex 20.7123 1.19448 -12.35
      vertex 20.6039 1.0135 -4.55
      vertex 20.6039 1.0135 -12.35
    endloop
  endfacet
  facet normal 0.857886 -0.51384 0
    outer loop
      vertex 20.6039 1.0135 12.35
      vertex 20.7123 1.19448 8.55
      vertex 20.7123 1.19448 12.35
    endloop
  endfacet
  facet normal 0.857886 -0.51384 0
    outer loop
      vertex 20.7123 1.19448 8.55
      vertex 20.6039 1.0135 12.35
      vertex 20.6039 1.0135 8.55
    endloop
  endfacet
  facet normal 0.941515 0.33697 0
    outer loop
      vertex 20.5137 -0.822769 -4.55
      vertex 20.4426 -0.624111 -12.35
      vertex 20.4426 -0.624111 -4.55
    endloop
  endfacet
  facet normal 0.941515 0.33697 0
    outer loop
      vertex 20.4426 -0.624111 -12.35
      vertex 20.5137 -0.822769 -4.55
      vertex 20.5137 -0.822769 -12.35
    endloop
  endfacet
  facet normal 0.941515 0.33697 0
    outer loop
      vertex 20.5137 -0.822769 12.35
      vertex 20.4426 -0.624111 8.55
      vertex 20.4426 -0.624111 12.35
    endloop
  endfacet
  facet normal 0.941515 0.33697 0
    outer loop
      vertex 20.4426 -0.624111 8.55
      vertex 20.5137 -0.822769 12.35
      vertex 20.5137 -0.822769 8.55
    endloop
  endfacet
  facet normal 0.146741 -0.989175 0
    outer loop
      vertex 22.0806 2.10869 -12.35
      vertex 22.2893 2.13965 -4.55
      vertex 22.0806 2.10869 -4.55
    endloop
  endfacet
  facet normal 0.146741 -0.989175 0
    outer loop
      vertex 22.2893 2.13965 -4.55
      vertex 22.0806 2.10869 -12.35
      vertex 22.2893 2.13965 -12.35
    endloop
  endfacet
  facet normal 0.146741 -0.989175 0
    outer loop
      vertex 22.0806 2.10869 8.55
      vertex 22.2893 2.13965 12.35
      vertex 22.0806 2.10869 12.35
    endloop
  endfacet
  facet normal 0.146741 -0.989175 0
    outer loop
      vertex 22.2893 2.13965 12.35
      vertex 22.0806 2.10869 8.55
      vertex 22.2893 2.13965 8.55
    endloop
  endfacet
  facet normal -0.803179 -0.595737 0
    outer loop
      vertex 24.2877 1.19448 -12.35
      vertex 24.162 1.36395 -4.55
      vertex 24.162 1.36395 -12.35
    endloop
  endfacet
  facet normal -0.803179 -0.595737 0
    outer loop
      vertex 24.162 1.36395 -4.55
      vertex 24.2877 1.19448 -12.35
      vertex 24.2877 1.19448 -4.55
    endloop
  endfacet
  facet normal -0.803179 -0.595737 0
    outer loop
      vertex 24.2877 1.19448 8.55
      vertex 24.162 1.36395 12.35
      vertex 24.162 1.36395 8.55
    endloop
  endfacet
  facet normal -0.803179 -0.595737 0
    outer loop
      vertex 24.162 1.36395 12.35
      vertex 24.2877 1.19448 8.55
      vertex 24.2877 1.19448 12.35
    endloop
  endfacet
  facet normal 0.969994 0.24313 0
    outer loop
      vertex 20.4426 -0.624111 -4.55
      vertex 20.3913 -0.419444 -12.35
      vertex 20.3913 -0.419444 -4.55
    endloop
  endfacet
  facet normal 0.969994 0.24313 0
    outer loop
      vertex 20.3913 -0.419444 -12.35
      vertex 20.4426 -0.624111 -4.55
      vertex 20.4426 -0.624111 -12.35
    endloop
  endfacet
  facet normal 0.969994 0.24313 0
    outer loop
      vertex 20.4426 -0.624111 12.35
      vertex 20.3913 -0.419444 8.55
      vertex 20.3913 -0.419444 12.35
    endloop
  endfacet
  facet normal 0.969994 0.24313 0
    outer loop
      vertex 20.3913 -0.419444 8.55
      vertex 20.4426 -0.624111 12.35
      vertex 20.4426 -0.624111 8.55
    endloop
  endfacet
  facet normal 0.998784 0.0492909 0
    outer loop
      vertex 20.3604 -0.210736 -4.55
      vertex 20.35 0 -12.35
      vertex 20.35 0 -4.55
    endloop
  endfacet
  facet normal 0.998784 0.0492909 0
    outer loop
      vertex 20.35 0 -12.35
      vertex 20.3604 -0.210736 -4.55
      vertex 20.3604 -0.210736 -12.35
    endloop
  endfacet
  facet normal 0.998784 0.0492909 0
    outer loop
      vertex 20.3604 -0.210736 12.35
      vertex 20.35 0 8.55
      vertex 20.35 0 12.35
    endloop
  endfacet
  facet normal 0.998784 0.0492909 0
    outer loop
      vertex 20.35 0 8.55
      vertex 20.3604 -0.210736 12.35
      vertex 20.3604 -0.210736 8.55
    endloop
  endfacet
  facet normal -0.514043 -0.857765 0
    outer loop
      vertex 23.5135 1.89613 -12.35
      vertex 23.6945 1.78766 -4.55
      vertex 23.5135 1.89613 -4.55
    endloop
  endfacet
  facet normal -0.514043 -0.857765 -0
    outer loop
      vertex 23.6945 1.78766 -4.55
      vertex 23.5135 1.89613 -12.35
      vertex 23.6945 1.78766 -12.35
    endloop
  endfacet
  facet normal -0.514043 -0.857765 0
    outer loop
      vertex 23.5135 1.89613 8.55
      vertex 23.6945 1.78766 12.35
      vertex 23.5135 1.89613 12.35
    endloop
  endfacet
  facet normal -0.514043 -0.857765 -0
    outer loop
      vertex 23.6945 1.78766 12.35
      vertex 23.5135 1.89613 8.55
      vertex 23.6945 1.78766 8.55
    endloop
  endfacet
  facet normal -0.998784 0.0492909 0
    outer loop
      vertex 24.6396 -0.210736 -12.35
      vertex 24.65 0 -4.55
      vertex 24.65 0 -12.35
    endloop
  endfacet
  facet normal -0.998784 0.0492909 0
    outer loop
      vertex 24.65 0 -4.55
      vertex 24.6396 -0.210736 -12.35
      vertex 24.6396 -0.210736 -4.55
    endloop
  endfacet
  facet normal -0.998784 0.0492909 0
    outer loop
      vertex 24.6396 -0.210736 8.55
      vertex 24.65 0 12.35
      vertex 24.65 0 8.55
    endloop
  endfacet
  facet normal -0.998784 0.0492909 0
    outer loop
      vertex 24.65 0 12.35
      vertex 24.6396 -0.210736 8.55
      vertex 24.6396 -0.210736 12.35
    endloop
  endfacet
  facet normal -0.904006 0.42752 0
    outer loop
      vertex 24.3961 -1.0135 -12.35
      vertex 24.4863 -0.822769 -4.55
      vertex 24.4863 -0.822769 -12.35
    endloop
  endfacet
  facet normal -0.904006 0.42752 0
    outer loop
      vertex 24.4863 -0.822769 -4.55
      vertex 24.3961 -1.0135 -12.35
      vertex 24.3961 -1.0135 -4.55
    endloop
  endfacet
  facet normal -0.904006 0.42752 0
    outer loop
      vertex 24.3961 -1.0135 8.55
      vertex 24.4863 -0.822769 12.35
      vertex 24.4863 -0.822769 8.55
    endloop
  endfacet
  facet normal -0.904006 0.42752 0
    outer loop
      vertex 24.4863 -0.822769 12.35
      vertex 24.3961 -1.0135 8.55
      vertex 24.3961 -1.0135 12.35
    endloop
  endfacet
  facet normal -0.857886 -0.51384 0
    outer loop
      vertex 24.3961 1.0135 -12.35
      vertex 24.2877 1.19448 -4.55
      vertex 24.2877 1.19448 -12.35
    endloop
  endfacet
  facet normal -0.857886 -0.51384 0
    outer loop
      vertex 24.2877 1.19448 -4.55
      vertex 24.3961 1.0135 -12.35
      vertex 24.3961 1.0135 -4.55
    endloop
  endfacet
  facet normal -0.857886 -0.51384 0
    outer loop
      vertex 24.3961 1.0135 8.55
      vertex 24.2877 1.19448 12.35
      vertex 24.2877 1.19448 8.55
    endloop
  endfacet
  facet normal -0.857886 -0.51384 0
    outer loop
      vertex 24.2877 1.19448 12.35
      vertex 24.3961 1.0135 8.55
      vertex 24.3961 1.0135 12.35
    endloop
  endfacet
  facet normal -0.740926 -0.671587 0
    outer loop
      vertex 24.162 1.36395 -12.35
      vertex 24.0203 1.52028 -4.55
      vertex 24.0203 1.52028 -12.35
    endloop
  endfacet
  facet normal -0.740926 -0.671587 0
    outer loop
      vertex 24.0203 1.52028 -4.55
      vertex 24.162 1.36395 -12.35
      vertex 24.162 1.36395 -4.55
    endloop
  endfacet
  facet normal -0.740926 -0.671587 0
    outer loop
      vertex 24.162 1.36395 8.55
      vertex 24.0203 1.52028 12.35
      vertex 24.0203 1.52028 8.55
    endloop
  endfacet
  facet normal -0.740926 -0.671587 0
    outer loop
      vertex 24.0203 1.52028 12.35
      vertex 24.162 1.36395 8.55
      vertex 24.162 1.36395 12.35
    endloop
  endfacet
  facet normal 0.0490628 -0.998796 0
    outer loop
      vertex 22.2893 2.13965 -12.35
      vertex 22.5 2.15 -4.55
      vertex 22.2893 2.13965 -4.55
    endloop
  endfacet
  facet normal 0.0490628 -0.998796 0
    outer loop
      vertex 22.5 2.15 -4.55
      vertex 22.2893 2.13965 -12.35
      vertex 22.5 2.15 -12.35
    endloop
  endfacet
  facet normal 0.0490628 -0.998796 0
    outer loop
      vertex 22.2893 2.13965 8.55
      vertex 22.5 2.15 12.35
      vertex 22.2893 2.13965 12.35
    endloop
  endfacet
  facet normal 0.0490628 -0.998796 0
    outer loop
      vertex 22.5 2.15 12.35
      vertex 22.2893 2.13965 8.55
      vertex 22.5 2.15 8.55
    endloop
  endfacet
  facet normal 0.740926 -0.671587 0
    outer loop
      vertex 20.838 1.36395 -4.55
      vertex 20.9797 1.52028 -12.35
      vertex 20.9797 1.52028 -4.55
    endloop
  endfacet
  facet normal 0.740926 -0.671587 0
    outer loop
      vertex 20.9797 1.52028 -12.35
      vertex 20.838 1.36395 -4.55
      vertex 20.838 1.36395 -12.35
    endloop
  endfacet
  facet normal 0.740926 -0.671587 0
    outer loop
      vertex 20.838 1.36395 12.35
      vertex 20.9797 1.52028 8.55
      vertex 20.9797 1.52028 12.35
    endloop
  endfacet
  facet normal 0.740926 -0.671587 0
    outer loop
      vertex 20.9797 1.52028 8.55
      vertex 20.838 1.36395 12.35
      vertex 20.838 1.36395 8.55
    endloop
  endfacet
  facet normal 0.671396 0.741099 -0
    outer loop
      vertex 21.1361 -1.66197 -12.35
      vertex 20.9797 -1.52028 -4.55
      vertex 21.1361 -1.66197 -4.55
    endloop
  endfacet
  facet normal 0.671396 0.741099 0
    outer loop
      vertex 20.9797 -1.52028 -4.55
      vertex 21.1361 -1.66197 -12.35
      vertex 20.9797 -1.52028 -12.35
    endloop
  endfacet
  facet normal 0.671396 0.741099 -0
    outer loop
      vertex 21.1361 -1.66197 8.55
      vertex 20.9797 -1.52028 12.35
      vertex 21.1361 -1.66197 12.35
    endloop
  endfacet
  facet normal 0.671396 0.741099 0
    outer loop
      vertex 20.9797 -1.52028 12.35
      vertex 21.1361 -1.66197 8.55
      vertex 20.9797 -1.52028 8.55
    endloop
  endfacet
  facet normal -0.0490628 0.998796 0
    outer loop
      vertex 22.7107 -2.13965 -12.35
      vertex 22.5 -2.15 -4.55
      vertex 22.7107 -2.13965 -4.55
    endloop
  endfacet
  facet normal -0.0490628 0.998796 0
    outer loop
      vertex 22.5 -2.15 -4.55
      vertex 22.7107 -2.13965 -12.35
      vertex 22.5 -2.15 -12.35
    endloop
  endfacet
  facet normal -0.0490628 0.998796 0
    outer loop
      vertex 22.7107 -2.13965 8.55
      vertex 22.5 -2.15 12.35
      vertex 22.7107 -2.13965 12.35
    endloop
  endfacet
  facet normal -0.0490628 0.998796 0
    outer loop
      vertex 22.5 -2.15 12.35
      vertex 22.7107 -2.13965 8.55
      vertex 22.5 -2.15 8.55
    endloop
  endfacet
  facet normal -0.941515 -0.33697 0
    outer loop
      vertex 24.5574 0.624111 -12.35
      vertex 24.4863 0.822769 -4.55
      vertex 24.4863 0.822769 -12.35
    endloop
  endfacet
  facet normal -0.941515 -0.33697 0
    outer loop
      vertex 24.4863 0.822769 -4.55
      vertex 24.5574 0.624111 -12.35
      vertex 24.5574 0.624111 -4.55
    endloop
  endfacet
  facet normal -0.941515 -0.33697 0
    outer loop
      vertex 24.5574 0.624111 8.55
      vertex 24.4863 0.822769 12.35
      vertex 24.4863 0.822769 8.55
    endloop
  endfacet
  facet normal -0.941515 -0.33697 0
    outer loop
      vertex 24.4863 0.822769 12.35
      vertex 24.5574 0.624111 8.55
      vertex 24.5574 0.624111 12.35
    endloop
  endfacet
  facet normal -0.857886 0.51384 0
    outer loop
      vertex 24.2877 -1.19448 -12.35
      vertex 24.3961 -1.0135 -4.55
      vertex 24.3961 -1.0135 -12.35
    endloop
  endfacet
  facet normal -0.857886 0.51384 0
    outer loop
      vertex 24.3961 -1.0135 -4.55
      vertex 24.2877 -1.19448 -12.35
      vertex 24.2877 -1.19448 -4.55
    endloop
  endfacet
  facet normal -0.857886 0.51384 0
    outer loop
      vertex 24.2877 -1.19448 8.55
      vertex 24.3961 -1.0135 12.35
      vertex 24.3961 -1.0135 8.55
    endloop
  endfacet
  facet normal -0.857886 0.51384 0
    outer loop
      vertex 24.3961 -1.0135 12.35
      vertex 24.2877 -1.19448 8.55
      vertex 24.2877 -1.19448 12.35
    endloop
  endfacet
  facet normal 0.242959 -0.970036 0
    outer loop
      vertex 21.8759 2.05742 -12.35
      vertex 22.0806 2.10869 -4.55
      vertex 21.8759 2.05742 -4.55
    endloop
  endfacet
  facet normal 0.242959 -0.970036 0
    outer loop
      vertex 22.0806 2.10869 -4.55
      vertex 21.8759 2.05742 -12.35
      vertex 22.0806 2.10869 -12.35
    endloop
  endfacet
  facet normal 0.242959 -0.970036 0
    outer loop
      vertex 21.8759 2.05742 8.55
      vertex 22.0806 2.10869 12.35
      vertex 21.8759 2.05742 12.35
    endloop
  endfacet
  facet normal 0.242959 -0.970036 0
    outer loop
      vertex 22.0806 2.10869 12.35
      vertex 21.8759 2.05742 8.55
      vertex 22.0806 2.10869 8.55
    endloop
  endfacet
  facet normal -0.941515 0.33697 0
    outer loop
      vertex 24.4863 -0.822769 -12.35
      vertex 24.5574 -0.624111 -4.55
      vertex 24.5574 -0.624111 -12.35
    endloop
  endfacet
  facet normal -0.941515 0.33697 0
    outer loop
      vertex 24.5574 -0.624111 -4.55
      vertex 24.4863 -0.822769 -12.35
      vertex 24.4863 -0.822769 -4.55
    endloop
  endfacet
  facet normal -0.941515 0.33697 0
    outer loop
      vertex 24.4863 -0.822769 8.55
      vertex 24.5574 -0.624111 12.35
      vertex 24.5574 -0.624111 8.55
    endloop
  endfacet
  facet normal -0.941515 0.33697 0
    outer loop
      vertex 24.5574 -0.624111 12.35
      vertex 24.4863 -0.822769 8.55
      vertex 24.4863 -0.822769 12.35
    endloop
  endfacet
  facet normal -0.336823 0.941568 0
    outer loop
      vertex 23.3228 -1.98634 -12.35
      vertex 23.1241 -2.05742 -4.55
      vertex 23.3228 -1.98634 -4.55
    endloop
  endfacet
  facet normal -0.336823 0.941568 0
    outer loop
      vertex 23.1241 -2.05742 -4.55
      vertex 23.3228 -1.98634 -12.35
      vertex 23.1241 -2.05742 -12.35
    endloop
  endfacet
  facet normal -0.336823 0.941568 0
    outer loop
      vertex 23.3228 -1.98634 8.55
      vertex 23.1241 -2.05742 12.35
      vertex 23.3228 -1.98634 12.35
    endloop
  endfacet
  facet normal -0.336823 0.941568 0
    outer loop
      vertex 23.1241 -2.05742 12.35
      vertex 23.3228 -1.98634 8.55
      vertex 23.1241 -2.05742 8.55
    endloop
  endfacet
  facet normal 0.427616 -0.903961 0
    outer loop
      vertex 21.4865 1.89613 -12.35
      vertex 21.6772 1.98634 -4.55
      vertex 21.4865 1.89613 -4.55
    endloop
  endfacet
  facet normal 0.427616 -0.903961 0
    outer loop
      vertex 21.6772 1.98634 -4.55
      vertex 21.4865 1.89613 -12.35
      vertex 21.6772 1.98634 -12.35
    endloop
  endfacet
  facet normal 0.427616 -0.903961 0
    outer loop
      vertex 21.4865 1.89613 8.55
      vertex 21.6772 1.98634 12.35
      vertex 21.4865 1.89613 12.35
    endloop
  endfacet
  facet normal 0.427616 -0.903961 0
    outer loop
      vertex 21.6772 1.98634 12.35
      vertex 21.4865 1.89613 8.55
      vertex 21.6772 1.98634 8.55
    endloop
  endfacet
  facet normal -0.904006 -0.42752 0
    outer loop
      vertex 24.4863 0.822769 -12.35
      vertex 24.3961 1.0135 -4.55
      vertex 24.3961 1.0135 -12.35
    endloop
  endfacet
  facet normal -0.904006 -0.42752 0
    outer loop
      vertex 24.3961 1.0135 -4.55
      vertex 24.4863 0.822769 -12.35
      vertex 24.4863 0.822769 -4.55
    endloop
  endfacet
  facet normal -0.904006 -0.42752 0
    outer loop
      vertex 24.4863 0.822769 8.55
      vertex 24.3961 1.0135 12.35
      vertex 24.3961 1.0135 8.55
    endloop
  endfacet
  facet normal -0.904006 -0.42752 0
    outer loop
      vertex 24.3961 1.0135 12.35
      vertex 24.4863 0.822769 8.55
      vertex 24.4863 0.822769 12.35
    endloop
  endfacet
  facet normal 0.671396 -0.741099 0
    outer loop
      vertex 20.9797 1.52028 -12.35
      vertex 21.1361 1.66197 -4.55
      vertex 20.9797 1.52028 -4.55
    endloop
  endfacet
  facet normal 0.671396 -0.741099 0
    outer loop
      vertex 21.1361 1.66197 -4.55
      vertex 20.9797 1.52028 -12.35
      vertex 21.1361 1.66197 -12.35
    endloop
  endfacet
  facet normal 0.671396 -0.741099 0
    outer loop
      vertex 20.9797 1.52028 8.55
      vertex 21.1361 1.66197 12.35
      vertex 20.9797 1.52028 12.35
    endloop
  endfacet
  facet normal 0.671396 -0.741099 0
    outer loop
      vertex 21.1361 1.66197 12.35
      vertex 20.9797 1.52028 8.55
      vertex 21.1361 1.66197 8.55
    endloop
  endfacet
  facet normal -0.336823 -0.941568 0
    outer loop
      vertex 23.1241 2.05742 -12.35
      vertex 23.3228 1.98634 -4.55
      vertex 23.1241 2.05742 -4.55
    endloop
  endfacet
  facet normal -0.336823 -0.941568 -0
    outer loop
      vertex 23.3228 1.98634 -4.55
      vertex 23.1241 2.05742 -12.35
      vertex 23.3228 1.98634 -12.35
    endloop
  endfacet
  facet normal -0.336823 -0.941568 0
    outer loop
      vertex 23.1241 2.05742 8.55
      vertex 23.3228 1.98634 12.35
      vertex 23.1241 2.05742 12.35
    endloop
  endfacet
  facet normal -0.336823 -0.941568 -0
    outer loop
      vertex 23.3228 1.98634 12.35
      vertex 23.1241 2.05742 8.55
      vertex 23.3228 1.98634 8.55
    endloop
  endfacet
  facet normal 0.336823 -0.941568 0
    outer loop
      vertex 21.6772 1.98634 -12.35
      vertex 21.8759 2.05742 -4.55
      vertex 21.6772 1.98634 -4.55
    endloop
  endfacet
  facet normal 0.336823 -0.941568 0
    outer loop
      vertex 21.8759 2.05742 -4.55
      vertex 21.6772 1.98634 -12.35
      vertex 21.8759 2.05742 -12.35
    endloop
  endfacet
  facet normal 0.336823 -0.941568 0
    outer loop
      vertex 21.6772 1.98634 8.55
      vertex 21.8759 2.05742 12.35
      vertex 21.6772 1.98634 12.35
    endloop
  endfacet
  facet normal 0.336823 -0.941568 0
    outer loop
      vertex 21.8759 2.05742 12.35
      vertex 21.6772 1.98634 8.55
      vertex 21.8759 2.05742 8.55
    endloop
  endfacet
  facet normal 0.857886 0.51384 0
    outer loop
      vertex 20.7123 -1.19448 -4.55
      vertex 20.6039 -1.0135 -12.35
      vertex 20.6039 -1.0135 -4.55
    endloop
  endfacet
  facet normal 0.857886 0.51384 0
    outer loop
      vertex 20.6039 -1.0135 -12.35
      vertex 20.7123 -1.19448 -4.55
      vertex 20.7123 -1.19448 -12.35
    endloop
  endfacet
  facet normal 0.857886 0.51384 0
    outer loop
      vertex 20.7123 -1.19448 12.35
      vertex 20.6039 -1.0135 8.55
      vertex 20.6039 -1.0135 12.35
    endloop
  endfacet
  facet normal 0.857886 0.51384 0
    outer loop
      vertex 20.6039 -1.0135 8.55
      vertex 20.7123 -1.19448 12.35
      vertex 20.7123 -1.19448 8.55
    endloop
  endfacet
  facet normal 0.514043 0.857765 -0
    outer loop
      vertex 21.4865 -1.89613 -12.35
      vertex 21.3055 -1.78766 -4.55
      vertex 21.4865 -1.89613 -4.55
    endloop
  endfacet
  facet normal 0.514043 0.857765 0
    outer loop
      vertex 21.3055 -1.78766 -4.55
      vertex 21.4865 -1.89613 -12.35
      vertex 21.3055 -1.78766 -12.35
    endloop
  endfacet
  facet normal 0.514043 0.857765 -0
    outer loop
      vertex 21.4865 -1.89613 8.55
      vertex 21.3055 -1.78766 12.35
      vertex 21.4865 -1.89613 12.35
    endloop
  endfacet
  facet normal 0.514043 0.857765 0
    outer loop
      vertex 21.3055 -1.78766 12.35
      vertex 21.4865 -1.89613 8.55
      vertex 21.3055 -1.78766 8.55
    endloop
  endfacet
  facet normal -0.671396 -0.741099 0
    outer loop
      vertex 23.8639 1.66197 -12.35
      vertex 24.0203 1.52028 -4.55
      vertex 23.8639 1.66197 -4.55
    endloop
  endfacet
  facet normal -0.671396 -0.741099 -0
    outer loop
      vertex 24.0203 1.52028 -4.55
      vertex 23.8639 1.66197 -12.35
      vertex 24.0203 1.52028 -12.35
    endloop
  endfacet
  facet normal -0.671396 -0.741099 0
    outer loop
      vertex 23.8639 1.66197 8.55
      vertex 24.0203 1.52028 12.35
      vertex 23.8639 1.66197 12.35
    endloop
  endfacet
  facet normal -0.671396 -0.741099 -0
    outer loop
      vertex 24.0203 1.52028 12.35
      vertex 23.8639 1.66197 8.55
      vertex 24.0203 1.52028 8.55
    endloop
  endfacet
  facet normal -0.242959 -0.970036 0
    outer loop
      vertex 22.9194 2.10869 -12.35
      vertex 23.1241 2.05742 -4.55
      vertex 22.9194 2.10869 -4.55
    endloop
  endfacet
  facet normal -0.242959 -0.970036 -0
    outer loop
      vertex 23.1241 2.05742 -4.55
      vertex 22.9194 2.10869 -12.35
      vertex 23.1241 2.05742 -12.35
    endloop
  endfacet
  facet normal -0.242959 -0.970036 0
    outer loop
      vertex 22.9194 2.10869 8.55
      vertex 23.1241 2.05742 12.35
      vertex 22.9194 2.10869 12.35
    endloop
  endfacet
  facet normal -0.242959 -0.970036 -0
    outer loop
      vertex 23.1241 2.05742 12.35
      vertex 22.9194 2.10869 8.55
      vertex 23.1241 2.05742 8.55
    endloop
  endfacet
  facet normal 0.427616 0.903961 -0
    outer loop
      vertex 21.6772 -1.98634 -12.35
      vertex 21.4865 -1.89613 -4.55
      vertex 21.6772 -1.98634 -4.55
    endloop
  endfacet
  facet normal 0.427616 0.903961 0
    outer loop
      vertex 21.4865 -1.89613 -4.55
      vertex 21.6772 -1.98634 -12.35
      vertex 21.4865 -1.89613 -12.35
    endloop
  endfacet
  facet normal 0.427616 0.903961 -0
    outer loop
      vertex 21.6772 -1.98634 8.55
      vertex 21.4865 -1.89613 12.35
      vertex 21.6772 -1.98634 12.35
    endloop
  endfacet
  facet normal 0.427616 0.903961 0
    outer loop
      vertex 21.4865 -1.89613 12.35
      vertex 21.6772 -1.98634 8.55
      vertex 21.4865 -1.89613 8.55
    endloop
  endfacet
  facet normal 0.803179 0.595737 0
    outer loop
      vertex 20.838 -1.36395 -4.55
      vertex 20.7123 -1.19448 -12.35
      vertex 20.7123 -1.19448 -4.55
    endloop
  endfacet
  facet normal 0.803179 0.595737 0
    outer loop
      vertex 20.7123 -1.19448 -12.35
      vertex 20.838 -1.36395 -4.55
      vertex 20.838 -1.36395 -12.35
    endloop
  endfacet
  facet normal 0.803179 0.595737 0
    outer loop
      vertex 20.838 -1.36395 12.35
      vertex 20.7123 -1.19448 8.55
      vertex 20.7123 -1.19448 12.35
    endloop
  endfacet
  facet normal 0.803179 0.595737 0
    outer loop
      vertex 20.7123 -1.19448 8.55
      vertex 20.838 -1.36395 12.35
      vertex 20.838 -1.36395 8.55
    endloop
  endfacet
  facet normal 0.242959 0.970036 -0
    outer loop
      vertex 22.0806 -2.10869 -12.35
      vertex 21.8759 -2.05742 -4.55
      vertex 22.0806 -2.10869 -4.55
    endloop
  endfacet
  facet normal 0.242959 0.970036 0
    outer loop
      vertex 21.8759 -2.05742 -4.55
      vertex 22.0806 -2.10869 -12.35
      vertex 21.8759 -2.05742 -12.35
    endloop
  endfacet
  facet normal 0.242959 0.970036 -0
    outer loop
      vertex 22.0806 -2.10869 8.55
      vertex 21.8759 -2.05742 12.35
      vertex 22.0806 -2.10869 12.35
    endloop
  endfacet
  facet normal 0.242959 0.970036 0
    outer loop
      vertex 21.8759 -2.05742 12.35
      vertex 22.0806 -2.10869 8.55
      vertex 21.8759 -2.05742 8.55
    endloop
  endfacet
  facet normal 0.336823 0.941568 -0
    outer loop
      vertex 21.8759 -2.05742 -12.35
      vertex 21.6772 -1.98634 -4.55
      vertex 21.8759 -2.05742 -4.55
    endloop
  endfacet
  facet normal 0.336823 0.941568 0
    outer loop
      vertex 21.6772 -1.98634 -4.55
      vertex 21.8759 -2.05742 -12.35
      vertex 21.6772 -1.98634 -12.35
    endloop
  endfacet
  facet normal 0.336823 0.941568 -0
    outer loop
      vertex 21.8759 -2.05742 8.55
      vertex 21.6772 -1.98634 12.35
      vertex 21.8759 -2.05742 12.35
    endloop
  endfacet
  facet normal 0.336823 0.941568 0
    outer loop
      vertex 21.6772 -1.98634 12.35
      vertex 21.8759 -2.05742 8.55
      vertex 21.6772 -1.98634 8.55
    endloop
  endfacet
  facet normal 0.989217 0.146457 0
    outer loop
      vertex 20.3913 -0.419444 -4.55
      vertex 20.3604 -0.210736 -12.35
      vertex 20.3604 -0.210736 -4.55
    endloop
  endfacet
  facet normal 0.989217 0.146457 0
    outer loop
      vertex 20.3604 -0.210736 -12.35
      vertex 20.3913 -0.419444 -4.55
      vertex 20.3913 -0.419444 -12.35
    endloop
  endfacet
  facet normal 0.989217 0.146457 0
    outer loop
      vertex 20.3913 -0.419444 12.35
      vertex 20.3604 -0.210736 8.55
      vertex 20.3604 -0.210736 12.35
    endloop
  endfacet
  facet normal 0.989217 0.146457 0
    outer loop
      vertex 20.3604 -0.210736 8.55
      vertex 20.3913 -0.419444 12.35
      vertex 20.3913 -0.419444 8.55
    endloop
  endfacet
  facet normal 0.595866 0.803084 -0
    outer loop
      vertex 21.3055 -1.78766 -12.35
      vertex 21.1361 -1.66197 -4.55
      vertex 21.3055 -1.78766 -4.55
    endloop
  endfacet
  facet normal 0.595866 0.803084 0
    outer loop
      vertex 21.1361 -1.66197 -4.55
      vertex 21.3055 -1.78766 -12.35
      vertex 21.1361 -1.66197 -12.35
    endloop
  endfacet
  facet normal 0.595866 0.803084 -0
    outer loop
      vertex 21.3055 -1.78766 8.55
      vertex 21.1361 -1.66197 12.35
      vertex 21.3055 -1.78766 12.35
    endloop
  endfacet
  facet normal 0.595866 0.803084 0
    outer loop
      vertex 21.1361 -1.66197 12.35
      vertex 21.3055 -1.78766 8.55
      vertex 21.1361 -1.66197 8.55
    endloop
  endfacet
  facet normal 0.904006 0.42752 0
    outer loop
      vertex 20.6039 -1.0135 -4.55
      vertex 20.5137 -0.822769 -12.35
      vertex 20.5137 -0.822769 -4.55
    endloop
  endfacet
  facet normal 0.904006 0.42752 0
    outer loop
      vertex 20.5137 -0.822769 -12.35
      vertex 20.6039 -1.0135 -4.55
      vertex 20.6039 -1.0135 -12.35
    endloop
  endfacet
  facet normal 0.904006 0.42752 0
    outer loop
      vertex 20.6039 -1.0135 12.35
      vertex 20.5137 -0.822769 8.55
      vertex 20.5137 -0.822769 12.35
    endloop
  endfacet
  facet normal 0.904006 0.42752 0
    outer loop
      vertex 20.5137 -0.822769 8.55
      vertex 20.6039 -1.0135 12.35
      vertex 20.6039 -1.0135 8.55
    endloop
  endfacet
  facet normal 0.941515 -0.33697 0
    outer loop
      vertex 20.4426 0.624111 -4.55
      vertex 20.5137 0.822769 -12.35
      vertex 20.5137 0.822769 -4.55
    endloop
  endfacet
  facet normal 0.941515 -0.33697 0
    outer loop
      vertex 20.5137 0.822769 -12.35
      vertex 20.4426 0.624111 -4.55
      vertex 20.4426 0.624111 -12.35
    endloop
  endfacet
  facet normal 0.941515 -0.33697 0
    outer loop
      vertex 20.4426 0.624111 12.35
      vertex 20.5137 0.822769 8.55
      vertex 20.5137 0.822769 12.35
    endloop
  endfacet
  facet normal 0.941515 -0.33697 0
    outer loop
      vertex 20.5137 0.822769 8.55
      vertex 20.4426 0.624111 12.35
      vertex 20.4426 0.624111 8.55
    endloop
  endfacet
  facet normal 0.803179 -0.595737 0
    outer loop
      vertex 20.7123 1.19448 -4.55
      vertex 20.838 1.36395 -12.35
      vertex 20.838 1.36395 -4.55
    endloop
  endfacet
  facet normal 0.803179 -0.595737 0
    outer loop
      vertex 20.838 1.36395 -12.35
      vertex 20.7123 1.19448 -4.55
      vertex 20.7123 1.19448 -12.35
    endloop
  endfacet
  facet normal 0.803179 -0.595737 0
    outer loop
      vertex 20.7123 1.19448 12.35
      vertex 20.838 1.36395 8.55
      vertex 20.838 1.36395 12.35
    endloop
  endfacet
  facet normal 0.803179 -0.595737 0
    outer loop
      vertex 20.838 1.36395 8.55
      vertex 20.7123 1.19448 12.35
      vertex 20.7123 1.19448 8.55
    endloop
  endfacet
  facet normal 0.998784 -0.0492909 0
    outer loop
      vertex 20.35 0 -4.55
      vertex 20.3604 0.210736 -12.35
      vertex 20.3604 0.210736 -4.55
    endloop
  endfacet
  facet normal 0.998784 -0.0492909 0
    outer loop
      vertex 20.3604 0.210736 -12.35
      vertex 20.35 0 -4.55
      vertex 20.35 0 -12.35
    endloop
  endfacet
  facet normal 0.998784 -0.0492909 0
    outer loop
      vertex 20.35 0 12.35
      vertex 20.3604 0.210736 8.55
      vertex 20.3604 0.210736 12.35
    endloop
  endfacet
  facet normal 0.998784 -0.0492909 0
    outer loop
      vertex 20.3604 0.210736 8.55
      vertex 20.35 0 12.35
      vertex 20.35 0 8.55
    endloop
  endfacet
  facet normal -0.740926 0.671587 0
    outer loop
      vertex 24.0203 -1.52028 -12.35
      vertex 24.162 -1.36395 -4.55
      vertex 24.162 -1.36395 -12.35
    endloop
  endfacet
  facet normal -0.740926 0.671587 0
    outer loop
      vertex 24.162 -1.36395 -4.55
      vertex 24.0203 -1.52028 -12.35
      vertex 24.0203 -1.52028 -4.55
    endloop
  endfacet
  facet normal -0.740926 0.671587 0
    outer loop
      vertex 24.0203 -1.52028 8.55
      vertex 24.162 -1.36395 12.35
      vertex 24.162 -1.36395 8.55
    endloop
  endfacet
  facet normal -0.740926 0.671587 0
    outer loop
      vertex 24.162 -1.36395 12.35
      vertex 24.0203 -1.52028 8.55
      vertex 24.0203 -1.52028 12.35
    endloop
  endfacet
  facet normal -0.671396 0.741099 0
    outer loop
      vertex 24.0203 -1.52028 -12.35
      vertex 23.8639 -1.66197 -4.55
      vertex 24.0203 -1.52028 -4.55
    endloop
  endfacet
  facet normal -0.671396 0.741099 0
    outer loop
      vertex 23.8639 -1.66197 -4.55
      vertex 24.0203 -1.52028 -12.35
      vertex 23.8639 -1.66197 -12.35
    endloop
  endfacet
  facet normal -0.671396 0.741099 0
    outer loop
      vertex 24.0203 -1.52028 8.55
      vertex 23.8639 -1.66197 12.35
      vertex 24.0203 -1.52028 12.35
    endloop
  endfacet
  facet normal -0.671396 0.741099 0
    outer loop
      vertex 23.8639 -1.66197 12.35
      vertex 24.0203 -1.52028 8.55
      vertex 23.8639 -1.66197 8.55
    endloop
  endfacet
  facet normal 0 -0.243015 0.970022
    outer loop
      vertex -20 -7.52103 -1.57895
      vertex -10 -7.6781 -1.6183
      vertex -10 -7.52103 -1.57895
    endloop
  endfacet
  facet normal 0 -0.243015 0.970022
    outer loop
      vertex -10 -7.6781 -1.6183
      vertex -20 -7.52103 -1.57895
      vertex -20 -7.6781 -1.6183
    endloop
  endfacet
  facet normal 0 -0.243015 0.970022
    outer loop
      vertex 10 -7.52103 -1.57895
      vertex 20 -7.6781 -1.6183
      vertex 20 -7.52103 -1.57895
    endloop
  endfacet
  facet normal 0 -0.243015 0.970022
    outer loop
      vertex 20 -7.6781 -1.6183
      vertex 10 -7.52103 -1.57895
      vertex 10 -7.6781 -1.6183
    endloop
  endfacet
  facet normal 0 0.903992 0.427549
    outer loop
      vertex 20 -9.45517 -0.777804
      vertex 10 -9.5244 -0.631427
      vertex 20 -9.5244 -0.631427
    endloop
  endfacet
  facet normal 0 0.903992 0.427549
    outer loop
      vertex 10 -9.5244 -0.631427
      vertex 20 -9.45517 -0.777804
      vertex 10 -9.45517 -0.777804
    endloop
  endfacet
  facet normal 0 0.903992 0.427549
    outer loop
      vertex -10 -9.45517 -0.777804
      vertex -20 -9.5244 -0.631427
      vertex -10 -9.5244 -0.631427
    endloop
  endfacet
  facet normal 0 0.903992 0.427549
    outer loop
      vertex -20 -9.5244 -0.631427
      vertex -10 -9.45517 -0.777804
      vertex -20 -9.45517 -0.777804
    endloop
  endfacet
  facet normal 0 0.941544 0.33689
    outer loop
      vertex 20 -9.5244 -0.631427
      vertex 10 -9.57895 -0.47897
      vertex 20 -9.57895 -0.47897
    endloop
  endfacet
  facet normal 0 0.941544 0.33689
    outer loop
      vertex 10 -9.57895 -0.47897
      vertex 20 -9.5244 -0.631427
      vertex 10 -9.5244 -0.631427
    endloop
  endfacet
  facet normal 0 0.941544 0.33689
    outer loop
      vertex -10 -9.5244 -0.631427
      vertex -20 -9.57895 -0.47897
      vertex -10 -9.57895 -0.47897
    endloop
  endfacet
  facet normal 0 0.941544 0.33689
    outer loop
      vertex -20 -9.57895 -0.47897
      vertex -10 -9.5244 -0.631427
      vertex -20 -9.5244 -0.631427
    endloop
  endfacet
  facet normal 0 -0.595663 0.803234
    outer loop
      vertex 10 -6.95325 -1.27547
      vertex 20 -7.08331 -1.37192
      vertex 20 -6.95325 -1.27547
    endloop
  endfacet
  facet normal 0 -0.595663 0.803234
    outer loop
      vertex 20 -7.08331 -1.37192
      vertex 10 -6.95325 -1.27547
      vertex 10 -7.08331 -1.37192
    endloop
  endfacet
  facet normal 0 -0.595663 0.803234
    outer loop
      vertex -20 -6.95325 -1.27547
      vertex -10 -7.08331 -1.37192
      vertex -10 -6.95325 -1.27547
    endloop
  endfacet
  facet normal 0 -0.595663 0.803234
    outer loop
      vertex -10 -7.08331 -1.37192
      vertex -20 -6.95325 -1.27547
      vertex -20 -7.08331 -1.37192
    endloop
  endfacet
  facet normal 0 0.989185 0.146676
    outer loop
      vertex 20 -9.6183 -0.321898
      vertex 10 -9.64205 -0.161728
      vertex 20 -9.64205 -0.161728
    endloop
  endfacet
  facet normal 0 0.989185 0.146676
    outer loop
      vertex 10 -9.64205 -0.161728
      vertex 20 -9.6183 -0.321898
      vertex 10 -9.6183 -0.321898
    endloop
  endfacet
  facet normal 0 0.989185 0.146676
    outer loop
      vertex -10 -9.6183 -0.321898
      vertex -20 -9.64205 -0.161728
      vertex -10 -9.64205 -0.161728
    endloop
  endfacet
  facet normal 0 0.989185 0.146676
    outer loop
      vertex -20 -9.64205 -0.161728
      vertex -10 -9.6183 -0.321898
      vertex -20 -9.6183 -0.321898
    endloop
  endfacet
  facet normal 0 -0.0490967 0.998794
    outer loop
      vertex 10 -7.83827 -1.64205
      vertex 20 -8 -1.65
      vertex 20 -7.83827 -1.64205
    endloop
  endfacet
  facet normal 0 -0.0490967 0.998794
    outer loop
      vertex 20 -8 -1.65
      vertex 10 -7.83827 -1.64205
      vertex 10 -8 -1.65
    endloop
  endfacet
  facet normal 0 -0.0490967 0.998794
    outer loop
      vertex -20 -7.83827 -1.64205
      vertex -10 -8 -1.65
      vertex -10 -7.83827 -1.64205
    endloop
  endfacet
  facet normal 0 -0.0490967 0.998794
    outer loop
      vertex -10 -8 -1.65
      vertex -20 -7.83827 -1.64205
      vertex -20 -8 -1.65
    endloop
  endfacet
  facet normal 0 0.998794 -0.0490973
    outer loop
      vertex -10 -9.65 0
      vertex -20 -9.64205 0.161728
      vertex -10 -9.64205 0.161728
    endloop
  endfacet
  facet normal 0 0.998794 -0.0490973
    outer loop
      vertex -20 -9.64205 0.161728
      vertex -10 -9.65 0
      vertex -20 -9.65 0
    endloop
  endfacet
  facet normal 0 0.998794 -0.0490973
    outer loop
      vertex 20 -9.65 0
      vertex 10 -9.64205 0.161728
      vertex 20 -9.64205 0.161728
    endloop
  endfacet
  facet normal 0 0.998794 -0.0490973
    outer loop
      vertex 10 -9.64205 0.161728
      vertex 20 -9.65 0
      vertex 10 -9.65 0
    endloop
  endfacet
  facet normal 0 -0.427542 0.903995
    outer loop
      vertex -20 -7.22219 -1.45517
      vertex -10 -7.36857 -1.5244
      vertex -10 -7.22219 -1.45517
    endloop
  endfacet
  facet normal 0 -0.427542 0.903995
    outer loop
      vertex -10 -7.36857 -1.5244
      vertex -20 -7.22219 -1.45517
      vertex -20 -7.36857 -1.5244
    endloop
  endfacet
  facet normal 0 -0.427542 0.903995
    outer loop
      vertex 10 -7.22219 -1.45517
      vertex 20 -7.36857 -1.5244
      vertex 20 -7.22219 -1.45517
    endloop
  endfacet
  facet normal 0 -0.427542 0.903995
    outer loop
      vertex 20 -7.36857 -1.5244
      vertex 10 -7.22219 -1.45517
      vertex 10 -7.36857 -1.5244
    endloop
  endfacet
  facet normal 0 -0.857744 0.514076
    outer loop
      vertex 10 -6.62807 -0.916691
      vertex 20 -6.55 -0.78643
      vertex 10 -6.55 -0.78643
    endloop
  endfacet
  facet normal 0 -0.857744 0.514076
    outer loop
      vertex 20 -6.55 -0.78643
      vertex 10 -6.62807 -0.916691
      vertex 20 -6.62807 -0.916691
    endloop
  endfacet
  facet normal 0 -0.857744 0.514076
    outer loop
      vertex -20 -6.62807 -0.916691
      vertex -10 -6.55 -0.78643
      vertex -20 -6.55 -0.78643
    endloop
  endfacet
  facet normal 0 -0.857744 0.514076
    outer loop
      vertex -10 -6.55 -0.78643
      vertex -20 -6.62807 -0.916691
      vertex -10 -6.62807 -0.916691
    endloop
  endfacet
  facet normal 0 0.989185 -0.146676
    outer loop
      vertex -10 -9.64205 0.161728
      vertex -20 -9.6183 0.321898
      vertex -10 -9.6183 0.321898
    endloop
  endfacet
  facet normal 0 0.989185 -0.146676
    outer loop
      vertex -20 -9.6183 0.321898
      vertex -10 -9.64205 0.161728
      vertex -20 -9.64205 0.161728
    endloop
  endfacet
  facet normal 0 0.989185 -0.146676
    outer loop
      vertex 20 -9.64205 0.161728
      vertex 10 -9.6183 0.321898
      vertex 20 -9.6183 0.321898
    endloop
  endfacet
  facet normal 0 0.989185 -0.146676
    outer loop
      vertex 10 -9.6183 0.321898
      vertex 20 -9.64205 0.161728
      vertex 10 -9.64205 0.161728
    endloop
  endfacet
  facet normal 0 -0.595663 -0.803234
    outer loop
      vertex -20 -7.08331 1.37192
      vertex -10 -6.95325 1.27547
      vertex -10 -7.08331 1.37192
    endloop
  endfacet
  facet normal -0 -0.595663 -0.803234
    outer loop
      vertex -10 -6.95325 1.27547
      vertex -20 -7.08331 1.37192
      vertex -20 -6.95325 1.27547
    endloop
  endfacet
  facet normal 0 -0.595663 -0.803234
    outer loop
      vertex 10 -7.08331 1.37192
      vertex 20 -6.95325 1.27547
      vertex 20 -7.08331 1.37192
    endloop
  endfacet
  facet normal -0 -0.595663 -0.803234
    outer loop
      vertex 20 -6.95325 1.27547
      vertex 10 -7.08331 1.37192
      vertex 10 -6.95325 1.27547
    endloop
  endfacet
  facet normal 0 -0.146676 -0.989185
    outer loop
      vertex -20 -7.83827 1.64205
      vertex -10 -7.6781 1.6183
      vertex -10 -7.83827 1.64205
    endloop
  endfacet
  facet normal -0 -0.146676 -0.989185
    outer loop
      vertex -10 -7.6781 1.6183
      vertex -20 -7.83827 1.64205
      vertex -20 -7.6781 1.6183
    endloop
  endfacet
  facet normal 0 -0.146676 -0.989185
    outer loop
      vertex 10 -7.83827 1.64205
      vertex 20 -7.6781 1.6183
      vertex 20 -7.83827 1.64205
    endloop
  endfacet
  facet normal -0 -0.146676 -0.989185
    outer loop
      vertex 20 -7.6781 1.6183
      vertex 10 -7.83827 1.64205
      vertex 10 -7.6781 1.6183
    endloop
  endfacet
  facet normal 0 0.740962 -0.671547
    outer loop
      vertex 20 -9.27547 1.04675
      vertex 10 -9.16673 1.16673
      vertex 20 -9.16673 1.16673
    endloop
  endfacet
  facet normal 0 0.740962 -0.671547
    outer loop
      vertex 10 -9.16673 1.16673
      vertex 20 -9.27547 1.04675
      vertex 10 -9.27547 1.04675
    endloop
  endfacet
  facet normal 0 0.740962 -0.671547
    outer loop
      vertex -10 -9.27547 1.04675
      vertex -20 -9.16673 1.16673
      vertex -10 -9.16673 1.16673
    endloop
  endfacet
  facet normal 0 0.740962 -0.671547
    outer loop
      vertex -20 -9.16673 1.16673
      vertex -10 -9.27547 1.04675
      vertex -20 -9.27547 1.04675
    endloop
  endfacet
  facet normal 0 0.336884 -0.941546
    outer loop
      vertex -20 -8.63143 1.5244
      vertex -10 -8.47897 1.57895
      vertex -10 -8.63143 1.5244
    endloop
  endfacet
  facet normal 0 0.336884 -0.941546
    outer loop
      vertex -10 -8.47897 1.57895
      vertex -20 -8.63143 1.5244
      vertex -20 -8.47897 1.57895
    endloop
  endfacet
  facet normal 0 0.336884 -0.941546
    outer loop
      vertex 10 -8.63143 1.5244
      vertex 20 -8.47897 1.57895
      vertex 20 -8.63143 1.5244
    endloop
  endfacet
  facet normal 0 0.336884 -0.941546
    outer loop
      vertex 20 -8.47897 1.57895
      vertex 10 -8.63143 1.5244
      vertex 10 -8.47897 1.57895
    endloop
  endfacet
  facet normal 0 0.857717 0.514122
    outer loop
      vertex -10 -9.37192 -0.916691
      vertex -20 -9.45517 -0.777804
      vertex -10 -9.45517 -0.777804
    endloop
  endfacet
  facet normal 0 0.857717 0.514122
    outer loop
      vertex -20 -9.45517 -0.777804
      vertex -10 -9.37192 -0.916691
      vertex -20 -9.37192 -0.916691
    endloop
  endfacet
  facet normal 0 0.857717 0.514122
    outer loop
      vertex 20 -9.37192 -0.916691
      vertex 10 -9.45517 -0.777804
      vertex 20 -9.45517 -0.777804
    endloop
  endfacet
  facet normal 0 0.857717 0.514122
    outer loop
      vertex 10 -9.45517 -0.777804
      vertex 20 -9.37192 -0.916691
      vertex 10 -9.37192 -0.916691
    endloop
  endfacet
  facet normal 0 0.941544 -0.33689
    outer loop
      vertex -10 -9.57895 0.47897
      vertex -20 -9.5244 0.631427
      vertex -10 -9.5244 0.631427
    endloop
  endfacet
  facet normal 0 0.941544 -0.33689
    outer loop
      vertex -20 -9.5244 0.631427
      vertex -10 -9.57895 0.47897
      vertex -20 -9.57895 0.47897
    endloop
  endfacet
  facet normal 0 0.941544 -0.33689
    outer loop
      vertex 20 -9.57895 0.47897
      vertex 10 -9.5244 0.631427
      vertex 20 -9.5244 0.631427
    endloop
  endfacet
  facet normal 0 0.941544 -0.33689
    outer loop
      vertex 10 -9.5244 0.631427
      vertex 20 -9.57895 0.47897
      vertex 10 -9.57895 0.47897
    endloop
  endfacet
  facet normal -0 0.671547 0.740962
    outer loop
      vertex -20 -9.04675 -1.27547
      vertex -10 -9.16673 -1.16673
      vertex -10 -9.04675 -1.27547
    endloop
  endfacet
  facet normal 0 0.671547 0.740962
    outer loop
      vertex -10 -9.16673 -1.16673
      vertex -20 -9.04675 -1.27547
      vertex -20 -9.16673 -1.16673
    endloop
  endfacet
  facet normal -0 0.671547 0.740962
    outer loop
      vertex 10 -9.04675 -1.27547
      vertex 20 -9.16673 -1.16673
      vertex 20 -9.04675 -1.27547
    endloop
  endfacet
  facet normal 0 0.671547 0.740962
    outer loop
      vertex 20 -9.16673 -1.16673
      vertex 10 -9.04675 -1.27547
      vertex 10 -9.16673 -1.16673
    endloop
  endfacet
  facet normal 0 -0.336884 -0.941546
    outer loop
      vertex 10 -7.52103 1.57895
      vertex 20 -7.36857 1.5244
      vertex 20 -7.52103 1.57895
    endloop
  endfacet
  facet normal -0 -0.336884 -0.941546
    outer loop
      vertex 20 -7.36857 1.5244
      vertex 10 -7.52103 1.57895
      vertex 10 -7.36857 1.5244
    endloop
  endfacet
  facet normal 0 -0.336884 -0.941546
    outer loop
      vertex -20 -7.52103 1.57895
      vertex -10 -7.36857 1.5244
      vertex -10 -7.52103 1.57895
    endloop
  endfacet
  facet normal -0 -0.336884 -0.941546
    outer loop
      vertex -10 -7.36857 1.5244
      vertex -20 -7.52103 1.57895
      vertex -20 -7.36857 1.5244
    endloop
  endfacet
  facet normal 0 0.803232 -0.595666
    outer loop
      vertex -10 -9.37192 0.916691
      vertex -20 -9.27547 1.04675
      vertex -10 -9.27547 1.04675
    endloop
  endfacet
  facet normal 0 0.803232 -0.595666
    outer loop
      vertex -20 -9.27547 1.04675
      vertex -10 -9.37192 0.916691
      vertex -20 -9.37192 0.916691
    endloop
  endfacet
  facet normal 0 0.803232 -0.595666
    outer loop
      vertex 20 -9.37192 0.916691
      vertex 10 -9.27547 1.04675
      vertex 20 -9.27547 1.04675
    endloop
  endfacet
  facet normal 0 0.803232 -0.595666
    outer loop
      vertex 10 -9.27547 1.04675
      vertex 20 -9.37192 0.916691
      vertex 10 -9.37192 0.916691
    endloop
  endfacet
  facet normal -0 0.243015 0.970022
    outer loop
      vertex 10 -8.3219 -1.6183
      vertex 20 -8.47897 -1.57895
      vertex 20 -8.3219 -1.6183
    endloop
  endfacet
  facet normal 0 0.243015 0.970022
    outer loop
      vertex 20 -8.47897 -1.57895
      vertex 10 -8.3219 -1.6183
      vertex 10 -8.47897 -1.57895
    endloop
  endfacet
  facet normal -0 0.243015 0.970022
    outer loop
      vertex -20 -8.3219 -1.6183
      vertex -10 -8.47897 -1.57895
      vertex -10 -8.3219 -1.6183
    endloop
  endfacet
  facet normal 0 0.243015 0.970022
    outer loop
      vertex -10 -8.47897 -1.57895
      vertex -20 -8.3219 -1.6183
      vertex -20 -8.47897 -1.57895
    endloop
  endfacet
  facet normal 0 -0.857744 -0.514076
    outer loop
      vertex 10 -6.55 0.78643
      vertex 20 -6.62807 0.916691
      vertex 10 -6.62807 0.916691
    endloop
  endfacet
  facet normal 0 -0.857744 -0.514076
    outer loop
      vertex 20 -6.62807 0.916691
      vertex 10 -6.55 0.78643
      vertex 20 -6.55 0.78643
    endloop
  endfacet
  facet normal 0 -0.857744 -0.514076
    outer loop
      vertex -20 -6.55 0.78643
      vertex -10 -6.62807 0.916691
      vertex -20 -6.62807 0.916691
    endloop
  endfacet
  facet normal 0 -0.857744 -0.514076
    outer loop
      vertex -10 -6.62807 0.916691
      vertex -20 -6.55 0.78643
      vertex -10 -6.55 0.78643
    endloop
  endfacet
  facet normal 0 0.0490967 -0.998794
    outer loop
      vertex -20 -8.16173 1.64205
      vertex -10 -8 1.65
      vertex -10 -8.16173 1.64205
    endloop
  endfacet
  facet normal 0 0.0490967 -0.998794
    outer loop
      vertex -10 -8 1.65
      vertex -20 -8.16173 1.64205
      vertex -20 -8 1.65
    endloop
  endfacet
  facet normal 0 0.0490967 -0.998794
    outer loop
      vertex 10 -8.16173 1.64205
      vertex 20 -8 1.65
      vertex 20 -8.16173 1.64205
    endloop
  endfacet
  facet normal 0 0.0490967 -0.998794
    outer loop
      vertex 20 -8 1.65
      vertex 10 -8.16173 1.64205
      vertex 10 -8 1.65
    endloop
  endfacet
  facet normal 1 0 0
    outer loop
      vertex -20 -6.62807 0.916691
      vertex -20 -6.55 -0.78643
      vertex -20 -6.55 0.78643
    endloop
  endfacet
  facet normal 1 0 0
    outer loop
      vertex -20 -6.62807 0.916691
      vertex -20 -6.62807 -0.916691
      vertex -20 -6.55 -0.78643
    endloop
  endfacet
  facet normal 1 0 0
    outer loop
      vertex -20 -6.72453 1.04675
      vertex -20 -6.62807 -0.916691
      vertex -20 -6.62807 0.916691
    endloop
  endfacet
  facet normal 1 0 0
    outer loop
      vertex -20 -6.72453 1.04675
      vertex -20 -6.72453 -1.04675
      vertex -20 -6.62807 -0.916691
    endloop
  endfacet
  facet normal 1 0 0
    outer loop
      vertex -20 -6.83327 1.16673
      vertex -20 -6.72453 -1.04675
      vertex -20 -6.72453 1.04675
    endloop
  endfacet
  facet normal 1 0 0
    outer loop
      vertex -20 -6.83327 1.16673
      vertex -20 -6.83327 -1.16673
      vertex -20 -6.72453 -1.04675
    endloop
  endfacet
  facet normal 1 0 0
    outer loop
      vertex -20 -6.95325 1.27547
      vertex -20 -6.83327 -1.16673
      vertex -20 -6.83327 1.16673
    endloop
  endfacet
  facet normal 1 0 0
    outer loop
      vertex -20 -6.95325 1.27547
      vertex -20 -6.95325 -1.27547
      vertex -20 -6.83327 -1.16673
    endloop
  endfacet
  facet normal 1 0 0
    outer loop
      vertex -20 -7.08331 1.37192
      vertex -20 -6.95325 -1.27547
      vertex -20 -6.95325 1.27547
    endloop
  endfacet
  facet normal 1 0 0
    outer loop
      vertex -20 -7.08331 1.37192
      vertex -20 -7.08331 -1.37192
      vertex -20 -6.95325 -1.27547
    endloop
  endfacet
  facet normal 1 0 0
    outer loop
      vertex -20 -7.22219 1.45517
      vertex -20 -7.08331 -1.37192
      vertex -20 -7.08331 1.37192
    endloop
  endfacet
  facet normal 1 0 0
    outer loop
      vertex -20 -7.22219 1.45517
      vertex -20 -7.22219 -1.45517
      vertex -20 -7.08331 -1.37192
    endloop
  endfacet
  facet normal 1 0 0
    outer loop
      vertex -20 -7.36857 1.5244
      vertex -20 -7.22219 -1.45517
      vertex -20 -7.22219 1.45517
    endloop
  endfacet
  facet normal 1 0 0
    outer loop
      vertex -20 -7.36857 1.5244
      vertex -20 -7.36857 -1.5244
      vertex -20 -7.22219 -1.45517
    endloop
  endfacet
  facet normal 1 0 0
    outer loop
      vertex -20 -7.52103 1.57895
      vertex -20 -7.36857 -1.5244
      vertex -20 -7.36857 1.5244
    endloop
  endfacet
  facet normal 1 0 0
    outer loop
      vertex -20 -7.52103 1.57895
      vertex -20 -7.52103 -1.57895
      vertex -20 -7.36857 -1.5244
    endloop
  endfacet
  facet normal 1 0 0
    outer loop
      vertex -20 -7.6781 1.6183
      vertex -20 -7.52103 -1.57895
      vertex -20 -7.52103 1.57895
    endloop
  endfacet
  facet normal 1 0 0
    outer loop
      vertex -20 -7.6781 1.6183
      vertex -20 -7.6781 -1.6183
      vertex -20 -7.52103 -1.57895
    endloop
  endfacet
  facet normal 1 0 0
    outer loop
      vertex -20 -7.83827 1.64205
      vertex -20 -7.6781 -1.6183
      vertex -20 -7.6781 1.6183
    endloop
  endfacet
  facet normal 1 0 0
    outer loop
      vertex -20 -7.83827 1.64205
      vertex -20 -7.83827 -1.64205
      vertex -20 -7.6781 -1.6183
    endloop
  endfacet
  facet normal 1 0 0
    outer loop
      vertex -20 -8 1.65
      vertex -20 -7.83827 -1.64205
      vertex -20 -7.83827 1.64205
    endloop
  endfacet
  facet normal 1 0 0
    outer loop
      vertex -20 -8 1.65
      vertex -20 -8 -1.65
      vertex -20 -7.83827 -1.64205
    endloop
  endfacet
  facet normal 1 -0 0
    outer loop
      vertex -20 -8.16173 1.64205
      vertex -20 -8 -1.65
      vertex -20 -8 1.65
    endloop
  endfacet
  facet normal 1 0 0
    outer loop
      vertex -20 -8.16173 1.64205
      vertex -20 -8.16173 -1.64205
      vertex -20 -8 -1.65
    endloop
  endfacet
  facet normal 1 -0 0
    outer loop
      vertex -20 -8.3219 1.6183
      vertex -20 -8.16173 -1.64205
      vertex -20 -8.16173 1.64205
    endloop
  endfacet
  facet normal 1 0 0
    outer loop
      vertex -20 -8.3219 1.6183
      vertex -20 -8.3219 -1.6183
      vertex -20 -8.16173 -1.64205
    endloop
  endfacet
  facet normal 1 -0 0
    outer loop
      vertex -20 -8.47897 1.57895
      vertex -20 -8.3219 -1.6183
      vertex -20 -8.3219 1.6183
    endloop
  endfacet
  facet normal 1 0 0
    outer loop
      vertex -20 -8.47897 1.57895
      vertex -20 -8.47897 -1.57895
      vertex -20 -8.3219 -1.6183
    endloop
  endfacet
  facet normal 1 -0 0
    outer loop
      vertex -20 -8.63143 1.5244
      vertex -20 -8.47897 -1.57895
      vertex -20 -8.47897 1.57895
    endloop
  endfacet
  facet normal 1 0 0
    outer loop
      vertex -20 -8.63143 1.5244
      vertex -20 -8.63143 -1.5244
      vertex -20 -8.47897 -1.57895
    endloop
  endfacet
  facet normal 1 -0 0
    outer loop
      vertex -20 -8.7778 1.45517
      vertex -20 -8.63143 -1.5244
      vertex -20 -8.63143 1.5244
    endloop
  endfacet
  facet normal 1 0 0
    outer loop
      vertex -20 -8.7778 1.45517
      vertex -20 -8.7778 -1.45517
      vertex -20 -8.63143 -1.5244
    endloop
  endfacet
  facet normal 1 -0 0
    outer loop
      vertex -20 -8.91669 1.37192
      vertex -20 -8.7778 -1.45517
      vertex -20 -8.7778 1.45517
    endloop
  endfacet
  facet normal 1 0 0
    outer loop
      vertex -20 -8.91669 1.37192
      vertex -20 -8.91669 -1.37192
      vertex -20 -8.7778 -1.45517
    endloop
  endfacet
  facet normal 1 -0 0
    outer loop
      vertex -20 -9.04675 1.27547
      vertex -20 -8.91669 -1.37192
      vertex -20 -8.91669 1.37192
    endloop
  endfacet
  facet normal 1 0 0
    outer loop
      vertex -20 -9.04675 1.27547
      vertex -20 -9.04675 -1.27547
      vertex -20 -8.91669 -1.37192
    endloop
  endfacet
  facet normal 1 -0 0
    outer loop
      vertex -20 -9.16673 1.16673
      vertex -20 -9.04675 -1.27547
      vertex -20 -9.04675 1.27547
    endloop
  endfacet
  facet normal 1 0 0
    outer loop
      vertex -20 -9.16673 1.16673
      vertex -20 -9.16673 -1.16673
      vertex -20 -9.04675 -1.27547
    endloop
  endfacet
  facet normal 1 -0 0
    outer loop
      vertex -20 -9.27547 1.04675
      vertex -20 -9.16673 -1.16673
      vertex -20 -9.16673 1.16673
    endloop
  endfacet
  facet normal 1 0 0
    outer loop
      vertex -20 -9.27547 1.04675
      vertex -20 -9.27547 -1.04675
      vertex -20 -9.16673 -1.16673
    endloop
  endfacet
  facet normal 1 -0 0
    outer loop
      vertex -20 -9.37192 0.916691
      vertex -20 -9.27547 -1.04675
      vertex -20 -9.27547 1.04675
    endloop
  endfacet
  facet normal 1 0 0
    outer loop
      vertex -20 -9.37192 0.916691
      vertex -20 -9.37192 -0.916691
      vertex -20 -9.27547 -1.04675
    endloop
  endfacet
  facet normal 1 -0 0
    outer loop
      vertex -20 -9.45517 0.777804
      vertex -20 -9.37192 -0.916691
      vertex -20 -9.37192 0.916691
    endloop
  endfacet
  facet normal 1 0 0
    outer loop
      vertex -20 -9.45517 0.777804
      vertex -20 -9.45517 -0.777804
      vertex -20 -9.37192 -0.916691
    endloop
  endfacet
  facet normal 1 -0 0
    outer loop
      vertex -20 -9.5244 0.631427
      vertex -20 -9.45517 -0.777804
      vertex -20 -9.45517 0.777804
    endloop
  endfacet
  facet normal 1 0 0
    outer loop
      vertex -20 -9.5244 0.631427
      vertex -20 -9.5244 -0.631427
      vertex -20 -9.45517 -0.777804
    endloop
  endfacet
  facet normal 1 -0 0
    outer loop
      vertex -20 -9.57895 0.47897
      vertex -20 -9.5244 -0.631427
      vertex -20 -9.5244 0.631427
    endloop
  endfacet
  facet normal 1 0 0
    outer loop
      vertex -20 -9.57895 0.47897
      vertex -20 -9.57895 -0.47897
      vertex -20 -9.5244 -0.631427
    endloop
  endfacet
  facet normal 1 -0 0
    outer loop
      vertex -20 -9.6183 0.321898
      vertex -20 -9.57895 -0.47897
      vertex -20 -9.57895 0.47897
    endloop
  endfacet
  facet normal 1 0 0
    outer loop
      vertex -20 -9.6183 0.321898
      vertex -20 -9.6183 -0.321898
      vertex -20 -9.57895 -0.47897
    endloop
  endfacet
  facet normal 1 -0 0
    outer loop
      vertex -20 -9.64205 0.161728
      vertex -20 -9.6183 -0.321898
      vertex -20 -9.6183 0.321898
    endloop
  endfacet
  facet normal 1 0 0
    outer loop
      vertex -20 -9.64205 0.161728
      vertex -20 -9.64205 -0.161728
      vertex -20 -9.6183 -0.321898
    endloop
  endfacet
  facet normal 1 0 -0
    outer loop
      vertex -20 -9.64205 -0.161728
      vertex -20 -9.64205 0.161728
      vertex -20 -9.65 0
    endloop
  endfacet
  facet normal 0 -0.803203 -0.595706
    outer loop
      vertex 10 -6.62807 0.916691
      vertex 20 -6.72453 1.04675
      vertex 10 -6.72453 1.04675
    endloop
  endfacet
  facet normal 0 -0.803203 -0.595706
    outer loop
      vertex 20 -6.72453 1.04675
      vertex 10 -6.62807 0.916691
      vertex 20 -6.62807 0.916691
    endloop
  endfacet
  facet normal 0 -0.803203 -0.595706
    outer loop
      vertex -20 -6.62807 0.916691
      vertex -10 -6.72453 1.04675
      vertex -20 -6.72453 1.04675
    endloop
  endfacet
  facet normal 0 -0.803203 -0.595706
    outer loop
      vertex -10 -6.72453 1.04675
      vertex -20 -6.62807 0.916691
      vertex -10 -6.62807 0.916691
    endloop
  endfacet
  facet normal 0 -0.146676 0.989185
    outer loop
      vertex -20 -7.6781 -1.6183
      vertex -10 -7.83827 -1.64205
      vertex -10 -7.6781 -1.6183
    endloop
  endfacet
  facet normal 0 -0.146676 0.989185
    outer loop
      vertex -10 -7.83827 -1.64205
      vertex -20 -7.6781 -1.6183
      vertex -20 -7.83827 -1.64205
    endloop
  endfacet
  facet normal 0 -0.146676 0.989185
    outer loop
      vertex 10 -7.6781 -1.6183
      vertex 20 -7.83827 -1.64205
      vertex 20 -7.6781 -1.6183
    endloop
  endfacet
  facet normal 0 -0.146676 0.989185
    outer loop
      vertex 20 -7.83827 -1.64205
      vertex 10 -7.6781 -1.6183
      vertex 10 -7.83827 -1.64205
    endloop
  endfacet
  facet normal 0 -0.243015 -0.970022
    outer loop
      vertex 10 -7.6781 1.6183
      vertex 20 -7.52103 1.57895
      vertex 20 -7.6781 1.6183
    endloop
  endfacet
  facet normal -0 -0.243015 -0.970022
    outer loop
      vertex 20 -7.52103 1.57895
      vertex 10 -7.6781 1.6183
      vertex 10 -7.52103 1.57895
    endloop
  endfacet
  facet normal 0 -0.243015 -0.970022
    outer loop
      vertex -20 -7.6781 1.6183
      vertex -10 -7.52103 1.57895
      vertex -10 -7.6781 1.6183
    endloop
  endfacet
  facet normal -0 -0.243015 -0.970022
    outer loop
      vertex -10 -7.52103 1.57895
      vertex -20 -7.6781 1.6183
      vertex -20 -7.52103 1.57895
    endloop
  endfacet
  facet normal 0 -0.740962 0.671547
    outer loop
      vertex -20 -6.83327 -1.16673
      vertex -10 -6.72453 -1.04675
      vertex -20 -6.72453 -1.04675
    endloop
  endfacet
  facet normal 0 -0.740962 0.671547
    outer loop
      vertex -10 -6.72453 -1.04675
      vertex -20 -6.83327 -1.16673
      vertex -10 -6.83327 -1.16673
    endloop
  endfacet
  facet normal 0 -0.740962 0.671547
    outer loop
      vertex 10 -6.83327 -1.16673
      vertex 20 -6.72453 -1.04675
      vertex 10 -6.72453 -1.04675
    endloop
  endfacet
  facet normal 0 -0.740962 0.671547
    outer loop
      vertex 20 -6.72453 -1.04675
      vertex 10 -6.83327 -1.16673
      vertex 20 -6.83327 -1.16673
    endloop
  endfacet
  facet normal 0 0.857717 -0.514122
    outer loop
      vertex 20 -9.45517 0.777804
      vertex 10 -9.37192 0.916691
      vertex 20 -9.37192 0.916691
    endloop
  endfacet
  facet normal 0 0.857717 -0.514122
    outer loop
      vertex 10 -9.37192 0.916691
      vertex 20 -9.45517 0.777804
      vertex 10 -9.45517 0.777804
    endloop
  endfacet
  facet normal 0 0.857717 -0.514122
    outer loop
      vertex -10 -9.45517 0.777804
      vertex -20 -9.37192 0.916691
      vertex -10 -9.37192 0.916691
    endloop
  endfacet
  facet normal 0 0.857717 -0.514122
    outer loop
      vertex -20 -9.37192 0.916691
      vertex -10 -9.45517 0.777804
      vertex -20 -9.45517 0.777804
    endloop
  endfacet
  facet normal -0 0.146676 0.989185
    outer loop
      vertex -20 -8.16173 -1.64205
      vertex -10 -8.3219 -1.6183
      vertex -10 -8.16173 -1.64205
    endloop
  endfacet
  facet normal 0 0.146676 0.989185
    outer loop
      vertex -10 -8.3219 -1.6183
      vertex -20 -8.16173 -1.64205
      vertex -20 -8.3219 -1.6183
    endloop
  endfacet
  facet normal -0 0.146676 0.989185
    outer loop
      vertex 10 -8.16173 -1.64205
      vertex 20 -8.3219 -1.6183
      vertex 20 -8.16173 -1.64205
    endloop
  endfacet
  facet normal 0 0.146676 0.989185
    outer loop
      vertex 20 -8.3219 -1.6183
      vertex 10 -8.16173 -1.64205
      vertex 10 -8.3219 -1.6183
    endloop
  endfacet
  facet normal -0 0.0490967 0.998794
    outer loop
      vertex 10 -8 -1.65
      vertex 20 -8.16173 -1.64205
      vertex 20 -8 -1.65
    endloop
  endfacet
  facet normal 0 0.0490967 0.998794
    outer loop
      vertex 20 -8.16173 -1.64205
      vertex 10 -8 -1.65
      vertex 10 -8.16173 -1.64205
    endloop
  endfacet
  facet normal -0 0.0490967 0.998794
    outer loop
      vertex -20 -8 -1.65
      vertex -10 -8.16173 -1.64205
      vertex -10 -8 -1.65
    endloop
  endfacet
  facet normal 0 0.0490967 0.998794
    outer loop
      vertex -10 -8.16173 -1.64205
      vertex -20 -8 -1.65
      vertex -20 -8.16173 -1.64205
    endloop
  endfacet
  facet normal -0 0.336884 0.941546
    outer loop
      vertex 10 -8.47897 -1.57895
      vertex 20 -8.63143 -1.5244
      vertex 20 -8.47897 -1.57895
    endloop
  endfacet
  facet normal 0 0.336884 0.941546
    outer loop
      vertex 20 -8.63143 -1.5244
      vertex 10 -8.47897 -1.57895
      vertex 10 -8.63143 -1.5244
    endloop
  endfacet
  facet normal -0 0.336884 0.941546
    outer loop
      vertex -20 -8.47897 -1.57895
      vertex -10 -8.63143 -1.5244
      vertex -10 -8.47897 -1.57895
    endloop
  endfacet
  facet normal 0 0.336884 0.941546
    outer loop
      vertex -10 -8.63143 -1.5244
      vertex -20 -8.47897 -1.57895
      vertex -20 -8.63143 -1.5244
    endloop
  endfacet
  facet normal -0 0.514114 0.857722
    outer loop
      vertex 10 -8.7778 -1.45517
      vertex 20 -8.91669 -1.37192
      vertex 20 -8.7778 -1.45517
    endloop
  endfacet
  facet normal 0 0.514114 0.857722
    outer loop
      vertex 20 -8.91669 -1.37192
      vertex 10 -8.7778 -1.45517
      vertex 10 -8.91669 -1.37192
    endloop
  endfacet
  facet normal -0 0.514114 0.857722
    outer loop
      vertex -20 -8.7778 -1.45517
      vertex -10 -8.91669 -1.37192
      vertex -10 -8.7778 -1.45517
    endloop
  endfacet
  facet normal 0 0.514114 0.857722
    outer loop
      vertex -10 -8.91669 -1.37192
      vertex -20 -8.7778 -1.45517
      vertex -20 -8.91669 -1.37192
    endloop
  endfacet
  facet normal 0 -0.336884 0.941546
    outer loop
      vertex -20 -7.36857 -1.5244
      vertex -10 -7.52103 -1.57895
      vertex -10 -7.36857 -1.5244
    endloop
  endfacet
  facet normal 0 -0.336884 0.941546
    outer loop
      vertex -10 -7.52103 -1.57895
      vertex -20 -7.36857 -1.5244
      vertex -20 -7.52103 -1.57895
    endloop
  endfacet
  facet normal 0 -0.336884 0.941546
    outer loop
      vertex 10 -7.36857 -1.5244
      vertex 20 -7.52103 -1.57895
      vertex 20 -7.36857 -1.5244
    endloop
  endfacet
  facet normal 0 -0.336884 0.941546
    outer loop
      vertex 20 -7.52103 -1.57895
      vertex 10 -7.36857 -1.5244
      vertex 10 -7.52103 -1.57895
    endloop
  endfacet
  facet normal 0 0.514114 -0.857722
    outer loop
      vertex 10 -8.91669 1.37192
      vertex 20 -8.7778 1.45517
      vertex 20 -8.91669 1.37192
    endloop
  endfacet
  facet normal 0 0.514114 -0.857722
    outer loop
      vertex 20 -8.7778 1.45517
      vertex 10 -8.91669 1.37192
      vertex 10 -8.7778 1.45517
    endloop
  endfacet
  facet normal 0 0.514114 -0.857722
    outer loop
      vertex -20 -8.91669 1.37192
      vertex -10 -8.7778 1.45517
      vertex -10 -8.91669 1.37192
    endloop
  endfacet
  facet normal 0 0.514114 -0.857722
    outer loop
      vertex -10 -8.7778 1.45517
      vertex -20 -8.91669 1.37192
      vertex -20 -8.7778 1.45517
    endloop
  endfacet
  facet normal 0 -0.671547 -0.740962
    outer loop
      vertex 10 -6.95325 1.27547
      vertex 20 -6.83327 1.16673
      vertex 20 -6.95325 1.27547
    endloop
  endfacet
  facet normal -0 -0.671547 -0.740962
    outer loop
      vertex 20 -6.83327 1.16673
      vertex 10 -6.95325 1.27547
      vertex 10 -6.83327 1.16673
    endloop
  endfacet
  facet normal 0 -0.671547 -0.740962
    outer loop
      vertex -20 -6.95325 1.27547
      vertex -10 -6.83327 1.16673
      vertex -10 -6.95325 1.27547
    endloop
  endfacet
  facet normal -0 -0.671547 -0.740962
    outer loop
      vertex -10 -6.83327 1.16673
      vertex -20 -6.95325 1.27547
      vertex -20 -6.83327 1.16673
    endloop
  endfacet
  facet normal 0 0.970023 0.243012
    outer loop
      vertex 20 -9.57895 -0.47897
      vertex 10 -9.6183 -0.321898
      vertex 20 -9.6183 -0.321898
    endloop
  endfacet
  facet normal 0 0.970023 0.243012
    outer loop
      vertex 10 -9.6183 -0.321898
      vertex 20 -9.57895 -0.47897
      vertex 10 -9.57895 -0.47897
    endloop
  endfacet
  facet normal 0 0.970023 0.243012
    outer loop
      vertex -10 -9.57895 -0.47897
      vertex -20 -9.6183 -0.321898
      vertex -10 -9.6183 -0.321898
    endloop
  endfacet
  facet normal 0 0.970023 0.243012
    outer loop
      vertex -20 -9.6183 -0.321898
      vertex -10 -9.57895 -0.47897
      vertex -20 -9.57895 -0.47897
    endloop
  endfacet
  facet normal 0 -0.803203 0.595706
    outer loop
      vertex 10 -6.72453 -1.04675
      vertex 20 -6.62807 -0.916691
      vertex 10 -6.62807 -0.916691
    endloop
  endfacet
  facet normal 0 -0.803203 0.595706
    outer loop
      vertex 20 -6.62807 -0.916691
      vertex 10 -6.72453 -1.04675
      vertex 20 -6.72453 -1.04675
    endloop
  endfacet
  facet normal 0 -0.803203 0.595706
    outer loop
      vertex -20 -6.72453 -1.04675
      vertex -10 -6.62807 -0.916691
      vertex -20 -6.62807 -0.916691
    endloop
  endfacet
  facet normal 0 -0.803203 0.595706
    outer loop
      vertex -10 -6.62807 -0.916691
      vertex -20 -6.72453 -1.04675
      vertex -10 -6.72453 -1.04675
    endloop
  endfacet
  facet normal 0 -0.514142 0.857705
    outer loop
      vertex -20 -7.08331 -1.37192
      vertex -10 -7.22219 -1.45517
      vertex -10 -7.08331 -1.37192
    endloop
  endfacet
  facet normal 0 -0.514142 0.857705
    outer loop
      vertex -10 -7.22219 -1.45517
      vertex -20 -7.08331 -1.37192
      vertex -20 -7.22219 -1.45517
    endloop
  endfacet
  facet normal 0 -0.514142 0.857705
    outer loop
      vertex 10 -7.08331 -1.37192
      vertex 20 -7.22219 -1.45517
      vertex 20 -7.08331 -1.37192
    endloop
  endfacet
  facet normal 0 -0.514142 0.857705
    outer loop
      vertex 20 -7.22219 -1.45517
      vertex 10 -7.08331 -1.37192
      vertex 10 -7.22219 -1.45517
    endloop
  endfacet
  facet normal 0 -0.740962 -0.671547
    outer loop
      vertex -20 -6.72453 1.04675
      vertex -10 -6.83327 1.16673
      vertex -20 -6.83327 1.16673
    endloop
  endfacet
  facet normal 0 -0.740962 -0.671547
    outer loop
      vertex -10 -6.83327 1.16673
      vertex -20 -6.72453 1.04675
      vertex -10 -6.72453 1.04675
    endloop
  endfacet
  facet normal 0 -0.740962 -0.671547
    outer loop
      vertex 10 -6.72453 1.04675
      vertex 20 -6.83327 1.16673
      vertex 10 -6.83327 1.16673
    endloop
  endfacet
  facet normal 0 -0.740962 -0.671547
    outer loop
      vertex 20 -6.83327 1.16673
      vertex 10 -6.72453 1.04675
      vertex 20 -6.72453 1.04675
    endloop
  endfacet
  facet normal -0 0.595663 0.803234
    outer loop
      vertex 10 -8.91669 -1.37192
      vertex 20 -9.04675 -1.27547
      vertex 20 -8.91669 -1.37192
    endloop
  endfacet
  facet normal 0 0.595663 0.803234
    outer loop
      vertex 20 -9.04675 -1.27547
      vertex 10 -8.91669 -1.37192
      vertex 10 -9.04675 -1.27547
    endloop
  endfacet
  facet normal -0 0.595663 0.803234
    outer loop
      vertex -20 -8.91669 -1.37192
      vertex -10 -9.04675 -1.27547
      vertex -10 -8.91669 -1.37192
    endloop
  endfacet
  facet normal 0 0.595663 0.803234
    outer loop
      vertex -10 -9.04675 -1.27547
      vertex -20 -8.91669 -1.37192
      vertex -20 -9.04675 -1.27547
    endloop
  endfacet
  facet normal 0 -0.671547 0.740962
    outer loop
      vertex -20 -6.83327 -1.16673
      vertex -10 -6.95325 -1.27547
      vertex -10 -6.83327 -1.16673
    endloop
  endfacet
  facet normal 0 -0.671547 0.740962
    outer loop
      vertex -10 -6.95325 -1.27547
      vertex -20 -6.83327 -1.16673
      vertex -20 -6.95325 -1.27547
    endloop
  endfacet
  facet normal 0 -0.671547 0.740962
    outer loop
      vertex 10 -6.83327 -1.16673
      vertex 20 -6.95325 -1.27547
      vertex 20 -6.83327 -1.16673
    endloop
  endfacet
  facet normal 0 -0.671547 0.740962
    outer loop
      vertex 20 -6.95325 -1.27547
      vertex 10 -6.83327 -1.16673
      vertex 10 -6.95325 -1.27547
    endloop
  endfacet
  facet normal -1 0 0
    outer loop
      vertex 20 -6.62807 -0.916691
      vertex 20 -6.55 0.78643
      vertex 20 -6.55 -0.78643
    endloop
  endfacet
  facet normal -1 0 0
    outer loop
      vertex 20 -6.62807 -0.916691
      vertex 20 -6.62807 0.916691
      vertex 20 -6.55 0.78643
    endloop
  endfacet
  facet normal -1 0 0
    outer loop
      vertex 20 -6.72453 -1.04675
      vertex 20 -6.62807 0.916691
      vertex 20 -6.62807 -0.916691
    endloop
  endfacet
  facet normal -1 0 0
    outer loop
      vertex 20 -6.72453 -1.04675
      vertex 20 -6.72453 1.04675
      vertex 20 -6.62807 0.916691
    endloop
  endfacet
  facet normal -1 0 0
    outer loop
      vertex 20 -6.83327 -1.16673
      vertex 20 -6.72453 1.04675
      vertex 20 -6.72453 -1.04675
    endloop
  endfacet
  facet normal -1 0 0
    outer loop
      vertex 20 -6.83327 -1.16673
      vertex 20 -6.83327 1.16673
      vertex 20 -6.72453 1.04675
    endloop
  endfacet
  facet normal -1 0 0
    outer loop
      vertex 20 -6.95325 -1.27547
      vertex 20 -6.83327 1.16673
      vertex 20 -6.83327 -1.16673
    endloop
  endfacet
  facet normal -1 0 0
    outer loop
      vertex 20 -6.95325 -1.27547
      vertex 20 -6.95325 1.27547
      vertex 20 -6.83327 1.16673
    endloop
  endfacet
  facet normal -1 0 0
    outer loop
      vertex 20 -7.08331 -1.37192
      vertex 20 -6.95325 1.27547
      vertex 20 -6.95325 -1.27547
    endloop
  endfacet
  facet normal -1 0 0
    outer loop
      vertex 20 -7.08331 -1.37192
      vertex 20 -7.08331 1.37192
      vertex 20 -6.95325 1.27547
    endloop
  endfacet
  facet normal -1 0 0
    outer loop
      vertex 20 -7.22219 -1.45517
      vertex 20 -7.08331 1.37192
      vertex 20 -7.08331 -1.37192
    endloop
  endfacet
  facet normal -1 0 0
    outer loop
      vertex 20 -7.22219 -1.45517
      vertex 20 -7.22219 1.45517
      vertex 20 -7.08331 1.37192
    endloop
  endfacet
  facet normal -1 0 0
    outer loop
      vertex 20 -7.36857 -1.5244
      vertex 20 -7.22219 1.45517
      vertex 20 -7.22219 -1.45517
    endloop
  endfacet
  facet normal -1 0 0
    outer loop
      vertex 20 -7.36857 -1.5244
      vertex 20 -7.36857 1.5244
      vertex 20 -7.22219 1.45517
    endloop
  endfacet
  facet normal -1 0 0
    outer loop
      vertex 20 -7.52103 -1.57895
      vertex 20 -7.36857 1.5244
      vertex 20 -7.36857 -1.5244
    endloop
  endfacet
  facet normal -1 0 0
    outer loop
      vertex 20 -7.52103 -1.57895
      vertex 20 -7.52103 1.57895
      vertex 20 -7.36857 1.5244
    endloop
  endfacet
  facet normal -1 0 0
    outer loop
      vertex 20 -7.6781 -1.6183
      vertex 20 -7.52103 1.57895
      vertex 20 -7.52103 -1.57895
    endloop
  endfacet
  facet normal -1 0 0
    outer loop
      vertex 20 -7.6781 -1.6183
      vertex 20 -7.6781 1.6183
      vertex 20 -7.52103 1.57895
    endloop
  endfacet
  facet normal -1 0 0
    outer loop
      vertex 20 -7.83827 -1.64205
      vertex 20 -7.6781 1.6183
      vertex 20 -7.6781 -1.6183
    endloop
  endfacet
  facet normal -1 0 0
    outer loop
      vertex 20 -7.83827 -1.64205
      vertex 20 -7.83827 1.64205
      vertex 20 -7.6781 1.6183
    endloop
  endfacet
  facet normal -1 0 0
    outer loop
      vertex 20 -8 -1.65
      vertex 20 -7.83827 1.64205
      vertex 20 -7.83827 -1.64205
    endloop
  endfacet
  facet normal -1 0 0
    outer loop
      vertex 20 -8 -1.65
      vertex 20 -8 1.65
      vertex 20 -7.83827 1.64205
    endloop
  endfacet
  facet normal -1 0 0
    outer loop
      vertex 20 -8.16173 -1.64205
      vertex 20 -8 1.65
      vertex 20 -8 -1.65
    endloop
  endfacet
  facet normal -1 0 0
    outer loop
      vertex 20 -8.16173 -1.64205
      vertex 20 -8.16173 1.64205
      vertex 20 -8 1.65
    endloop
  endfacet
  facet normal -1 0 0
    outer loop
      vertex 20 -8.3219 -1.6183
      vertex 20 -8.16173 1.64205
      vertex 20 -8.16173 -1.64205
    endloop
  endfacet
  facet normal -1 0 0
    outer loop
      vertex 20 -8.3219 -1.6183
      vertex 20 -8.3219 1.6183
      vertex 20 -8.16173 1.64205
    endloop
  endfacet
  facet normal -1 0 0
    outer loop
      vertex 20 -8.47897 -1.57895
      vertex 20 -8.3219 1.6183
      vertex 20 -8.3219 -1.6183
    endloop
  endfacet
  facet normal -1 0 0
    outer loop
      vertex 20 -8.47897 -1.57895
      vertex 20 -8.47897 1.57895
      vertex 20 -8.3219 1.6183
    endloop
  endfacet
  facet normal -1 0 0
    outer loop
      vertex 20 -8.63143 -1.5244
      vertex 20 -8.47897 1.57895
      vertex 20 -8.47897 -1.57895
    endloop
  endfacet
  facet normal -1 0 0
    outer loop
      vertex 20 -8.63143 -1.5244
      vertex 20 -8.63143 1.5244
      vertex 20 -8.47897 1.57895
    endloop
  endfacet
  facet normal -1 0 0
    outer loop
      vertex 20 -8.7778 -1.45517
      vertex 20 -8.63143 1.5244
      vertex 20 -8.63143 -1.5244
    endloop
  endfacet
  facet normal -1 0 0
    outer loop
      vertex 20 -8.7778 -1.45517
      vertex 20 -8.7778 1.45517
      vertex 20 -8.63143 1.5244
    endloop
  endfacet
  facet normal -1 0 0
    outer loop
      vertex 20 -8.91669 -1.37192
      vertex 20 -8.7778 1.45517
      vertex 20 -8.7778 -1.45517
    endloop
  endfacet
  facet normal -1 0 0
    outer loop
      vertex 20 -8.91669 -1.37192
      vertex 20 -8.91669 1.37192
      vertex 20 -8.7778 1.45517
    endloop
  endfacet
  facet normal -1 0 0
    outer loop
      vertex 20 -9.04675 -1.27547
      vertex 20 -8.91669 1.37192
      vertex 20 -8.91669 -1.37192
    endloop
  endfacet
  facet normal -1 0 0
    outer loop
      vertex 20 -9.04675 -1.27547
      vertex 20 -9.04675 1.27547
      vertex 20 -8.91669 1.37192
    endloop
  endfacet
  facet normal -1 0 0
    outer loop
      vertex 20 -9.16673 -1.16673
      vertex 20 -9.04675 1.27547
      vertex 20 -9.04675 -1.27547
    endloop
  endfacet
  facet normal -1 0 0
    outer loop
      vertex 20 -9.16673 -1.16673
      vertex 20 -9.16673 1.16673
      vertex 20 -9.04675 1.27547
    endloop
  endfacet
  facet normal -1 0 0
    outer loop
      vertex 20 -9.27547 -1.04675
      vertex 20 -9.16673 1.16673
      vertex 20 -9.16673 -1.16673
    endloop
  endfacet
  facet normal -1 0 0
    outer loop
      vertex 20 -9.27547 -1.04675
      vertex 20 -9.27547 1.04675
      vertex 20 -9.16673 1.16673
    endloop
  endfacet
  facet normal -1 0 0
    outer loop
      vertex 20 -9.37192 -0.916691
      vertex 20 -9.27547 1.04675
      vertex 20 -9.27547 -1.04675
    endloop
  endfacet
  facet normal -1 0 0
    outer loop
      vertex 20 -9.37192 -0.916691
      vertex 20 -9.37192 0.916691
      vertex 20 -9.27547 1.04675
    endloop
  endfacet
  facet normal -1 0 0
    outer loop
      vertex 20 -9.45517 -0.777804
      vertex 20 -9.37192 0.916691
      vertex 20 -9.37192 -0.916691
    endloop
  endfacet
  facet normal -1 0 0
    outer loop
      vertex 20 -9.45517 -0.777804
      vertex 20 -9.45517 0.777804
      vertex 20 -9.37192 0.916691
    endloop
  endfacet
  facet normal -1 0 0
    outer loop
      vertex 20 -9.5244 -0.631427
      vertex 20 -9.45517 0.777804
      vertex 20 -9.45517 -0.777804
    endloop
  endfacet
  facet normal -1 0 0
    outer loop
      vertex 20 -9.5244 -0.631427
      vertex 20 -9.5244 0.631427
      vertex 20 -9.45517 0.777804
    endloop
  endfacet
  facet normal -1 0 0
    outer loop
      vertex 20 -9.57895 -0.47897
      vertex 20 -9.5244 0.631427
      vertex 20 -9.5244 -0.631427
    endloop
  endfacet
  facet normal -1 0 0
    outer loop
      vertex 20 -9.57895 -0.47897
      vertex 20 -9.57895 0.47897
      vertex 20 -9.5244 0.631427
    endloop
  endfacet
  facet normal -1 0 0
    outer loop
      vertex 20 -9.6183 -0.321898
      vertex 20 -9.57895 0.47897
      vertex 20 -9.57895 -0.47897
    endloop
  endfacet
  facet normal -1 0 0
    outer loop
      vertex 20 -9.6183 -0.321898
      vertex 20 -9.6183 0.321898
      vertex 20 -9.57895 0.47897
    endloop
  endfacet
  facet normal -1 0 0
    outer loop
      vertex 20 -9.64205 -0.161728
      vertex 20 -9.6183 0.321898
      vertex 20 -9.6183 -0.321898
    endloop
  endfacet
  facet normal -1 0 0
    outer loop
      vertex 20 -9.64205 -0.161728
      vertex 20 -9.64205 0.161728
      vertex 20 -9.6183 0.321898
    endloop
  endfacet
  facet normal -1 0 -0
    outer loop
      vertex 20 -9.64205 0.161728
      vertex 20 -9.64205 -0.161728
      vertex 20 -9.65 0
    endloop
  endfacet
  facet normal 0 0.595663 -0.803234
    outer loop
      vertex -20 -9.04675 1.27547
      vertex -10 -8.91669 1.37192
      vertex -10 -9.04675 1.27547
    endloop
  endfacet
  facet normal 0 0.595663 -0.803234
    outer loop
      vertex -10 -8.91669 1.37192
      vertex -20 -9.04675 1.27547
      vertex -20 -8.91669 1.37192
    endloop
  endfacet
  facet normal 0 0.595663 -0.803234
    outer loop
      vertex 10 -9.04675 1.27547
      vertex 20 -8.91669 1.37192
      vertex 20 -9.04675 1.27547
    endloop
  endfacet
  facet normal 0 0.595663 -0.803234
    outer loop
      vertex 20 -8.91669 1.37192
      vertex 10 -9.04675 1.27547
      vertex 10 -8.91669 1.37192
    endloop
  endfacet
  facet normal 0 0.243015 -0.970022
    outer loop
      vertex -20 -8.47897 1.57895
      vertex -10 -8.3219 1.6183
      vertex -10 -8.47897 1.57895
    endloop
  endfacet
  facet normal 0 0.243015 -0.970022
    outer loop
      vertex -10 -8.3219 1.6183
      vertex -20 -8.47897 1.57895
      vertex -20 -8.3219 1.6183
    endloop
  endfacet
  facet normal 0 0.243015 -0.970022
    outer loop
      vertex 10 -8.47897 1.57895
      vertex 20 -8.3219 1.6183
      vertex 20 -8.47897 1.57895
    endloop
  endfacet
  facet normal 0 0.243015 -0.970022
    outer loop
      vertex 20 -8.3219 1.6183
      vertex 10 -8.47897 1.57895
      vertex 10 -8.3219 1.6183
    endloop
  endfacet
  facet normal 0 0.671547 -0.740962
    outer loop
      vertex 10 -9.16673 1.16673
      vertex 20 -9.04675 1.27547
      vertex 20 -9.16673 1.16673
    endloop
  endfacet
  facet normal 0 0.671547 -0.740962
    outer loop
      vertex 20 -9.04675 1.27547
      vertex 10 -9.16673 1.16673
      vertex 10 -9.04675 1.27547
    endloop
  endfacet
  facet normal 0 0.671547 -0.740962
    outer loop
      vertex -20 -9.16673 1.16673
      vertex -10 -9.04675 1.27547
      vertex -10 -9.16673 1.16673
    endloop
  endfacet
  facet normal 0 0.671547 -0.740962
    outer loop
      vertex -10 -9.04675 1.27547
      vertex -20 -9.16673 1.16673
      vertex -20 -9.04675 1.27547
    endloop
  endfacet
  facet normal 0 0.970023 -0.243012
    outer loop
      vertex -10 -9.6183 0.321898
      vertex -20 -9.57895 0.47897
      vertex -10 -9.57895 0.47897
    endloop
  endfacet
  facet normal 0 0.970023 -0.243012
    outer loop
      vertex -20 -9.57895 0.47897
      vertex -10 -9.6183 0.321898
      vertex -20 -9.6183 0.321898
    endloop
  endfacet
  facet normal 0 0.970023 -0.243012
    outer loop
      vertex 20 -9.6183 0.321898
      vertex 10 -9.57895 0.47897
      vertex 20 -9.57895 0.47897
    endloop
  endfacet
  facet normal 0 0.970023 -0.243012
    outer loop
      vertex 10 -9.57895 0.47897
      vertex 20 -9.6183 0.321898
      vertex 10 -9.6183 0.321898
    endloop
  endfacet
  facet normal 0 0.998794 0.0490973
    outer loop
      vertex 20 -9.64205 -0.161728
      vertex 10 -9.65 0
      vertex 20 -9.65 0
    endloop
  endfacet
  facet normal 0 0.998794 0.0490973
    outer loop
      vertex 10 -9.65 0
      vertex 20 -9.64205 -0.161728
      vertex 10 -9.64205 -0.161728
    endloop
  endfacet
  facet normal 0 0.998794 0.0490973
    outer loop
      vertex -10 -9.64205 -0.161728
      vertex -20 -9.65 0
      vertex -10 -9.65 0
    endloop
  endfacet
  facet normal 0 0.998794 0.0490973
    outer loop
      vertex -20 -9.65 0
      vertex -10 -9.64205 -0.161728
      vertex -20 -9.64205 -0.161728
    endloop
  endfacet
  facet normal 0 0.803232 0.595666
    outer loop
      vertex -10 -9.27547 -1.04675
      vertex -20 -9.37192 -0.916691
      vertex -10 -9.37192 -0.916691
    endloop
  endfacet
  facet normal 0 0.803232 0.595666
    outer loop
      vertex -20 -9.37192 -0.916691
      vertex -10 -9.27547 -1.04675
      vertex -20 -9.27547 -1.04675
    endloop
  endfacet
  facet normal 0 0.803232 0.595666
    outer loop
      vertex 20 -9.27547 -1.04675
      vertex 10 -9.37192 -0.916691
      vertex 20 -9.37192 -0.916691
    endloop
  endfacet
  facet normal 0 0.803232 0.595666
    outer loop
      vertex 10 -9.37192 -0.916691
      vertex 20 -9.27547 -1.04675
      vertex 10 -9.27547 -1.04675
    endloop
  endfacet
  facet normal 0 0.146676 -0.989185
    outer loop
      vertex 10 -8.3219 1.6183
      vertex 20 -8.16173 1.64205
      vertex 20 -8.3219 1.6183
    endloop
  endfacet
  facet normal 0 0.146676 -0.989185
    outer loop
      vertex 20 -8.16173 1.64205
      vertex 10 -8.3219 1.6183
      vertex 10 -8.16173 1.64205
    endloop
  endfacet
  facet normal 0 0.146676 -0.989185
    outer loop
      vertex -20 -8.3219 1.6183
      vertex -10 -8.16173 1.64205
      vertex -10 -8.3219 1.6183
    endloop
  endfacet
  facet normal 0 0.146676 -0.989185
    outer loop
      vertex -10 -8.16173 1.64205
      vertex -20 -8.3219 1.6183
      vertex -20 -8.16173 1.64205
    endloop
  endfacet
  facet normal 0 -0.514142 -0.857705
    outer loop
      vertex 10 -7.22219 1.45517
      vertex 20 -7.08331 1.37192
      vertex 20 -7.22219 1.45517
    endloop
  endfacet
  facet normal -0 -0.514142 -0.857705
    outer loop
      vertex 20 -7.08331 1.37192
      vertex 10 -7.22219 1.45517
      vertex 10 -7.08331 1.37192
    endloop
  endfacet
  facet normal 0 -0.514142 -0.857705
    outer loop
      vertex -20 -7.22219 1.45517
      vertex -10 -7.08331 1.37192
      vertex -10 -7.22219 1.45517
    endloop
  endfacet
  facet normal -0 -0.514142 -0.857705
    outer loop
      vertex -10 -7.08331 1.37192
      vertex -20 -7.22219 1.45517
      vertex -20 -7.08331 1.37192
    endloop
  endfacet
  facet normal 0 0.740962 0.671547
    outer loop
      vertex -10 -9.16673 -1.16673
      vertex -20 -9.27547 -1.04675
      vertex -10 -9.27547 -1.04675
    endloop
  endfacet
  facet normal 0 0.740962 0.671547
    outer loop
      vertex -20 -9.27547 -1.04675
      vertex -10 -9.16673 -1.16673
      vertex -20 -9.16673 -1.16673
    endloop
  endfacet
  facet normal 0 0.740962 0.671547
    outer loop
      vertex 20 -9.16673 -1.16673
      vertex 10 -9.27547 -1.04675
      vertex 20 -9.27547 -1.04675
    endloop
  endfacet
  facet normal 0 0.740962 0.671547
    outer loop
      vertex 10 -9.27547 -1.04675
      vertex 20 -9.16673 -1.16673
      vertex 10 -9.16673 -1.16673
    endloop
  endfacet
  facet normal 0 -0.427542 -0.903995
    outer loop
      vertex 10 -7.36857 1.5244
      vertex 20 -7.22219 1.45517
      vertex 20 -7.36857 1.5244
    endloop
  endfacet
  facet normal -0 -0.427542 -0.903995
    outer loop
      vertex 20 -7.22219 1.45517
      vertex 10 -7.36857 1.5244
      vertex 10 -7.22219 1.45517
    endloop
  endfacet
  facet normal 0 -0.427542 -0.903995
    outer loop
      vertex -20 -7.36857 1.5244
      vertex -10 -7.22219 1.45517
      vertex -10 -7.36857 1.5244
    endloop
  endfacet
  facet normal -0 -0.427542 -0.903995
    outer loop
      vertex -10 -7.22219 1.45517
      vertex -20 -7.36857 1.5244
      vertex -20 -7.22219 1.45517
    endloop
  endfacet
  facet normal -0 0.427566 0.903984
    outer loop
      vertex 10 -8.63143 -1.5244
      vertex 20 -8.7778 -1.45517
      vertex 20 -8.63143 -1.5244
    endloop
  endfacet
  facet normal 0 0.427566 0.903984
    outer loop
      vertex 20 -8.7778 -1.45517
      vertex 10 -8.63143 -1.5244
      vertex 10 -8.7778 -1.45517
    endloop
  endfacet
  facet normal -0 0.427566 0.903984
    outer loop
      vertex -20 -8.63143 -1.5244
      vertex -10 -8.7778 -1.45517
      vertex -10 -8.63143 -1.5244
    endloop
  endfacet
  facet normal 0 0.427566 0.903984
    outer loop
      vertex -10 -8.7778 -1.45517
      vertex -20 -8.63143 -1.5244
      vertex -20 -8.7778 -1.45517
    endloop
  endfacet
  facet normal 0 -0.0490967 -0.998794
    outer loop
      vertex -20 -8 1.65
      vertex -10 -7.83827 1.64205
      vertex -10 -8 1.65
    endloop
  endfacet
  facet normal -0 -0.0490967 -0.998794
    outer loop
      vertex -10 -7.83827 1.64205
      vertex -20 -8 1.65
      vertex -20 -7.83827 1.64205
    endloop
  endfacet
  facet normal 0 -0.0490967 -0.998794
    outer loop
      vertex 10 -8 1.65
      vertex 20 -7.83827 1.64205
      vertex 20 -8 1.65
    endloop
  endfacet
  facet normal -0 -0.0490967 -0.998794
    outer loop
      vertex 20 -7.83827 1.64205
      vertex 10 -8 1.65
      vertex 10 -7.83827 1.64205
    endloop
  endfacet
  facet normal 0 0.427566 -0.903984
    outer loop
      vertex 10 -8.7778 1.45517
      vertex 20 -8.63143 1.5244
      vertex 20 -8.7778 1.45517
    endloop
  endfacet
  facet normal 0 0.427566 -0.903984
    outer loop
      vertex 20 -8.63143 1.5244
      vertex 10 -8.7778 1.45517
      vertex 10 -8.63143 1.5244
    endloop
  endfacet
  facet normal 0 0.427566 -0.903984
    outer loop
      vertex -20 -8.7778 1.45517
      vertex -10 -8.63143 1.5244
      vertex -10 -8.7778 1.45517
    endloop
  endfacet
  facet normal 0 0.427566 -0.903984
    outer loop
      vertex -10 -8.63143 1.5244
      vertex -20 -8.7778 1.45517
      vertex -20 -8.63143 1.5244
    endloop
  endfacet
  facet normal 0 0.903992 -0.427549
    outer loop
      vertex -10 -9.5244 0.631427
      vertex -20 -9.45517 0.777804
      vertex -10 -9.45517 0.777804
    endloop
  endfacet
  facet normal 0 0.903992 -0.427549
    outer loop
      vertex -20 -9.45517 0.777804
      vertex -10 -9.5244 0.631427
      vertex -20 -9.5244 0.631427
    endloop
  endfacet
  facet normal 0 0.903992 -0.427549
    outer loop
      vertex 20 -9.5244 0.631427
      vertex 10 -9.45517 0.777804
      vertex 20 -9.45517 0.777804
    endloop
  endfacet
  facet normal 0 0.903992 -0.427549
    outer loop
      vertex 10 -9.45517 0.777804
      vertex 20 -9.5244 0.631427
      vertex 10 -9.5244 0.631427
    endloop
  endfacet
  facet normal 0 -0.243015 0.970022
    outer loop
      vertex -20 8.47897 -1.57895
      vertex -10 8.3219 -1.6183
      vertex -10 8.47897 -1.57895
    endloop
  endfacet
  facet normal 0 -0.243015 0.970022
    outer loop
      vertex -10 8.3219 -1.6183
      vertex -20 8.47897 -1.57895
      vertex -20 8.3219 -1.6183
    endloop
  endfacet
  facet normal 0 -0.243015 0.970022
    outer loop
      vertex 10 8.47897 -1.57895
      vertex 20 8.3219 -1.6183
      vertex 20 8.47897 -1.57895
    endloop
  endfacet
  facet normal 0 -0.243015 0.970022
    outer loop
      vertex 20 8.3219 -1.6183
      vertex 10 8.47897 -1.57895
      vertex 10 8.3219 -1.6183
    endloop
  endfacet
  facet normal 0 -0.970023 -0.243012
    outer loop
      vertex -20 9.6183 0.321898
      vertex -10 9.57895 0.47897
      vertex -20 9.57895 0.47897
    endloop
  endfacet
  facet normal 0 -0.970023 -0.243012
    outer loop
      vertex -10 9.57895 0.47897
      vertex -20 9.6183 0.321898
      vertex -10 9.6183 0.321898
    endloop
  endfacet
  facet normal 0 -0.970023 -0.243012
    outer loop
      vertex 10 9.6183 0.321898
      vertex 20 9.57895 0.47897
      vertex 10 9.57895 0.47897
    endloop
  endfacet
  facet normal 0 -0.970023 -0.243012
    outer loop
      vertex 20 9.57895 0.47897
      vertex 10 9.6183 0.321898
      vertex 20 9.6183 0.321898
    endloop
  endfacet
  facet normal 0 -0.595663 0.803234
    outer loop
      vertex 10 9.04675 -1.27547
      vertex 20 8.91669 -1.37192
      vertex 20 9.04675 -1.27547
    endloop
  endfacet
  facet normal 0 -0.595663 0.803234
    outer loop
      vertex 20 8.91669 -1.37192
      vertex 10 9.04675 -1.27547
      vertex 10 8.91669 -1.37192
    endloop
  endfacet
  facet normal 0 -0.595663 0.803234
    outer loop
      vertex -20 9.04675 -1.27547
      vertex -10 8.91669 -1.37192
      vertex -10 9.04675 -1.27547
    endloop
  endfacet
  facet normal 0 -0.595663 0.803234
    outer loop
      vertex -10 8.91669 -1.37192
      vertex -20 9.04675 -1.27547
      vertex -20 8.91669 -1.37192
    endloop
  endfacet
  facet normal 0 -0.0490967 0.998794
    outer loop
      vertex -20 8.16173 -1.64205
      vertex -10 8 -1.65
      vertex -10 8.16173 -1.64205
    endloop
  endfacet
  facet normal 0 -0.0490967 0.998794
    outer loop
      vertex -10 8 -1.65
      vertex -20 8.16173 -1.64205
      vertex -20 8 -1.65
    endloop
  endfacet
  facet normal 0 -0.0490967 0.998794
    outer loop
      vertex 10 8.16173 -1.64205
      vertex 20 8 -1.65
      vertex 20 8.16173 -1.64205
    endloop
  endfacet
  facet normal 0 -0.0490967 0.998794
    outer loop
      vertex 20 8 -1.65
      vertex 10 8.16173 -1.64205
      vertex 10 8 -1.65
    endloop
  endfacet
  facet normal 0 0.857744 0.514076
    outer loop
      vertex -10 6.62807 -0.916691
      vertex -20 6.55 -0.78643
      vertex -10 6.55 -0.78643
    endloop
  endfacet
  facet normal 0 0.857744 0.514076
    outer loop
      vertex -20 6.55 -0.78643
      vertex -10 6.62807 -0.916691
      vertex -20 6.62807 -0.916691
    endloop
  endfacet
  facet normal 0 0.857744 0.514076
    outer loop
      vertex 20 6.62807 -0.916691
      vertex 10 6.55 -0.78643
      vertex 20 6.55 -0.78643
    endloop
  endfacet
  facet normal 0 0.857744 0.514076
    outer loop
      vertex 10 6.55 -0.78643
      vertex 20 6.62807 -0.916691
      vertex 10 6.62807 -0.916691
    endloop
  endfacet
  facet normal 0 0.514142 -0.857705
    outer loop
      vertex -20 7.08331 1.37192
      vertex -10 7.22219 1.45517
      vertex -10 7.08331 1.37192
    endloop
  endfacet
  facet normal 0 0.514142 -0.857705
    outer loop
      vertex -10 7.22219 1.45517
      vertex -20 7.08331 1.37192
      vertex -20 7.22219 1.45517
    endloop
  endfacet
  facet normal 0 0.514142 -0.857705
    outer loop
      vertex 10 7.08331 1.37192
      vertex 20 7.22219 1.45517
      vertex 20 7.08331 1.37192
    endloop
  endfacet
  facet normal 0 0.514142 -0.857705
    outer loop
      vertex 20 7.22219 1.45517
      vertex 10 7.08331 1.37192
      vertex 10 7.22219 1.45517
    endloop
  endfacet
  facet normal 0 -0.243015 -0.970022
    outer loop
      vertex -20 8.3219 1.6183
      vertex -10 8.47897 1.57895
      vertex -10 8.3219 1.6183
    endloop
  endfacet
  facet normal -0 -0.243015 -0.970022
    outer loop
      vertex -10 8.47897 1.57895
      vertex -20 8.3219 1.6183
      vertex -20 8.47897 1.57895
    endloop
  endfacet
  facet normal 0 -0.243015 -0.970022
    outer loop
      vertex 10 8.3219 1.6183
      vertex 20 8.47897 1.57895
      vertex 20 8.3219 1.6183
    endloop
  endfacet
  facet normal -0 -0.243015 -0.970022
    outer loop
      vertex 20 8.47897 1.57895
      vertex 10 8.3219 1.6183
      vertex 10 8.47897 1.57895
    endloop
  endfacet
  facet normal 0 -0.740962 -0.671547
    outer loop
      vertex 10 9.27547 1.04675
      vertex 20 9.16673 1.16673
      vertex 10 9.16673 1.16673
    endloop
  endfacet
  facet normal 0 -0.740962 -0.671547
    outer loop
      vertex 20 9.16673 1.16673
      vertex 10 9.27547 1.04675
      vertex 20 9.27547 1.04675
    endloop
  endfacet
  facet normal 0 -0.740962 -0.671547
    outer loop
      vertex -20 9.27547 1.04675
      vertex -10 9.16673 1.16673
      vertex -20 9.16673 1.16673
    endloop
  endfacet
  facet normal 0 -0.740962 -0.671547
    outer loop
      vertex -10 9.16673 1.16673
      vertex -20 9.27547 1.04675
      vertex -10 9.27547 1.04675
    endloop
  endfacet
  facet normal 0 -0.857717 -0.514122
    outer loop
      vertex -20 9.45517 0.777804
      vertex -10 9.37192 0.916691
      vertex -20 9.37192 0.916691
    endloop
  endfacet
  facet normal 0 -0.857717 -0.514122
    outer loop
      vertex -10 9.37192 0.916691
      vertex -20 9.45517 0.777804
      vertex -10 9.45517 0.777804
    endloop
  endfacet
  facet normal 0 -0.857717 -0.514122
    outer loop
      vertex 10 9.45517 0.777804
      vertex 20 9.37192 0.916691
      vertex 10 9.37192 0.916691
    endloop
  endfacet
  facet normal 0 -0.857717 -0.514122
    outer loop
      vertex 20 9.37192 0.916691
      vertex 10 9.45517 0.777804
      vertex 20 9.45517 0.777804
    endloop
  endfacet
  facet normal 0 -0.595663 -0.803234
    outer loop
      vertex -20 8.91669 1.37192
      vertex -10 9.04675 1.27547
      vertex -10 8.91669 1.37192
    endloop
  endfacet
  facet normal -0 -0.595663 -0.803234
    outer loop
      vertex -10 9.04675 1.27547
      vertex -20 8.91669 1.37192
      vertex -20 9.04675 1.27547
    endloop
  endfacet
  facet normal 0 -0.595663 -0.803234
    outer loop
      vertex 10 8.91669 1.37192
      vertex 20 9.04675 1.27547
      vertex 20 8.91669 1.37192
    endloop
  endfacet
  facet normal -0 -0.595663 -0.803234
    outer loop
      vertex 20 9.04675 1.27547
      vertex 10 8.91669 1.37192
      vertex 10 9.04675 1.27547
    endloop
  endfacet
  facet normal 0 -0.857717 0.514122
    outer loop
      vertex -20 9.37192 -0.916691
      vertex -10 9.45517 -0.777804
      vertex -20 9.45517 -0.777804
    endloop
  endfacet
  facet normal 0 -0.857717 0.514122
    outer loop
      vertex -10 9.45517 -0.777804
      vertex -20 9.37192 -0.916691
      vertex -10 9.37192 -0.916691
    endloop
  endfacet
  facet normal 0 -0.857717 0.514122
    outer loop
      vertex 10 9.37192 -0.916691
      vertex 20 9.45517 -0.777804
      vertex 10 9.45517 -0.777804
    endloop
  endfacet
  facet normal 0 -0.857717 0.514122
    outer loop
      vertex 20 9.45517 -0.777804
      vertex 10 9.37192 -0.916691
      vertex 20 9.37192 -0.916691
    endloop
  endfacet
  facet normal 0 0.857744 -0.514076
    outer loop
      vertex 20 6.55 0.78643
      vertex 10 6.62807 0.916691
      vertex 20 6.62807 0.916691
    endloop
  endfacet
  facet normal 0 0.857744 -0.514076
    outer loop
      vertex 10 6.62807 0.916691
      vertex 20 6.55 0.78643
      vertex 10 6.55 0.78643
    endloop
  endfacet
  facet normal 0 0.857744 -0.514076
    outer loop
      vertex -10 6.55 0.78643
      vertex -20 6.62807 0.916691
      vertex -10 6.62807 0.916691
    endloop
  endfacet
  facet normal 0 0.857744 -0.514076
    outer loop
      vertex -20 6.62807 0.916691
      vertex -10 6.55 0.78643
      vertex -20 6.55 0.78643
    endloop
  endfacet
  facet normal 0 -0.998794 0.0490973
    outer loop
      vertex -20 9.64205 -0.161728
      vertex -10 9.65 0
      vertex -20 9.65 0
    endloop
  endfacet
  facet normal 0 -0.998794 0.0490973
    outer loop
      vertex -10 9.65 0
      vertex -20 9.64205 -0.161728
      vertex -10 9.64205 -0.161728
    endloop
  endfacet
  facet normal 0 -0.998794 0.0490973
    outer loop
      vertex 10 9.64205 -0.161728
      vertex 20 9.65 0
      vertex 10 9.65 0
    endloop
  endfacet
  facet normal 0 -0.998794 0.0490973
    outer loop
      vertex 20 9.65 0
      vertex 10 9.64205 -0.161728
      vertex 20 9.64205 -0.161728
    endloop
  endfacet
  facet normal 0 -0.989185 0.146676
    outer loop
      vertex 10 9.6183 -0.321898
      vertex 20 9.64205 -0.161728
      vertex 10 9.64205 -0.161728
    endloop
  endfacet
  facet normal 0 -0.989185 0.146676
    outer loop
      vertex 20 9.64205 -0.161728
      vertex 10 9.6183 -0.321898
      vertex 20 9.6183 -0.321898
    endloop
  endfacet
  facet normal 0 -0.989185 0.146676
    outer loop
      vertex -20 9.6183 -0.321898
      vertex -10 9.64205 -0.161728
      vertex -20 9.64205 -0.161728
    endloop
  endfacet
  facet normal 0 -0.989185 0.146676
    outer loop
      vertex -10 9.64205 -0.161728
      vertex -20 9.6183 -0.321898
      vertex -10 9.6183 -0.321898
    endloop
  endfacet
  facet normal 0 -0.336884 -0.941546
    outer loop
      vertex 10 8.47897 1.57895
      vertex 20 8.63143 1.5244
      vertex 20 8.47897 1.57895
    endloop
  endfacet
  facet normal -0 -0.336884 -0.941546
    outer loop
      vertex 20 8.63143 1.5244
      vertex 10 8.47897 1.57895
      vertex 10 8.63143 1.5244
    endloop
  endfacet
  facet normal 0 -0.336884 -0.941546
    outer loop
      vertex -20 8.47897 1.57895
      vertex -10 8.63143 1.5244
      vertex -10 8.47897 1.57895
    endloop
  endfacet
  facet normal -0 -0.336884 -0.941546
    outer loop
      vertex -10 8.63143 1.5244
      vertex -20 8.47897 1.57895
      vertex -20 8.63143 1.5244
    endloop
  endfacet
  facet normal 0 -0.941544 0.33689
    outer loop
      vertex 10 9.5244 -0.631427
      vertex 20 9.57895 -0.47897
      vertex 10 9.57895 -0.47897
    endloop
  endfacet
  facet normal 0 -0.941544 0.33689
    outer loop
      vertex 20 9.57895 -0.47897
      vertex 10 9.5244 -0.631427
      vertex 20 9.5244 -0.631427
    endloop
  endfacet
  facet normal 0 -0.941544 0.33689
    outer loop
      vertex -20 9.5244 -0.631427
      vertex -10 9.57895 -0.47897
      vertex -20 9.57895 -0.47897
    endloop
  endfacet
  facet normal 0 -0.941544 0.33689
    outer loop
      vertex -10 9.57895 -0.47897
      vertex -20 9.5244 -0.631427
      vertex -10 9.5244 -0.631427
    endloop
  endfacet
  facet normal 0 -0.803232 0.595666
    outer loop
      vertex 10 9.27547 -1.04675
      vertex 20 9.37192 -0.916691
      vertex 10 9.37192 -0.916691
    endloop
  endfacet
  facet normal 0 -0.803232 0.595666
    outer loop
      vertex 20 9.37192 -0.916691
      vertex 10 9.27547 -1.04675
      vertex 20 9.27547 -1.04675
    endloop
  endfacet
  facet normal 0 -0.803232 0.595666
    outer loop
      vertex -20 9.27547 -1.04675
      vertex -10 9.37192 -0.916691
      vertex -20 9.37192 -0.916691
    endloop
  endfacet
  facet normal 0 -0.803232 0.595666
    outer loop
      vertex -10 9.37192 -0.916691
      vertex -20 9.27547 -1.04675
      vertex -10 9.27547 -1.04675
    endloop
  endfacet
  facet normal 0 -0.427566 -0.903984
    outer loop
      vertex 10 8.63143 1.5244
      vertex 20 8.7778 1.45517
      vertex 20 8.63143 1.5244
    endloop
  endfacet
  facet normal -0 -0.427566 -0.903984
    outer loop
      vertex 20 8.7778 1.45517
      vertex 10 8.63143 1.5244
      vertex 10 8.7778 1.45517
    endloop
  endfacet
  facet normal 0 -0.427566 -0.903984
    outer loop
      vertex -20 8.63143 1.5244
      vertex -10 8.7778 1.45517
      vertex -10 8.63143 1.5244
    endloop
  endfacet
  facet normal -0 -0.427566 -0.903984
    outer loop
      vertex -10 8.7778 1.45517
      vertex -20 8.63143 1.5244
      vertex -20 8.7778 1.45517
    endloop
  endfacet
  facet normal -0 0.595663 0.803234
    outer loop
      vertex -20 7.08331 -1.37192
      vertex -10 6.95325 -1.27547
      vertex -10 7.08331 -1.37192
    endloop
  endfacet
  facet normal 0 0.595663 0.803234
    outer loop
      vertex -10 6.95325 -1.27547
      vertex -20 7.08331 -1.37192
      vertex -20 6.95325 -1.27547
    endloop
  endfacet
  facet normal -0 0.595663 0.803234
    outer loop
      vertex 10 7.08331 -1.37192
      vertex 20 6.95325 -1.27547
      vertex 20 7.08331 -1.37192
    endloop
  endfacet
  facet normal 0 0.595663 0.803234
    outer loop
      vertex 20 6.95325 -1.27547
      vertex 10 7.08331 -1.37192
      vertex 10 6.95325 -1.27547
    endloop
  endfacet
  facet normal 0 -0.146676 -0.989185
    outer loop
      vertex 10 8.16173 1.64205
      vertex 20 8.3219 1.6183
      vertex 20 8.16173 1.64205
    endloop
  endfacet
  facet normal -0 -0.146676 -0.989185
    outer loop
      vertex 20 8.3219 1.6183
      vertex 10 8.16173 1.64205
      vertex 10 8.3219 1.6183
    endloop
  endfacet
  facet normal 0 -0.146676 -0.989185
    outer loop
      vertex -20 8.16173 1.64205
      vertex -10 8.3219 1.6183
      vertex -10 8.16173 1.64205
    endloop
  endfacet
  facet normal -0 -0.146676 -0.989185
    outer loop
      vertex -10 8.3219 1.6183
      vertex -20 8.16173 1.64205
      vertex -20 8.3219 1.6183
    endloop
  endfacet
  facet normal 0 -0.989185 -0.146676
    outer loop
      vertex -20 9.64205 0.161728
      vertex -10 9.6183 0.321898
      vertex -20 9.6183 0.321898
    endloop
  endfacet
  facet normal 0 -0.989185 -0.146676
    outer loop
      vertex -10 9.6183 0.321898
      vertex -20 9.64205 0.161728
      vertex -10 9.64205 0.161728
    endloop
  endfacet
  facet normal 0 -0.989185 -0.146676
    outer loop
      vertex 10 9.64205 0.161728
      vertex 20 9.6183 0.321898
      vertex 10 9.6183 0.321898
    endloop
  endfacet
  facet normal 0 -0.989185 -0.146676
    outer loop
      vertex 20 9.6183 0.321898
      vertex 10 9.64205 0.161728
      vertex 20 9.64205 0.161728
    endloop
  endfacet
  facet normal 0 0.336884 -0.941546
    outer loop
      vertex 10 7.36857 1.5244
      vertex 20 7.52103 1.57895
      vertex 20 7.36857 1.5244
    endloop
  endfacet
  facet normal 0 0.336884 -0.941546
    outer loop
      vertex 20 7.52103 1.57895
      vertex 10 7.36857 1.5244
      vertex 10 7.52103 1.57895
    endloop
  endfacet
  facet normal 0 0.336884 -0.941546
    outer loop
      vertex -20 7.36857 1.5244
      vertex -10 7.52103 1.57895
      vertex -10 7.36857 1.5244
    endloop
  endfacet
  facet normal 0 0.336884 -0.941546
    outer loop
      vertex -10 7.52103 1.57895
      vertex -20 7.36857 1.5244
      vertex -20 7.52103 1.57895
    endloop
  endfacet
  facet normal 0 -0.903992 -0.427549
    outer loop
      vertex -20 9.5244 0.631427
      vertex -10 9.45517 0.777804
      vertex -20 9.45517 0.777804
    endloop
  endfacet
  facet normal 0 -0.903992 -0.427549
    outer loop
      vertex -10 9.45517 0.777804
      vertex -20 9.5244 0.631427
      vertex -10 9.5244 0.631427
    endloop
  endfacet
  facet normal 0 -0.903992 -0.427549
    outer loop
      vertex 10 9.5244 0.631427
      vertex 20 9.45517 0.777804
      vertex 10 9.45517 0.777804
    endloop
  endfacet
  facet normal 0 -0.903992 -0.427549
    outer loop
      vertex 20 9.45517 0.777804
      vertex 10 9.5244 0.631427
      vertex 20 9.5244 0.631427
    endloop
  endfacet
  facet normal -0 0.427542 0.903995
    outer loop
      vertex 10 7.36857 -1.5244
      vertex 20 7.22219 -1.45517
      vertex 20 7.36857 -1.5244
    endloop
  endfacet
  facet normal 0 0.427542 0.903995
    outer loop
      vertex 20 7.22219 -1.45517
      vertex 10 7.36857 -1.5244
      vertex 10 7.22219 -1.45517
    endloop
  endfacet
  facet normal -0 0.427542 0.903995
    outer loop
      vertex -20 7.36857 -1.5244
      vertex -10 7.22219 -1.45517
      vertex -10 7.36857 -1.5244
    endloop
  endfacet
  facet normal 0 0.427542 0.903995
    outer loop
      vertex -10 7.22219 -1.45517
      vertex -20 7.36857 -1.5244
      vertex -20 7.22219 -1.45517
    endloop
  endfacet
  facet normal 0 0.803203 -0.595706
    outer loop
      vertex -10 6.62807 0.916691
      vertex -20 6.72453 1.04675
      vertex -10 6.72453 1.04675
    endloop
  endfacet
  facet normal 0 0.803203 -0.595706
    outer loop
      vertex -20 6.72453 1.04675
      vertex -10 6.62807 0.916691
      vertex -20 6.62807 0.916691
    endloop
  endfacet
  facet normal 0 0.803203 -0.595706
    outer loop
      vertex 20 6.62807 0.916691
      vertex 10 6.72453 1.04675
      vertex 20 6.72453 1.04675
    endloop
  endfacet
  facet normal 0 0.803203 -0.595706
    outer loop
      vertex 10 6.72453 1.04675
      vertex 20 6.62807 0.916691
      vertex 10 6.62807 0.916691
    endloop
  endfacet
  facet normal 0 -0.514114 -0.857722
    outer loop
      vertex -20 8.7778 1.45517
      vertex -10 8.91669 1.37192
      vertex -10 8.7778 1.45517
    endloop
  endfacet
  facet normal -0 -0.514114 -0.857722
    outer loop
      vertex -10 8.91669 1.37192
      vertex -20 8.7778 1.45517
      vertex -20 8.91669 1.37192
    endloop
  endfacet
  facet normal 0 -0.514114 -0.857722
    outer loop
      vertex 10 8.7778 1.45517
      vertex 20 8.91669 1.37192
      vertex 20 8.7778 1.45517
    endloop
  endfacet
  facet normal -0 -0.514114 -0.857722
    outer loop
      vertex 20 8.91669 1.37192
      vertex 10 8.7778 1.45517
      vertex 10 8.91669 1.37192
    endloop
  endfacet
  facet normal 0 0.427542 -0.903995
    outer loop
      vertex -20 7.22219 1.45517
      vertex -10 7.36857 1.5244
      vertex -10 7.22219 1.45517
    endloop
  endfacet
  facet normal 0 0.427542 -0.903995
    outer loop
      vertex -10 7.36857 1.5244
      vertex -20 7.22219 1.45517
      vertex -20 7.36857 1.5244
    endloop
  endfacet
  facet normal 0 0.427542 -0.903995
    outer loop
      vertex 10 7.22219 1.45517
      vertex 20 7.36857 1.5244
      vertex 20 7.22219 1.45517
    endloop
  endfacet
  facet normal 0 0.427542 -0.903995
    outer loop
      vertex 20 7.36857 1.5244
      vertex 10 7.22219 1.45517
      vertex 10 7.36857 1.5244
    endloop
  endfacet
  facet normal -0 0.0490967 0.998794
    outer loop
      vertex 10 8 -1.65
      vertex 20 7.83827 -1.64205
      vertex 20 8 -1.65
    endloop
  endfacet
  facet normal 0 0.0490967 0.998794
    outer loop
      vertex 20 7.83827 -1.64205
      vertex 10 8 -1.65
      vertex 10 7.83827 -1.64205
    endloop
  endfacet
  facet normal -0 0.0490967 0.998794
    outer loop
      vertex -20 8 -1.65
      vertex -10 7.83827 -1.64205
      vertex -10 8 -1.65
    endloop
  endfacet
  facet normal 0 0.0490967 0.998794
    outer loop
      vertex -10 7.83827 -1.64205
      vertex -20 8 -1.65
      vertex -20 7.83827 -1.64205
    endloop
  endfacet
  facet normal 0 -0.146676 0.989185
    outer loop
      vertex -20 8.3219 -1.6183
      vertex -10 8.16173 -1.64205
      vertex -10 8.3219 -1.6183
    endloop
  endfacet
  facet normal 0 -0.146676 0.989185
    outer loop
      vertex -10 8.16173 -1.64205
      vertex -20 8.3219 -1.6183
      vertex -20 8.16173 -1.64205
    endloop
  endfacet
  facet normal 0 -0.146676 0.989185
    outer loop
      vertex 10 8.3219 -1.6183
      vertex 20 8.16173 -1.64205
      vertex 20 8.3219 -1.6183
    endloop
  endfacet
  facet normal 0 -0.146676 0.989185
    outer loop
      vertex 20 8.16173 -1.64205
      vertex 10 8.3219 -1.6183
      vertex 10 8.16173 -1.64205
    endloop
  endfacet
  facet normal -0 0.336884 0.941546
    outer loop
      vertex -20 7.52103 -1.57895
      vertex -10 7.36857 -1.5244
      vertex -10 7.52103 -1.57895
    endloop
  endfacet
  facet normal 0 0.336884 0.941546
    outer loop
      vertex -10 7.36857 -1.5244
      vertex -20 7.52103 -1.57895
      vertex -20 7.36857 -1.5244
    endloop
  endfacet
  facet normal -0 0.336884 0.941546
    outer loop
      vertex 10 7.52103 -1.57895
      vertex 20 7.36857 -1.5244
      vertex 20 7.52103 -1.57895
    endloop
  endfacet
  facet normal 0 0.336884 0.941546
    outer loop
      vertex 20 7.36857 -1.5244
      vertex 10 7.52103 -1.57895
      vertex 10 7.36857 -1.5244
    endloop
  endfacet
  facet normal 0 -0.336884 0.941546
    outer loop
      vertex -20 8.63143 -1.5244
      vertex -10 8.47897 -1.57895
      vertex -10 8.63143 -1.5244
    endloop
  endfacet
  facet normal 0 -0.336884 0.941546
    outer loop
      vertex -10 8.47897 -1.57895
      vertex -20 8.63143 -1.5244
      vertex -20 8.47897 -1.57895
    endloop
  endfacet
  facet normal 0 -0.336884 0.941546
    outer loop
      vertex 10 8.63143 -1.5244
      vertex 20 8.47897 -1.57895
      vertex 20 8.63143 -1.5244
    endloop
  endfacet
  facet normal 0 -0.336884 0.941546
    outer loop
      vertex 20 8.47897 -1.57895
      vertex 10 8.63143 -1.5244
      vertex 10 8.47897 -1.57895
    endloop
  endfacet
  facet normal 0 0.0490967 -0.998794
    outer loop
      vertex -20 7.83827 1.64205
      vertex -10 8 1.65
      vertex -10 7.83827 1.64205
    endloop
  endfacet
  facet normal 0 0.0490967 -0.998794
    outer loop
      vertex -10 8 1.65
      vertex -20 7.83827 1.64205
      vertex -20 8 1.65
    endloop
  endfacet
  facet normal 0 0.0490967 -0.998794
    outer loop
      vertex 10 7.83827 1.64205
      vertex 20 8 1.65
      vertex 20 7.83827 1.64205
    endloop
  endfacet
  facet normal 0 0.0490967 -0.998794
    outer loop
      vertex 20 8 1.65
      vertex 10 7.83827 1.64205
      vertex 10 8 1.65
    endloop
  endfacet
  facet normal -0 0.146676 0.989185
    outer loop
      vertex -20 7.83827 -1.64205
      vertex -10 7.6781 -1.6183
      vertex -10 7.83827 -1.64205
    endloop
  endfacet
  facet normal 0 0.146676 0.989185
    outer loop
      vertex -10 7.6781 -1.6183
      vertex -20 7.83827 -1.64205
      vertex -20 7.6781 -1.6183
    endloop
  endfacet
  facet normal -0 0.146676 0.989185
    outer loop
      vertex 10 7.83827 -1.64205
      vertex 20 7.6781 -1.6183
      vertex 20 7.83827 -1.64205
    endloop
  endfacet
  facet normal 0 0.146676 0.989185
    outer loop
      vertex 20 7.6781 -1.6183
      vertex 10 7.83827 -1.64205
      vertex 10 7.6781 -1.6183
    endloop
  endfacet
  facet normal 0 0.740962 -0.671547
    outer loop
      vertex 20 6.72453 1.04675
      vertex 10 6.83327 1.16673
      vertex 20 6.83327 1.16673
    endloop
  endfacet
  facet normal 0 0.740962 -0.671547
    outer loop
      vertex 10 6.83327 1.16673
      vertex 20 6.72453 1.04675
      vertex 10 6.72453 1.04675
    endloop
  endfacet
  facet normal 0 0.740962 -0.671547
    outer loop
      vertex -10 6.72453 1.04675
      vertex -20 6.83327 1.16673
      vertex -10 6.83327 1.16673
    endloop
  endfacet
  facet normal 0 0.740962 -0.671547
    outer loop
      vertex -20 6.83327 1.16673
      vertex -10 6.72453 1.04675
      vertex -20 6.72453 1.04675
    endloop
  endfacet
  facet normal -0 0.243015 0.970022
    outer loop
      vertex 10 7.6781 -1.6183
      vertex 20 7.52103 -1.57895
      vertex 20 7.6781 -1.6183
    endloop
  endfacet
  facet normal 0 0.243015 0.970022
    outer loop
      vertex 20 7.52103 -1.57895
      vertex 10 7.6781 -1.6183
      vertex 10 7.52103 -1.57895
    endloop
  endfacet
  facet normal -0 0.243015 0.970022
    outer loop
      vertex -20 7.6781 -1.6183
      vertex -10 7.52103 -1.57895
      vertex -10 7.6781 -1.6183
    endloop
  endfacet
  facet normal 0 0.243015 0.970022
    outer loop
      vertex -10 7.52103 -1.57895
      vertex -20 7.6781 -1.6183
      vertex -20 7.52103 -1.57895
    endloop
  endfacet
  facet normal 0 -0.427566 0.903984
    outer loop
      vertex -20 8.7778 -1.45517
      vertex -10 8.63143 -1.5244
      vertex -10 8.7778 -1.45517
    endloop
  endfacet
  facet normal 0 -0.427566 0.903984
    outer loop
      vertex -10 8.63143 -1.5244
      vertex -20 8.7778 -1.45517
      vertex -20 8.63143 -1.5244
    endloop
  endfacet
  facet normal 0 -0.427566 0.903984
    outer loop
      vertex 10 8.7778 -1.45517
      vertex 20 8.63143 -1.5244
      vertex 20 8.7778 -1.45517
    endloop
  endfacet
  facet normal 0 -0.427566 0.903984
    outer loop
      vertex 20 8.63143 -1.5244
      vertex 10 8.7778 -1.45517
      vertex 10 8.63143 -1.5244
    endloop
  endfacet
  facet normal 0 -0.740962 0.671547
    outer loop
      vertex 10 9.16673 -1.16673
      vertex 20 9.27547 -1.04675
      vertex 10 9.27547 -1.04675
    endloop
  endfacet
  facet normal 0 -0.740962 0.671547
    outer loop
      vertex 20 9.27547 -1.04675
      vertex 10 9.16673 -1.16673
      vertex 20 9.16673 -1.16673
    endloop
  endfacet
  facet normal 0 -0.740962 0.671547
    outer loop
      vertex -20 9.16673 -1.16673
      vertex -10 9.27547 -1.04675
      vertex -20 9.27547 -1.04675
    endloop
  endfacet
  facet normal 0 -0.740962 0.671547
    outer loop
      vertex -10 9.27547 -1.04675
      vertex -20 9.16673 -1.16673
      vertex -10 9.16673 -1.16673
    endloop
  endfacet
  facet normal 0 -0.671547 0.740962
    outer loop
      vertex 10 9.16673 -1.16673
      vertex 20 9.04675 -1.27547
      vertex 20 9.16673 -1.16673
    endloop
  endfacet
  facet normal 0 -0.671547 0.740962
    outer loop
      vertex 20 9.04675 -1.27547
      vertex 10 9.16673 -1.16673
      vertex 10 9.04675 -1.27547
    endloop
  endfacet
  facet normal 0 -0.671547 0.740962
    outer loop
      vertex -20 9.16673 -1.16673
      vertex -10 9.04675 -1.27547
      vertex -10 9.16673 -1.16673
    endloop
  endfacet
  facet normal 0 -0.671547 0.740962
    outer loop
      vertex -10 9.04675 -1.27547
      vertex -20 9.16673 -1.16673
      vertex -20 9.04675 -1.27547
    endloop
  endfacet
  facet normal 0 -0.941544 -0.33689
    outer loop
      vertex -20 9.57895 0.47897
      vertex -10 9.5244 0.631427
      vertex -20 9.5244 0.631427
    endloop
  endfacet
  facet normal 0 -0.941544 -0.33689
    outer loop
      vertex -10 9.5244 0.631427
      vertex -20 9.57895 0.47897
      vertex -10 9.57895 0.47897
    endloop
  endfacet
  facet normal 0 -0.941544 -0.33689
    outer loop
      vertex 10 9.57895 0.47897
      vertex 20 9.5244 0.631427
      vertex 10 9.5244 0.631427
    endloop
  endfacet
  facet normal 0 -0.941544 -0.33689
    outer loop
      vertex 20 9.5244 0.631427
      vertex 10 9.57895 0.47897
      vertex 20 9.57895 0.47897
    endloop
  endfacet
  facet normal -0 0.514142 0.857705
    outer loop
      vertex 10 7.22219 -1.45517
      vertex 20 7.08331 -1.37192
      vertex 20 7.22219 -1.45517
    endloop
  endfacet
  facet normal 0 0.514142 0.857705
    outer loop
      vertex 20 7.08331 -1.37192
      vertex 10 7.22219 -1.45517
      vertex 10 7.08331 -1.37192
    endloop
  endfacet
  facet normal -0 0.514142 0.857705
    outer loop
      vertex -20 7.22219 -1.45517
      vertex -10 7.08331 -1.37192
      vertex -10 7.22219 -1.45517
    endloop
  endfacet
  facet normal 0 0.514142 0.857705
    outer loop
      vertex -10 7.08331 -1.37192
      vertex -20 7.22219 -1.45517
      vertex -20 7.08331 -1.37192
    endloop
  endfacet
  facet normal 0 -0.903992 0.427549
    outer loop
      vertex -20 9.45517 -0.777804
      vertex -10 9.5244 -0.631427
      vertex -20 9.5244 -0.631427
    endloop
  endfacet
  facet normal 0 -0.903992 0.427549
    outer loop
      vertex -10 9.5244 -0.631427
      vertex -20 9.45517 -0.777804
      vertex -10 9.45517 -0.777804
    endloop
  endfacet
  facet normal 0 -0.903992 0.427549
    outer loop
      vertex 10 9.45517 -0.777804
      vertex 20 9.5244 -0.631427
      vertex 10 9.5244 -0.631427
    endloop
  endfacet
  facet normal 0 -0.903992 0.427549
    outer loop
      vertex 20 9.5244 -0.631427
      vertex 10 9.45517 -0.777804
      vertex 20 9.45517 -0.777804
    endloop
  endfacet
  facet normal 0 -0.514114 0.857722
    outer loop
      vertex 10 8.91669 -1.37192
      vertex 20 8.7778 -1.45517
      vertex 20 8.91669 -1.37192
    endloop
  endfacet
  facet normal 0 -0.514114 0.857722
    outer loop
      vertex 20 8.7778 -1.45517
      vertex 10 8.91669 -1.37192
      vertex 10 8.7778 -1.45517
    endloop
  endfacet
  facet normal 0 -0.514114 0.857722
    outer loop
      vertex -20 8.91669 -1.37192
      vertex -10 8.7778 -1.45517
      vertex -10 8.91669 -1.37192
    endloop
  endfacet
  facet normal 0 -0.514114 0.857722
    outer loop
      vertex -10 8.7778 -1.45517
      vertex -20 8.91669 -1.37192
      vertex -20 8.7778 -1.45517
    endloop
  endfacet
  facet normal 0 -0.998794 -0.0490973
    outer loop
      vertex -20 9.65 0
      vertex -10 9.64205 0.161728
      vertex -20 9.64205 0.161728
    endloop
  endfacet
  facet normal 0 -0.998794 -0.0490973
    outer loop
      vertex -10 9.64205 0.161728
      vertex -20 9.65 0
      vertex -10 9.65 0
    endloop
  endfacet
  facet normal 0 -0.998794 -0.0490973
    outer loop
      vertex 10 9.65 0
      vertex 20 9.64205 0.161728
      vertex 10 9.64205 0.161728
    endloop
  endfacet
  facet normal 0 -0.998794 -0.0490973
    outer loop
      vertex 20 9.64205 0.161728
      vertex 10 9.65 0
      vertex 20 9.65 0
    endloop
  endfacet
  facet normal 0 -0.803232 -0.595666
    outer loop
      vertex 10 9.37192 0.916691
      vertex 20 9.27547 1.04675
      vertex 10 9.27547 1.04675
    endloop
  endfacet
  facet normal 0 -0.803232 -0.595666
    outer loop
      vertex 20 9.27547 1.04675
      vertex 10 9.37192 0.916691
      vertex 20 9.37192 0.916691
    endloop
  endfacet
  facet normal 0 -0.803232 -0.595666
    outer loop
      vertex -20 9.37192 0.916691
      vertex -10 9.27547 1.04675
      vertex -20 9.27547 1.04675
    endloop
  endfacet
  facet normal 0 -0.803232 -0.595666
    outer loop
      vertex -10 9.27547 1.04675
      vertex -20 9.37192 0.916691
      vertex -10 9.37192 0.916691
    endloop
  endfacet
  facet normal 0 -0.671547 -0.740962
    outer loop
      vertex -20 9.04675 1.27547
      vertex -10 9.16673 1.16673
      vertex -10 9.04675 1.27547
    endloop
  endfacet
  facet normal -0 -0.671547 -0.740962
    outer loop
      vertex -10 9.16673 1.16673
      vertex -20 9.04675 1.27547
      vertex -20 9.16673 1.16673
    endloop
  endfacet
  facet normal 0 -0.671547 -0.740962
    outer loop
      vertex 10 9.04675 1.27547
      vertex 20 9.16673 1.16673
      vertex 20 9.04675 1.27547
    endloop
  endfacet
  facet normal -0 -0.671547 -0.740962
    outer loop
      vertex 20 9.16673 1.16673
      vertex 10 9.04675 1.27547
      vertex 10 9.16673 1.16673
    endloop
  endfacet
  facet normal 0 0.243015 -0.970022
    outer loop
      vertex 10 7.52103 1.57895
      vertex 20 7.6781 1.6183
      vertex 20 7.52103 1.57895
    endloop
  endfacet
  facet normal 0 0.243015 -0.970022
    outer loop
      vertex 20 7.6781 1.6183
      vertex 10 7.52103 1.57895
      vertex 10 7.6781 1.6183
    endloop
  endfacet
  facet normal 0 0.243015 -0.970022
    outer loop
      vertex -20 7.52103 1.57895
      vertex -10 7.6781 1.6183
      vertex -10 7.52103 1.57895
    endloop
  endfacet
  facet normal 0 0.243015 -0.970022
    outer loop
      vertex -10 7.6781 1.6183
      vertex -20 7.52103 1.57895
      vertex -20 7.6781 1.6183
    endloop
  endfacet
  facet normal 0 0.740962 0.671547
    outer loop
      vertex 20 6.83327 -1.16673
      vertex 10 6.72453 -1.04675
      vertex 20 6.72453 -1.04675
    endloop
  endfacet
  facet normal 0 0.740962 0.671547
    outer loop
      vertex 10 6.72453 -1.04675
      vertex 20 6.83327 -1.16673
      vertex 10 6.83327 -1.16673
    endloop
  endfacet
  facet normal 0 0.740962 0.671547
    outer loop
      vertex -10 6.83327 -1.16673
      vertex -20 6.72453 -1.04675
      vertex -10 6.72453 -1.04675
    endloop
  endfacet
  facet normal 0 0.740962 0.671547
    outer loop
      vertex -20 6.72453 -1.04675
      vertex -10 6.83327 -1.16673
      vertex -20 6.83327 -1.16673
    endloop
  endfacet
  facet normal 0 -0.970023 0.243012
    outer loop
      vertex 10 9.57895 -0.47897
      vertex 20 9.6183 -0.321898
      vertex 10 9.6183 -0.321898
    endloop
  endfacet
  facet normal 0 -0.970023 0.243012
    outer loop
      vertex 20 9.6183 -0.321898
      vertex 10 9.57895 -0.47897
      vertex 20 9.57895 -0.47897
    endloop
  endfacet
  facet normal 0 -0.970023 0.243012
    outer loop
      vertex -20 9.57895 -0.47897
      vertex -10 9.6183 -0.321898
      vertex -20 9.6183 -0.321898
    endloop
  endfacet
  facet normal 0 -0.970023 0.243012
    outer loop
      vertex -10 9.6183 -0.321898
      vertex -20 9.57895 -0.47897
      vertex -10 9.57895 -0.47897
    endloop
  endfacet
  facet normal 1 0 0
    outer loop
      vertex -20 9.64205 0.161728
      vertex -20 9.64205 -0.161728
      vertex -20 9.65 0
    endloop
  endfacet
  facet normal 1 0 0
    outer loop
      vertex -20 9.6183 0.321898
      vertex -20 9.64205 -0.161728
      vertex -20 9.64205 0.161728
    endloop
  endfacet
  facet normal 1 0 0
    outer loop
      vertex -20 9.6183 0.321898
      vertex -20 9.6183 -0.321898
      vertex -20 9.64205 -0.161728
    endloop
  endfacet
  facet normal 1 0 0
    outer loop
      vertex -20 9.57895 0.47897
      vertex -20 9.6183 -0.321898
      vertex -20 9.6183 0.321898
    endloop
  endfacet
  facet normal 1 0 0
    outer loop
      vertex -20 9.57895 0.47897
      vertex -20 9.57895 -0.47897
      vertex -20 9.6183 -0.321898
    endloop
  endfacet
  facet normal 1 0 0
    outer loop
      vertex -20 9.5244 0.631427
      vertex -20 9.57895 -0.47897
      vertex -20 9.57895 0.47897
    endloop
  endfacet
  facet normal 1 0 0
    outer loop
      vertex -20 9.5244 0.631427
      vertex -20 9.5244 -0.631427
      vertex -20 9.57895 -0.47897
    endloop
  endfacet
  facet normal 1 0 0
    outer loop
      vertex -20 9.45517 0.777804
      vertex -20 9.5244 -0.631427
      vertex -20 9.5244 0.631427
    endloop
  endfacet
  facet normal 1 0 0
    outer loop
      vertex -20 9.45517 0.777804
      vertex -20 9.45517 -0.777804
      vertex -20 9.5244 -0.631427
    endloop
  endfacet
  facet normal 1 0 0
    outer loop
      vertex -20 9.37192 0.916691
      vertex -20 9.45517 -0.777804
      vertex -20 9.45517 0.777804
    endloop
  endfacet
  facet normal 1 0 0
    outer loop
      vertex -20 9.37192 0.916691
      vertex -20 9.37192 -0.916691
      vertex -20 9.45517 -0.777804
    endloop
  endfacet
  facet normal 1 0 0
    outer loop
      vertex -20 9.27547 1.04675
      vertex -20 9.37192 -0.916691
      vertex -20 9.37192 0.916691
    endloop
  endfacet
  facet normal 1 0 0
    outer loop
      vertex -20 9.27547 1.04675
      vertex -20 9.27547 -1.04675
      vertex -20 9.37192 -0.916691
    endloop
  endfacet
  facet normal 1 0 0
    outer loop
      vertex -20 9.16673 1.16673
      vertex -20 9.27547 -1.04675
      vertex -20 9.27547 1.04675
    endloop
  endfacet
  facet normal 1 0 0
    outer loop
      vertex -20 9.16673 1.16673
      vertex -20 9.16673 -1.16673
      vertex -20 9.27547 -1.04675
    endloop
  endfacet
  facet normal 1 0 0
    outer loop
      vertex -20 9.04675 1.27547
      vertex -20 9.16673 -1.16673
      vertex -20 9.16673 1.16673
    endloop
  endfacet
  facet normal 1 0 0
    outer loop
      vertex -20 9.04675 1.27547
      vertex -20 9.04675 -1.27547
      vertex -20 9.16673 -1.16673
    endloop
  endfacet
  facet normal 1 0 0
    outer loop
      vertex -20 8.91669 1.37192
      vertex -20 9.04675 -1.27547
      vertex -20 9.04675 1.27547
    endloop
  endfacet
  facet normal 1 0 0
    outer loop
      vertex -20 8.91669 1.37192
      vertex -20 8.91669 -1.37192
      vertex -20 9.04675 -1.27547
    endloop
  endfacet
  facet normal 1 0 0
    outer loop
      vertex -20 8.7778 1.45517
      vertex -20 8.91669 -1.37192
      vertex -20 8.91669 1.37192
    endloop
  endfacet
  facet normal 1 0 0
    outer loop
      vertex -20 8.7778 1.45517
      vertex -20 8.7778 -1.45517
      vertex -20 8.91669 -1.37192
    endloop
  endfacet
  facet normal 1 0 0
    outer loop
      vertex -20 8.63143 1.5244
      vertex -20 8.7778 -1.45517
      vertex -20 8.7778 1.45517
    endloop
  endfacet
  facet normal 1 0 0
    outer loop
      vertex -20 8.63143 1.5244
      vertex -20 8.63143 -1.5244
      vertex -20 8.7778 -1.45517
    endloop
  endfacet
  facet normal 1 0 0
    outer loop
      vertex -20 8.47897 1.57895
      vertex -20 8.63143 -1.5244
      vertex -20 8.63143 1.5244
    endloop
  endfacet
  facet normal 1 0 0
    outer loop
      vertex -20 8.47897 1.57895
      vertex -20 8.47897 -1.57895
      vertex -20 8.63143 -1.5244
    endloop
  endfacet
  facet normal 1 0 0
    outer loop
      vertex -20 8.3219 1.6183
      vertex -20 8.47897 -1.57895
      vertex -20 8.47897 1.57895
    endloop
  endfacet
  facet normal 1 0 0
    outer loop
      vertex -20 8.3219 1.6183
      vertex -20 8.3219 -1.6183
      vertex -20 8.47897 -1.57895
    endloop
  endfacet
  facet normal 1 0 0
    outer loop
      vertex -20 8.16173 1.64205
      vertex -20 8.3219 -1.6183
      vertex -20 8.3219 1.6183
    endloop
  endfacet
  facet normal 1 0 0
    outer loop
      vertex -20 8.16173 1.64205
      vertex -20 8.16173 -1.64205
      vertex -20 8.3219 -1.6183
    endloop
  endfacet
  facet normal 1 0 0
    outer loop
      vertex -20 8 1.65
      vertex -20 8.16173 -1.64205
      vertex -20 8.16173 1.64205
    endloop
  endfacet
  facet normal 1 0 0
    outer loop
      vertex -20 8 1.65
      vertex -20 8 -1.65
      vertex -20 8.16173 -1.64205
    endloop
  endfacet
  facet normal 1 -0 0
    outer loop
      vertex -20 7.83827 1.64205
      vertex -20 8 -1.65
      vertex -20 8 1.65
    endloop
  endfacet
  facet normal 1 0 0
    outer loop
      vertex -20 7.83827 1.64205
      vertex -20 7.83827 -1.64205
      vertex -20 8 -1.65
    endloop
  endfacet
  facet normal 1 -0 0
    outer loop
      vertex -20 7.6781 1.6183
      vertex -20 7.83827 -1.64205
      vertex -20 7.83827 1.64205
    endloop
  endfacet
  facet normal 1 0 0
    outer loop
      vertex -20 7.6781 1.6183
      vertex -20 7.6781 -1.6183
      vertex -20 7.83827 -1.64205
    endloop
  endfacet
  facet normal 1 -0 0
    outer loop
      vertex -20 7.52103 1.57895
      vertex -20 7.6781 -1.6183
      vertex -20 7.6781 1.6183
    endloop
  endfacet
  facet normal 1 0 0
    outer loop
      vertex -20 7.52103 1.57895
      vertex -20 7.52103 -1.57895
      vertex -20 7.6781 -1.6183
    endloop
  endfacet
  facet normal 1 -0 0
    outer loop
      vertex -20 7.36857 1.5244
      vertex -20 7.52103 -1.57895
      vertex -20 7.52103 1.57895
    endloop
  endfacet
  facet normal 1 0 0
    outer loop
      vertex -20 7.36857 1.5244
      vertex -20 7.36857 -1.5244
      vertex -20 7.52103 -1.57895
    endloop
  endfacet
  facet normal 1 -0 0
    outer loop
      vertex -20 7.22219 1.45517
      vertex -20 7.36857 -1.5244
      vertex -20 7.36857 1.5244
    endloop
  endfacet
  facet normal 1 0 0
    outer loop
      vertex -20 7.22219 1.45517
      vertex -20 7.22219 -1.45517
      vertex -20 7.36857 -1.5244
    endloop
  endfacet
  facet normal 1 -0 0
    outer loop
      vertex -20 7.08331 1.37192
      vertex -20 7.22219 -1.45517
      vertex -20 7.22219 1.45517
    endloop
  endfacet
  facet normal 1 0 0
    outer loop
      vertex -20 7.08331 1.37192
      vertex -20 7.08331 -1.37192
      vertex -20 7.22219 -1.45517
    endloop
  endfacet
  facet normal 1 -0 0
    outer loop
      vertex -20 6.95325 1.27547
      vertex -20 7.08331 -1.37192
      vertex -20 7.08331 1.37192
    endloop
  endfacet
  facet normal 1 0 0
    outer loop
      vertex -20 6.95325 1.27547
      vertex -20 6.95325 -1.27547
      vertex -20 7.08331 -1.37192
    endloop
  endfacet
  facet normal 1 -0 0
    outer loop
      vertex -20 6.83327 1.16673
      vertex -20 6.95325 -1.27547
      vertex -20 6.95325 1.27547
    endloop
  endfacet
  facet normal 1 0 0
    outer loop
      vertex -20 6.83327 1.16673
      vertex -20 6.83327 -1.16673
      vertex -20 6.95325 -1.27547
    endloop
  endfacet
  facet normal 1 -0 0
    outer loop
      vertex -20 6.72453 1.04675
      vertex -20 6.83327 -1.16673
      vertex -20 6.83327 1.16673
    endloop
  endfacet
  facet normal 1 0 0
    outer loop
      vertex -20 6.72453 1.04675
      vertex -20 6.72453 -1.04675
      vertex -20 6.83327 -1.16673
    endloop
  endfacet
  facet normal 1 -0 0
    outer loop
      vertex -20 6.62807 0.916691
      vertex -20 6.72453 -1.04675
      vertex -20 6.72453 1.04675
    endloop
  endfacet
  facet normal 1 0 0
    outer loop
      vertex -20 6.62807 0.916691
      vertex -20 6.62807 -0.916691
      vertex -20 6.72453 -1.04675
    endloop
  endfacet
  facet normal 1 -0 0
    outer loop
      vertex -20 6.55 0.78643
      vertex -20 6.62807 -0.916691
      vertex -20 6.62807 0.916691
    endloop
  endfacet
  facet normal 1 0 0
    outer loop
      vertex -20 6.62807 -0.916691
      vertex -20 6.55 0.78643
      vertex -20 6.55 -0.78643
    endloop
  endfacet
  facet normal 0 0.671547 -0.740962
    outer loop
      vertex 10 6.83327 1.16673
      vertex 20 6.95325 1.27547
      vertex 20 6.83327 1.16673
    endloop
  endfacet
  facet normal 0 0.671547 -0.740962
    outer loop
      vertex 20 6.95325 1.27547
      vertex 10 6.83327 1.16673
      vertex 10 6.95325 1.27547
    endloop
  endfacet
  facet normal 0 0.671547 -0.740962
    outer loop
      vertex -20 6.83327 1.16673
      vertex -10 6.95325 1.27547
      vertex -10 6.83327 1.16673
    endloop
  endfacet
  facet normal 0 0.671547 -0.740962
    outer loop
      vertex -10 6.95325 1.27547
      vertex -20 6.83327 1.16673
      vertex -20 6.95325 1.27547
    endloop
  endfacet
  facet normal 0 0.146676 -0.989185
    outer loop
      vertex -20 7.6781 1.6183
      vertex -10 7.83827 1.64205
      vertex -10 7.6781 1.6183
    endloop
  endfacet
  facet normal 0 0.146676 -0.989185
    outer loop
      vertex -10 7.83827 1.64205
      vertex -20 7.6781 1.6183
      vertex -20 7.83827 1.64205
    endloop
  endfacet
  facet normal 0 0.146676 -0.989185
    outer loop
      vertex 10 7.6781 1.6183
      vertex 20 7.83827 1.64205
      vertex 20 7.6781 1.6183
    endloop
  endfacet
  facet normal 0 0.146676 -0.989185
    outer loop
      vertex 20 7.83827 1.64205
      vertex 10 7.6781 1.6183
      vertex 10 7.83827 1.64205
    endloop
  endfacet
  facet normal 0 0.803203 0.595706
    outer loop
      vertex -10 6.72453 -1.04675
      vertex -20 6.62807 -0.916691
      vertex -10 6.62807 -0.916691
    endloop
  endfacet
  facet normal 0 0.803203 0.595706
    outer loop
      vertex -20 6.62807 -0.916691
      vertex -10 6.72453 -1.04675
      vertex -20 6.72453 -1.04675
    endloop
  endfacet
  facet normal 0 0.803203 0.595706
    outer loop
      vertex 20 6.72453 -1.04675
      vertex 10 6.62807 -0.916691
      vertex 20 6.62807 -0.916691
    endloop
  endfacet
  facet normal 0 0.803203 0.595706
    outer loop
      vertex 10 6.62807 -0.916691
      vertex 20 6.72453 -1.04675
      vertex 10 6.72453 -1.04675
    endloop
  endfacet
  facet normal -1 0 0
    outer loop
      vertex 20 9.64205 -0.161728
      vertex 20 9.64205 0.161728
      vertex 20 9.65 0
    endloop
  endfacet
  facet normal -1 0 0
    outer loop
      vertex 20 9.6183 -0.321898
      vertex 20 9.64205 0.161728
      vertex 20 9.64205 -0.161728
    endloop
  endfacet
  facet normal -1 0 0
    outer loop
      vertex 20 9.6183 -0.321898
      vertex 20 9.6183 0.321898
      vertex 20 9.64205 0.161728
    endloop
  endfacet
  facet normal -1 0 0
    outer loop
      vertex 20 9.57895 -0.47897
      vertex 20 9.6183 0.321898
      vertex 20 9.6183 -0.321898
    endloop
  endfacet
  facet normal -1 0 0
    outer loop
      vertex 20 9.57895 -0.47897
      vertex 20 9.57895 0.47897
      vertex 20 9.6183 0.321898
    endloop
  endfacet
  facet normal -1 0 0
    outer loop
      vertex 20 9.5244 -0.631427
      vertex 20 9.57895 0.47897
      vertex 20 9.57895 -0.47897
    endloop
  endfacet
  facet normal -1 0 0
    outer loop
      vertex 20 9.5244 -0.631427
      vertex 20 9.5244 0.631427
      vertex 20 9.57895 0.47897
    endloop
  endfacet
  facet normal -1 0 0
    outer loop
      vertex 20 9.45517 -0.777804
      vertex 20 9.5244 0.631427
      vertex 20 9.5244 -0.631427
    endloop
  endfacet
  facet normal -1 0 0
    outer loop
      vertex 20 9.45517 -0.777804
      vertex 20 9.45517 0.777804
      vertex 20 9.5244 0.631427
    endloop
  endfacet
  facet normal -1 0 0
    outer loop
      vertex 20 9.37192 -0.916691
      vertex 20 9.45517 0.777804
      vertex 20 9.45517 -0.777804
    endloop
  endfacet
  facet normal -1 0 0
    outer loop
      vertex 20 9.37192 -0.916691
      vertex 20 9.37192 0.916691
      vertex 20 9.45517 0.777804
    endloop
  endfacet
  facet normal -1 0 0
    outer loop
      vertex 20 9.27547 -1.04675
      vertex 20 9.37192 0.916691
      vertex 20 9.37192 -0.916691
    endloop
  endfacet
  facet normal -1 0 0
    outer loop
      vertex 20 9.27547 -1.04675
      vertex 20 9.27547 1.04675
      vertex 20 9.37192 0.916691
    endloop
  endfacet
  facet normal -1 0 0
    outer loop
      vertex 20 9.16673 -1.16673
      vertex 20 9.27547 1.04675
      vertex 20 9.27547 -1.04675
    endloop
  endfacet
  facet normal -1 0 0
    outer loop
      vertex 20 9.16673 -1.16673
      vertex 20 9.16673 1.16673
      vertex 20 9.27547 1.04675
    endloop
  endfacet
  facet normal -1 0 0
    outer loop
      vertex 20 9.04675 -1.27547
      vertex 20 9.16673 1.16673
      vertex 20 9.16673 -1.16673
    endloop
  endfacet
  facet normal -1 0 0
    outer loop
      vertex 20 9.04675 -1.27547
      vertex 20 9.04675 1.27547
      vertex 20 9.16673 1.16673
    endloop
  endfacet
  facet normal -1 0 0
    outer loop
      vertex 20 8.91669 -1.37192
      vertex 20 9.04675 1.27547
      vertex 20 9.04675 -1.27547
    endloop
  endfacet
  facet normal -1 0 0
    outer loop
      vertex 20 8.91669 -1.37192
      vertex 20 8.91669 1.37192
      vertex 20 9.04675 1.27547
    endloop
  endfacet
  facet normal -1 0 0
    outer loop
      vertex 20 8.7778 -1.45517
      vertex 20 8.91669 1.37192
      vertex 20 8.91669 -1.37192
    endloop
  endfacet
  facet normal -1 0 0
    outer loop
      vertex 20 8.7778 -1.45517
      vertex 20 8.7778 1.45517
      vertex 20 8.91669 1.37192
    endloop
  endfacet
  facet normal -1 0 0
    outer loop
      vertex 20 8.63143 -1.5244
      vertex 20 8.7778 1.45517
      vertex 20 8.7778 -1.45517
    endloop
  endfacet
  facet normal -1 0 0
    outer loop
      vertex 20 8.63143 -1.5244
      vertex 20 8.63143 1.5244
      vertex 20 8.7778 1.45517
    endloop
  endfacet
  facet normal -1 0 0
    outer loop
      vertex 20 8.47897 -1.57895
      vertex 20 8.63143 1.5244
      vertex 20 8.63143 -1.5244
    endloop
  endfacet
  facet normal -1 0 0
    outer loop
      vertex 20 8.47897 -1.57895
      vertex 20 8.47897 1.57895
      vertex 20 8.63143 1.5244
    endloop
  endfacet
  facet normal -1 0 0
    outer loop
      vertex 20 8.3219 -1.6183
      vertex 20 8.47897 1.57895
      vertex 20 8.47897 -1.57895
    endloop
  endfacet
  facet normal -1 0 0
    outer loop
      vertex 20 8.3219 -1.6183
      vertex 20 8.3219 1.6183
      vertex 20 8.47897 1.57895
    endloop
  endfacet
  facet normal -1 0 0
    outer loop
      vertex 20 8.16173 -1.64205
      vertex 20 8.3219 1.6183
      vertex 20 8.3219 -1.6183
    endloop
  endfacet
  facet normal -1 0 0
    outer loop
      vertex 20 8.16173 -1.64205
      vertex 20 8.16173 1.64205
      vertex 20 8.3219 1.6183
    endloop
  endfacet
  facet normal -1 0 0
    outer loop
      vertex 20 8 -1.65
      vertex 20 8.16173 1.64205
      vertex 20 8.16173 -1.64205
    endloop
  endfacet
  facet normal -1 0 0
    outer loop
      vertex 20 8 -1.65
      vertex 20 8 1.65
      vertex 20 8.16173 1.64205
    endloop
  endfacet
  facet normal -1 0 0
    outer loop
      vertex 20 7.83827 -1.64205
      vertex 20 8 1.65
      vertex 20 8 -1.65
    endloop
  endfacet
  facet normal -1 0 0
    outer loop
      vertex 20 7.83827 -1.64205
      vertex 20 7.83827 1.64205
      vertex 20 8 1.65
    endloop
  endfacet
  facet normal -1 0 0
    outer loop
      vertex 20 7.6781 -1.6183
      vertex 20 7.83827 1.64205
      vertex 20 7.83827 -1.64205
    endloop
  endfacet
  facet normal -1 0 0
    outer loop
      vertex 20 7.6781 -1.6183
      vertex 20 7.6781 1.6183
      vertex 20 7.83827 1.64205
    endloop
  endfacet
  facet normal -1 0 0
    outer loop
      vertex 20 7.52103 -1.57895
      vertex 20 7.6781 1.6183
      vertex 20 7.6781 -1.6183
    endloop
  endfacet
  facet normal -1 0 0
    outer loop
      vertex 20 7.52103 -1.57895
      vertex 20 7.52103 1.57895
      vertex 20 7.6781 1.6183
    endloop
  endfacet
  facet normal -1 0 0
    outer loop
      vertex 20 7.36857 -1.5244
      vertex 20 7.52103 1.57895
      vertex 20 7.52103 -1.57895
    endloop
  endfacet
  facet normal -1 0 0
    outer loop
      vertex 20 7.36857 -1.5244
      vertex 20 7.36857 1.5244
      vertex 20 7.52103 1.57895
    endloop
  endfacet
  facet normal -1 0 0
    outer loop
      vertex 20 7.22219 -1.45517
      vertex 20 7.36857 1.5244
      vertex 20 7.36857 -1.5244
    endloop
  endfacet
  facet normal -1 0 0
    outer loop
      vertex 20 7.22219 -1.45517
      vertex 20 7.22219 1.45517
      vertex 20 7.36857 1.5244
    endloop
  endfacet
  facet normal -1 0 0
    outer loop
      vertex 20 7.08331 -1.37192
      vertex 20 7.22219 1.45517
      vertex 20 7.22219 -1.45517
    endloop
  endfacet
  facet normal -1 0 0
    outer loop
      vertex 20 7.08331 -1.37192
      vertex 20 7.08331 1.37192
      vertex 20 7.22219 1.45517
    endloop
  endfacet
  facet normal -1 0 0
    outer loop
      vertex 20 6.95325 -1.27547
      vertex 20 7.08331 1.37192
      vertex 20 7.08331 -1.37192
    endloop
  endfacet
  facet normal -1 0 0
    outer loop
      vertex 20 6.95325 -1.27547
      vertex 20 6.95325 1.27547
      vertex 20 7.08331 1.37192
    endloop
  endfacet
  facet normal -1 0 0
    outer loop
      vertex 20 6.83327 -1.16673
      vertex 20 6.95325 1.27547
      vertex 20 6.95325 -1.27547
    endloop
  endfacet
  facet normal -1 0 0
    outer loop
      vertex 20 6.83327 -1.16673
      vertex 20 6.83327 1.16673
      vertex 20 6.95325 1.27547
    endloop
  endfacet
  facet normal -1 0 0
    outer loop
      vertex 20 6.72453 -1.04675
      vertex 20 6.83327 1.16673
      vertex 20 6.83327 -1.16673
    endloop
  endfacet
  facet normal -1 0 0
    outer loop
      vertex 20 6.72453 -1.04675
      vertex 20 6.72453 1.04675
      vertex 20 6.83327 1.16673
    endloop
  endfacet
  facet normal -1 0 0
    outer loop
      vertex 20 6.62807 -0.916691
      vertex 20 6.72453 1.04675
      vertex 20 6.72453 -1.04675
    endloop
  endfacet
  facet normal -1 0 0
    outer loop
      vertex 20 6.62807 -0.916691
      vertex 20 6.62807 0.916691
      vertex 20 6.72453 1.04675
    endloop
  endfacet
  facet normal -1 0 0
    outer loop
      vertex 20 6.55 -0.78643
      vertex 20 6.62807 0.916691
      vertex 20 6.62807 -0.916691
    endloop
  endfacet
  facet normal -1 0 0
    outer loop
      vertex 20 6.62807 0.916691
      vertex 20 6.55 -0.78643
      vertex 20 6.55 0.78643
    endloop
  endfacet
  facet normal 0 0.595663 -0.803234
    outer loop
      vertex -20 6.95325 1.27547
      vertex -10 7.08331 1.37192
      vertex -10 6.95325 1.27547
    endloop
  endfacet
  facet normal 0 0.595663 -0.803234
    outer loop
      vertex -10 7.08331 1.37192
      vertex -20 6.95325 1.27547
      vertex -20 7.08331 1.37192
    endloop
  endfacet
  facet normal 0 0.595663 -0.803234
    outer loop
      vertex 10 6.95325 1.27547
      vertex 20 7.08331 1.37192
      vertex 20 6.95325 1.27547
    endloop
  endfacet
  facet normal 0 0.595663 -0.803234
    outer loop
      vertex 20 7.08331 1.37192
      vertex 10 6.95325 1.27547
      vertex 10 7.08331 1.37192
    endloop
  endfacet
  facet normal 0 -0.0490967 -0.998794
    outer loop
      vertex 10 8 1.65
      vertex 20 8.16173 1.64205
      vertex 20 8 1.65
    endloop
  endfacet
  facet normal -0 -0.0490967 -0.998794
    outer loop
      vertex 20 8.16173 1.64205
      vertex 10 8 1.65
      vertex 10 8.16173 1.64205
    endloop
  endfacet
  facet normal 0 -0.0490967 -0.998794
    outer loop
      vertex -20 8 1.65
      vertex -10 8.16173 1.64205
      vertex -10 8 1.65
    endloop
  endfacet
  facet normal -0 -0.0490967 -0.998794
    outer loop
      vertex -10 8.16173 1.64205
      vertex -20 8 1.65
      vertex -20 8.16173 1.64205
    endloop
  endfacet
  facet normal -0 0.671547 0.740962
    outer loop
      vertex -20 6.95325 -1.27547
      vertex -10 6.83327 -1.16673
      vertex -10 6.95325 -1.27547
    endloop
  endfacet
  facet normal 0 0.671547 0.740962
    outer loop
      vertex -10 6.83327 -1.16673
      vertex -20 6.95325 -1.27547
      vertex -20 6.83327 -1.16673
    endloop
  endfacet
  facet normal -0 0.671547 0.740962
    outer loop
      vertex 10 6.95325 -1.27547
      vertex 20 6.83327 -1.16673
      vertex 20 6.95325 -1.27547
    endloop
  endfacet
  facet normal 0 0.671547 0.740962
    outer loop
      vertex 20 6.83327 -1.16673
      vertex 10 6.95325 -1.27547
      vertex 10 6.83327 -1.16673
    endloop
  endfacet
  facet normal 1 -0 0
    outer loop
      vertex 41.5 -12.35 12.35
      vertex 41.5 12.35 -12.35
      vertex 41.5 12.35 12.35
    endloop
  endfacet
  facet normal 1 0 0
    outer loop
      vertex 41.5 12.35 -12.35
      vertex 41.5 -12.35 12.35
      vertex 41.5 -12.35 -12.35
    endloop
  endfacet
  facet normal 0 0 1
    outer loop
      vertex 41.5 12.35 12.35
      vertex 24.65 0 12.35
      vertex 41.5 -12.35 12.35
    endloop
  endfacet
  facet normal 0 0 1
    outer loop
      vertex 41.5 12.35 12.35
      vertex 24.6396 0.210736 12.35
      vertex 24.65 0 12.35
    endloop
  endfacet
  facet normal 0 0 1
    outer loop
      vertex 41.5 12.35 12.35
      vertex 24.6087 0.419444 12.35
      vertex 24.6396 0.210736 12.35
    endloop
  endfacet
  facet normal 0 0 1
    outer loop
      vertex 41.5 12.35 12.35
      vertex 24.5574 0.624111 12.35
      vertex 24.6087 0.419444 12.35
    endloop
  endfacet
  facet normal 0 0 1
    outer loop
      vertex 41.5 12.35 12.35
      vertex 24.4863 0.822769 12.35
      vertex 24.5574 0.624111 12.35
    endloop
  endfacet
  facet normal 0 0 1
    outer loop
      vertex 41.5 12.35 12.35
      vertex 24.3961 1.0135 12.35
      vertex 24.4863 0.822769 12.35
    endloop
  endfacet
  facet normal 0 0 1
    outer loop
      vertex 41.5 12.35 12.35
      vertex 24.2877 1.19448 12.35
      vertex 24.3961 1.0135 12.35
    endloop
  endfacet
  facet normal 0 0 1
    outer loop
      vertex 41.5 12.35 12.35
      vertex 24.162 1.36395 12.35
      vertex 24.2877 1.19448 12.35
    endloop
  endfacet
  facet normal 0 0 1
    outer loop
      vertex 41.5 12.35 12.35
      vertex 24.0203 1.52028 12.35
      vertex 24.162 1.36395 12.35
    endloop
  endfacet
  facet normal 0 0 1
    outer loop
      vertex 41.5 12.35 12.35
      vertex 23.8639 1.66197 12.35
      vertex 24.0203 1.52028 12.35
    endloop
  endfacet
  facet normal 0 0 1
    outer loop
      vertex 41.5 12.35 12.35
      vertex 23.6945 1.78766 12.35
      vertex 23.8639 1.66197 12.35
    endloop
  endfacet
  facet normal 0 0 1
    outer loop
      vertex 41.5 12.35 12.35
      vertex 23.5135 1.89613 12.35
      vertex 23.6945 1.78766 12.35
    endloop
  endfacet
  facet normal 0 0 1
    outer loop
      vertex 41.5 12.35 12.35
      vertex 23.3228 1.98634 12.35
      vertex 23.5135 1.89613 12.35
    endloop
  endfacet
  facet normal 0 0 1
    outer loop
      vertex 41.5 12.35 12.35
      vertex 23.1241 2.05742 12.35
      vertex 23.3228 1.98634 12.35
    endloop
  endfacet
  facet normal 0 0 1
    outer loop
      vertex 41.5 12.35 12.35
      vertex 22.9194 2.10869 12.35
      vertex 23.1241 2.05742 12.35
    endloop
  endfacet
  facet normal 0 0 1
    outer loop
      vertex 41.5 12.35 12.35
      vertex 22.7107 2.13965 12.35
      vertex 22.9194 2.10869 12.35
    endloop
  endfacet
  facet normal 0 0 1
    outer loop
      vertex 41.5 12.35 12.35
      vertex 22.5 2.15 12.35
      vertex 22.7107 2.13965 12.35
    endloop
  endfacet
  facet normal 0 0 1
    outer loop
      vertex 41.5 12.35 12.35
      vertex 22.2893 2.13965 12.35
      vertex 22.5 2.15 12.35
    endloop
  endfacet
  facet normal 0 0 1
    outer loop
      vertex 41.5 12.35 12.35
      vertex 22.0806 2.10869 12.35
      vertex 22.2893 2.13965 12.35
    endloop
  endfacet
  facet normal 0 0 1
    outer loop
      vertex 41.5 12.35 12.35
      vertex 21.8759 2.05742 12.35
      vertex 22.0806 2.10869 12.35
    endloop
  endfacet
  facet normal 0 0 1
    outer loop
      vertex -21.8759 2.05742 12.35
      vertex 21.8759 2.05742 12.35
      vertex 41.5 12.35 12.35
    endloop
  endfacet
  facet normal 0 0 1
    outer loop
      vertex 21.8759 2.05742 12.35
      vertex -21.8759 2.05742 12.35
      vertex 21.6772 1.98634 12.35
    endloop
  endfacet
  facet normal 0 0 1
    outer loop
      vertex 20.3604 0.210736 12.35
      vertex -20.35 0 12.35
      vertex 20.35 0 12.35
    endloop
  endfacet
  facet normal 0 0 1
    outer loop
      vertex -20.3604 0.210736 12.35
      vertex 20.3604 0.210736 12.35
      vertex 20.3913 0.419444 12.35
    endloop
  endfacet
  facet normal 0 0 1
    outer loop
      vertex -20.3913 0.419444 12.35
      vertex 20.3913 0.419444 12.35
      vertex 20.4426 0.624111 12.35
    endloop
  endfacet
  facet normal 0 0 1
    outer loop
      vertex -20.4426 0.624111 12.35
      vertex 20.4426 0.624111 12.35
      vertex 20.5137 0.822769 12.35
    endloop
  endfacet
  facet normal 0 0 1
    outer loop
      vertex -20.5137 0.822769 12.35
      vertex 20.5137 0.822769 12.35
      vertex 20.6039 1.0135 12.35
    endloop
  endfacet
  facet normal 0 0 1
    outer loop
      vertex -20.6039 1.0135 12.35
      vertex 20.6039 1.0135 12.35
      vertex 20.7123 1.19448 12.35
    endloop
  endfacet
  facet normal 0 0 1
    outer loop
      vertex -20.7123 1.19448 12.35
      vertex 20.7123 1.19448 12.35
      vertex 20.838 1.36395 12.35
    endloop
  endfacet
  facet normal 0 0 1
    outer loop
      vertex -20.838 1.36395 12.35
      vertex 20.838 1.36395 12.35
      vertex 20.9797 1.52028 12.35
    endloop
  endfacet
  facet normal 0 0 1
    outer loop
      vertex -20.9797 1.52028 12.35
      vertex 20.9797 1.52028 12.35
      vertex 21.1361 1.66197 12.35
    endloop
  endfacet
  facet normal 0 0 1
    outer loop
      vertex -21.1361 1.66197 12.35
      vertex 21.1361 1.66197 12.35
      vertex 21.3055 1.78766 12.35
    endloop
  endfacet
  facet normal 0 0 1
    outer loop
      vertex -21.3055 1.78766 12.35
      vertex 21.3055 1.78766 12.35
      vertex 21.4865 1.89613 12.35
    endloop
  endfacet
  facet normal 0 -0 1
    outer loop
      vertex -21.6772 1.98634 12.35
      vertex 21.6772 1.98634 12.35
      vertex -21.8759 2.05742 12.35
    endloop
  endfacet
  facet normal 0 0 1
    outer loop
      vertex 20.3604 0.210736 12.35
      vertex -20.3604 0.210736 12.35
      vertex -20.35 0 12.35
    endloop
  endfacet
  facet normal 0 0 1
    outer loop
      vertex 20.3913 0.419444 12.35
      vertex -20.3913 0.419444 12.35
      vertex -20.3604 0.210736 12.35
    endloop
  endfacet
  facet normal 0 0 1
    outer loop
      vertex 20.4426 0.624111 12.35
      vertex -20.4426 0.624111 12.35
      vertex -20.3913 0.419444 12.35
    endloop
  endfacet
  facet normal 0 0 1
    outer loop
      vertex 20.5137 0.822769 12.35
      vertex -20.5137 0.822769 12.35
      vertex -20.4426 0.624111 12.35
    endloop
  endfacet
  facet normal 0 0 1
    outer loop
      vertex 20.6039 1.0135 12.35
      vertex -20.6039 1.0135 12.35
      vertex -20.5137 0.822769 12.35
    endloop
  endfacet
  facet normal 0 0 1
    outer loop
      vertex 20.7123 1.19448 12.35
      vertex -20.7123 1.19448 12.35
      vertex -20.6039 1.0135 12.35
    endloop
  endfacet
  facet normal 0 0 1
    outer loop
      vertex 20.838 1.36395 12.35
      vertex -20.838 1.36395 12.35
      vertex -20.7123 1.19448 12.35
    endloop
  endfacet
  facet normal 0 0 1
    outer loop
      vertex 20.9797 1.52028 12.35
      vertex -20.9797 1.52028 12.35
      vertex -20.838 1.36395 12.35
    endloop
  endfacet
  facet normal 0 0 1
    outer loop
      vertex 21.1361 1.66197 12.35
      vertex -21.1361 1.66197 12.35
      vertex -20.9797 1.52028 12.35
    endloop
  endfacet
  facet normal 0 0 1
    outer loop
      vertex 21.3055 1.78766 12.35
      vertex -21.3055 1.78766 12.35
      vertex -21.1361 1.66197 12.35
    endloop
  endfacet
  facet normal 0 0 1
    outer loop
      vertex 21.4865 1.89613 12.35
      vertex -21.4865 1.89613 12.35
      vertex -21.3055 1.78766 12.35
    endloop
  endfacet
  facet normal 0 0 1
    outer loop
      vertex 21.4865 1.89613 12.35
      vertex -21.6772 1.98634 12.35
      vertex -21.4865 1.89613 12.35
    endloop
  endfacet
  facet normal 0 0 1
    outer loop
      vertex 21.6772 1.98634 12.35
      vertex -21.6772 1.98634 12.35
      vertex 21.4865 1.89613 12.35
    endloop
  endfacet
  facet normal -0 0 1
    outer loop
      vertex -41.5 12.35 12.35
      vertex -21.8759 2.05742 12.35
      vertex 41.5 12.35 12.35
    endloop
  endfacet
  facet normal 0 0 1
    outer loop
      vertex -21.8759 2.05742 12.35
      vertex -41.5 12.35 12.35
      vertex -22.0806 2.10869 12.35
    endloop
  endfacet
  facet normal 0 0 1
    outer loop
      vertex -22.0806 2.10869 12.35
      vertex -41.5 12.35 12.35
      vertex -22.2893 2.13965 12.35
    endloop
  endfacet
  facet normal 0 0 1
    outer loop
      vertex -22.2893 2.13965 12.35
      vertex -41.5 12.35 12.35
      vertex -22.5 2.15 12.35
    endloop
  endfacet
  facet normal 0 0 1
    outer loop
      vertex -22.5 2.15 12.35
      vertex -41.5 12.35 12.35
      vertex -22.7107 2.13965 12.35
    endloop
  endfacet
  facet normal 0 0 1
    outer loop
      vertex -24.6396 0.210736 12.35
      vertex -41.5 12.35 12.35
      vertex -24.65 0 12.35
    endloop
  endfacet
  facet normal 0 0 1
    outer loop
      vertex -24.6087 0.419444 12.35
      vertex -41.5 12.35 12.35
      vertex -24.6396 0.210736 12.35
    endloop
  endfacet
  facet normal 0 0 1
    outer loop
      vertex -24.5574 0.624111 12.35
      vertex -41.5 12.35 12.35
      vertex -24.6087 0.419444 12.35
    endloop
  endfacet
  facet normal 0 0 1
    outer loop
      vertex -24.4863 0.822769 12.35
      vertex -41.5 12.35 12.35
      vertex -24.5574 0.624111 12.35
    endloop
  endfacet
  facet normal 0 0 1
    outer loop
      vertex -24.3961 1.0135 12.35
      vertex -41.5 12.35 12.35
      vertex -24.4863 0.822769 12.35
    endloop
  endfacet
  facet normal 0 0 1
    outer loop
      vertex -24.2877 1.19448 12.35
      vertex -41.5 12.35 12.35
      vertex -24.3961 1.0135 12.35
    endloop
  endfacet
  facet normal 0 0 1
    outer loop
      vertex -24.162 1.36395 12.35
      vertex -41.5 12.35 12.35
      vertex -24.2877 1.19448 12.35
    endloop
  endfacet
  facet normal 0 0 1
    outer loop
      vertex -24.0203 1.52028 12.35
      vertex -41.5 12.35 12.35
      vertex -24.162 1.36395 12.35
    endloop
  endfacet
  facet normal 0 0 1
    outer loop
      vertex -23.8639 1.66197 12.35
      vertex -41.5 12.35 12.35
      vertex -24.0203 1.52028 12.35
    endloop
  endfacet
  facet normal 0 0 1
    outer loop
      vertex -23.6945 1.78766 12.35
      vertex -41.5 12.35 12.35
      vertex -23.8639 1.66197 12.35
    endloop
  endfacet
  facet normal 0 0 1
    outer loop
      vertex -23.5135 1.89613 12.35
      vertex -41.5 12.35 12.35
      vertex -23.6945 1.78766 12.35
    endloop
  endfacet
  facet normal 0 0 1
    outer loop
      vertex -23.3228 1.98634 12.35
      vertex -41.5 12.35 12.35
      vertex -23.5135 1.89613 12.35
    endloop
  endfacet
  facet normal 0 0 1
    outer loop
      vertex -23.1241 2.05742 12.35
      vertex -41.5 12.35 12.35
      vertex -23.3228 1.98634 12.35
    endloop
  endfacet
  facet normal 0 0 1
    outer loop
      vertex -22.9194 2.10869 12.35
      vertex -41.5 12.35 12.35
      vertex -23.1241 2.05742 12.35
    endloop
  endfacet
  facet normal 0 0 1
    outer loop
      vertex -22.7107 2.13965 12.35
      vertex -41.5 12.35 12.35
      vertex -22.9194 2.10869 12.35
    endloop
  endfacet
  facet normal -0 0 1
    outer loop
      vertex 24.6396 -0.210736 12.35
      vertex 41.5 -12.35 12.35
      vertex 24.65 0 12.35
    endloop
  endfacet
  facet normal -0 0 1
    outer loop
      vertex 24.6087 -0.419444 12.35
      vertex 41.5 -12.35 12.35
      vertex 24.6396 -0.210736 12.35
    endloop
  endfacet
  facet normal -0 0 1
    outer loop
      vertex 24.5574 -0.624111 12.35
      vertex 41.5 -12.35 12.35
      vertex 24.6087 -0.419444 12.35
    endloop
  endfacet
  facet normal -0 0 1
    outer loop
      vertex 24.4863 -0.822769 12.35
      vertex 41.5 -12.35 12.35
      vertex 24.5574 -0.624111 12.35
    endloop
  endfacet
  facet normal -0 0 1
    outer loop
      vertex 24.3961 -1.0135 12.35
      vertex 41.5 -12.35 12.35
      vertex 24.4863 -0.822769 12.35
    endloop
  endfacet
  facet normal -0 0 1
    outer loop
      vertex 24.2877 -1.19448 12.35
      vertex 41.5 -12.35 12.35
      vertex 24.3961 -1.0135 12.35
    endloop
  endfacet
  facet normal -0 0 1
    outer loop
      vertex 24.162 -1.36395 12.35
      vertex 41.5 -12.35 12.35
      vertex 24.2877 -1.19448 12.35
    endloop
  endfacet
  facet normal -0 0 1
    outer loop
      vertex 24.0203 -1.52028 12.35
      vertex 41.5 -12.35 12.35
      vertex 24.162 -1.36395 12.35
    endloop
  endfacet
  facet normal -0 0 1
    outer loop
      vertex 23.8639 -1.66197 12.35
      vertex 41.5 -12.35 12.35
      vertex 24.0203 -1.52028 12.35
    endloop
  endfacet
  facet normal -0 0 1
    outer loop
      vertex 23.6945 -1.78766 12.35
      vertex 41.5 -12.35 12.35
      vertex 23.8639 -1.66197 12.35
    endloop
  endfacet
  facet normal -0 0 1
    outer loop
      vertex 23.5135 -1.89613 12.35
      vertex 41.5 -12.35 12.35
      vertex 23.6945 -1.78766 12.35
    endloop
  endfacet
  facet normal -0 0 1
    outer loop
      vertex 23.3228 -1.98634 12.35
      vertex 41.5 -12.35 12.35
      vertex 23.5135 -1.89613 12.35
    endloop
  endfacet
  facet normal -0 0 1
    outer loop
      vertex 23.1241 -2.05742 12.35
      vertex 41.5 -12.35 12.35
      vertex 23.3228 -1.98634 12.35
    endloop
  endfacet
  facet normal -0 0 1
    outer loop
      vertex 22.9194 -2.10869 12.35
      vertex 41.5 -12.35 12.35
      vertex 23.1241 -2.05742 12.35
    endloop
  endfacet
  facet normal -0 0 1
    outer loop
      vertex 22.7107 -2.13965 12.35
      vertex 41.5 -12.35 12.35
      vertex 22.9194 -2.10869 12.35
    endloop
  endfacet
  facet normal -0 0 1
    outer loop
      vertex 22.5 -2.15 12.35
      vertex 41.5 -12.35 12.35
      vertex 22.7107 -2.13965 12.35
    endloop
  endfacet
  facet normal 0 0 1
    outer loop
      vertex 22.2893 -2.13965 12.35
      vertex 41.5 -12.35 12.35
      vertex 22.5 -2.15 12.35
    endloop
  endfacet
  facet normal 0 0 1
    outer loop
      vertex 22.0806 -2.10869 12.35
      vertex 41.5 -12.35 12.35
      vertex 22.2893 -2.13965 12.35
    endloop
  endfacet
  facet normal 0 0 1
    outer loop
      vertex 21.8759 -2.05742 12.35
      vertex 41.5 -12.35 12.35
      vertex 22.0806 -2.10869 12.35
    endloop
  endfacet
  facet normal 0 0 1
    outer loop
      vertex -21.8759 -2.05742 12.35
      vertex 21.8759 -2.05742 12.35
      vertex 21.6772 -1.98634 12.35
    endloop
  endfacet
  facet normal 0 0 1
    outer loop
      vertex -21.6772 -1.98634 12.35
      vertex 21.6772 -1.98634 12.35
      vertex 21.4865 -1.89613 12.35
    endloop
  endfacet
  facet normal -0 0 1
    outer loop
      vertex -20.35 0 12.35
      vertex 20.3604 -0.210736 12.35
      vertex 20.35 0 12.35
    endloop
  endfacet
  facet normal 0 0 1
    outer loop
      vertex -20.3604 -0.210736 12.35
      vertex 20.3604 -0.210736 12.35
      vertex -20.35 0 12.35
    endloop
  endfacet
  facet normal 0 0 1
    outer loop
      vertex 20.3604 -0.210736 12.35
      vertex -20.3604 -0.210736 12.35
      vertex 20.3913 -0.419444 12.35
    endloop
  endfacet
  facet normal 0 0 1
    outer loop
      vertex -20.3913 -0.419444 12.35
      vertex 20.3913 -0.419444 12.35
      vertex -20.3604 -0.210736 12.35
    endloop
  endfacet
  facet normal 0 0 1
    outer loop
      vertex 20.3913 -0.419444 12.35
      vertex -20.3913 -0.419444 12.35
      vertex 20.4426 -0.624111 12.35
    endloop
  endfacet
  facet normal 0 0 1
    outer loop
      vertex -20.4426 -0.624111 12.35
      vertex 20.4426 -0.624111 12.35
      vertex -20.3913 -0.419444 12.35
    endloop
  endfacet
  facet normal 0 0 1
    outer loop
      vertex 20.4426 -0.624111 12.35
      vertex -20.4426 -0.624111 12.35
      vertex 20.5137 -0.822769 12.35
    endloop
  endfacet
  facet normal 0 0 1
    outer loop
      vertex -20.5137 -0.822769 12.35
      vertex 20.5137 -0.822769 12.35
      vertex -20.4426 -0.624111 12.35
    endloop
  endfacet
  facet normal 0 0 1
    outer loop
      vertex 20.5137 -0.822769 12.35
      vertex -20.5137 -0.822769 12.35
      vertex 20.6039 -1.0135 12.35
    endloop
  endfacet
  facet normal 0 0 1
    outer loop
      vertex -20.6039 -1.0135 12.35
      vertex 20.6039 -1.0135 12.35
      vertex -20.5137 -0.822769 12.35
    endloop
  endfacet
  facet normal 0 0 1
    outer loop
      vertex 20.6039 -1.0135 12.35
      vertex -20.6039 -1.0135 12.35
      vertex 20.7123 -1.19448 12.35
    endloop
  endfacet
  facet normal 0 0 1
    outer loop
      vertex -20.7123 -1.19448 12.35
      vertex 20.7123 -1.19448 12.35
      vertex -20.6039 -1.0135 12.35
    endloop
  endfacet
  facet normal 0 0 1
    outer loop
      vertex 20.7123 -1.19448 12.35
      vertex -20.7123 -1.19448 12.35
      vertex 20.838 -1.36395 12.35
    endloop
  endfacet
  facet normal 0 0 1
    outer loop
      vertex -20.838 -1.36395 12.35
      vertex 20.838 -1.36395 12.35
      vertex -20.7123 -1.19448 12.35
    endloop
  endfacet
  facet normal 0 0 1
    outer loop
      vertex 20.838 -1.36395 12.35
      vertex -20.838 -1.36395 12.35
      vertex 20.9797 -1.52028 12.35
    endloop
  endfacet
  facet normal 0 0 1
    outer loop
      vertex -20.9797 -1.52028 12.35
      vertex 20.9797 -1.52028 12.35
      vertex -20.838 -1.36395 12.35
    endloop
  endfacet
  facet normal 0 0 1
    outer loop
      vertex 20.9797 -1.52028 12.35
      vertex -20.9797 -1.52028 12.35
      vertex 21.1361 -1.66197 12.35
    endloop
  endfacet
  facet normal 0 0 1
    outer loop
      vertex -21.1361 -1.66197 12.35
      vertex 21.1361 -1.66197 12.35
      vertex -20.9797 -1.52028 12.35
    endloop
  endfacet
  facet normal 0 0 1
    outer loop
      vertex 21.1361 -1.66197 12.35
      vertex -21.1361 -1.66197 12.35
      vertex 21.3055 -1.78766 12.35
    endloop
  endfacet
  facet normal 0 0 1
    outer loop
      vertex -21.3055 -1.78766 12.35
      vertex 21.3055 -1.78766 12.35
      vertex -21.1361 -1.66197 12.35
    endloop
  endfacet
  facet normal 0 0 1
    outer loop
      vertex 21.3055 -1.78766 12.35
      vertex -21.3055 -1.78766 12.35
      vertex 21.4865 -1.89613 12.35
    endloop
  endfacet
  facet normal 0 0 1
    outer loop
      vertex -21.4865 -1.89613 12.35
      vertex 21.4865 -1.89613 12.35
      vertex -21.3055 -1.78766 12.35
    endloop
  endfacet
  facet normal 0 0 1
    outer loop
      vertex -21.6772 -1.98634 12.35
      vertex 21.4865 -1.89613 12.35
      vertex -21.4865 -1.89613 12.35
    endloop
  endfacet
  facet normal 0 0 1
    outer loop
      vertex 21.6772 -1.98634 12.35
      vertex -21.6772 -1.98634 12.35
      vertex -21.8759 -2.05742 12.35
    endloop
  endfacet
  facet normal 0 0 1
    outer loop
      vertex 21.8759 -2.05742 12.35
      vertex -21.8759 -2.05742 12.35
      vertex 41.5 -12.35 12.35
    endloop
  endfacet
  facet normal 0 0 1
    outer loop
      vertex -41.5 -12.35 12.35
      vertex -21.8759 -2.05742 12.35
      vertex -22.0806 -2.10869 12.35
    endloop
  endfacet
  facet normal 0 0 1
    outer loop
      vertex -41.5 -12.35 12.35
      vertex -22.0806 -2.10869 12.35
      vertex -22.2893 -2.13965 12.35
    endloop
  endfacet
  facet normal 0 0 1
    outer loop
      vertex -41.5 -12.35 12.35
      vertex -22.2893 -2.13965 12.35
      vertex -22.5 -2.15 12.35
    endloop
  endfacet
  facet normal 0 0 1
    outer loop
      vertex -41.5 -12.35 12.35
      vertex -22.5 -2.15 12.35
      vertex -22.7107 -2.13965 12.35
    endloop
  endfacet
  facet normal 0 0 1
    outer loop
      vertex -41.5 -12.35 12.35
      vertex -22.7107 -2.13965 12.35
      vertex -22.9194 -2.10869 12.35
    endloop
  endfacet
  facet normal 0 0 1
    outer loop
      vertex -41.5 -12.35 12.35
      vertex -24.65 0 12.35
      vertex -41.5 12.35 12.35
    endloop
  endfacet
  facet normal 0 0 1
    outer loop
      vertex -24.65 0 12.35
      vertex -41.5 -12.35 12.35
      vertex -24.6396 -0.210736 12.35
    endloop
  endfacet
  facet normal 0 0 1
    outer loop
      vertex -24.6396 -0.210736 12.35
      vertex -41.5 -12.35 12.35
      vertex -24.6087 -0.419444 12.35
    endloop
  endfacet
  facet normal 0 0 1
    outer loop
      vertex -24.6087 -0.419444 12.35
      vertex -41.5 -12.35 12.35
      vertex -24.5574 -0.624111 12.35
    endloop
  endfacet
  facet normal 0 0 1
    outer loop
      vertex -24.5574 -0.624111 12.35
      vertex -41.5 -12.35 12.35
      vertex -24.4863 -0.822769 12.35
    endloop
  endfacet
  facet normal 0 0 1
    outer loop
      vertex -24.4863 -0.822769 12.35
      vertex -41.5 -12.35 12.35
      vertex -24.3961 -1.0135 12.35
    endloop
  endfacet
  facet normal 0 0 1
    outer loop
      vertex -24.3961 -1.0135 12.35
      vertex -41.5 -12.35 12.35
      vertex -24.2877 -1.19448 12.35
    endloop
  endfacet
  facet normal 0 0 1
    outer loop
      vertex -24.2877 -1.19448 12.35
      vertex -41.5 -12.35 12.35
      vertex -24.162 -1.36395 12.35
    endloop
  endfacet
  facet normal 0 0 1
    outer loop
      vertex -24.162 -1.36395 12.35
      vertex -41.5 -12.35 12.35
      vertex -24.0203 -1.52028 12.35
    endloop
  endfacet
  facet normal 0 0 1
    outer loop
      vertex -21.8759 -2.05742 12.35
      vertex -41.5 -12.35 12.35
      vertex 41.5 -12.35 12.35
    endloop
  endfacet
  facet normal 0 0 1
    outer loop
      vertex -23.1241 -2.05742 12.35
      vertex -41.5 -12.35 12.35
      vertex -22.9194 -2.10869 12.35
    endloop
  endfacet
  facet normal 0 0 1
    outer loop
      vertex -23.3228 -1.98634 12.35
      vertex -41.5 -12.35 12.35
      vertex -23.1241 -2.05742 12.35
    endloop
  endfacet
  facet normal 0 0 1
    outer loop
      vertex -23.5135 -1.89613 12.35
      vertex -41.5 -12.35 12.35
      vertex -23.3228 -1.98634 12.35
    endloop
  endfacet
  facet normal 0 0 1
    outer loop
      vertex -23.6945 -1.78766 12.35
      vertex -41.5 -12.35 12.35
      vertex -23.5135 -1.89613 12.35
    endloop
  endfacet
  facet normal 0 0 1
    outer loop
      vertex -23.8639 -1.66197 12.35
      vertex -41.5 -12.35 12.35
      vertex -23.6945 -1.78766 12.35
    endloop
  endfacet
  facet normal 0 0 1
    outer loop
      vertex -24.0203 -1.52028 12.35
      vertex -41.5 -12.35 12.35
      vertex -23.8639 -1.66197 12.35
    endloop
  endfacet
  facet normal 0 0 -1
    outer loop
      vertex 41.5 -12.35 -12.35
      vertex 24.65 0 -12.35
      vertex 41.5 12.35 -12.35
    endloop
  endfacet
  facet normal 0 0 -1
    outer loop
      vertex 41.5 -12.35 -12.35
      vertex 24.6396 -0.210736 -12.35
      vertex 24.65 0 -12.35
    endloop
  endfacet
  facet normal 0 0 -1
    outer loop
      vertex 41.5 -12.35 -12.35
      vertex 24.6087 -0.419444 -12.35
      vertex 24.6396 -0.210736 -12.35
    endloop
  endfacet
  facet normal 0 0 -1
    outer loop
      vertex 41.5 -12.35 -12.35
      vertex 24.5574 -0.624111 -12.35
      vertex 24.6087 -0.419444 -12.35
    endloop
  endfacet
  facet normal 0 0 -1
    outer loop
      vertex 41.5 -12.35 -12.35
      vertex 24.4863 -0.822769 -12.35
      vertex 24.5574 -0.624111 -12.35
    endloop
  endfacet
  facet normal 0 0 -1
    outer loop
      vertex 41.5 -12.35 -12.35
      vertex 24.3961 -1.0135 -12.35
      vertex 24.4863 -0.822769 -12.35
    endloop
  endfacet
  facet normal 0 0 -1
    outer loop
      vertex 41.5 -12.35 -12.35
      vertex 24.2877 -1.19448 -12.35
      vertex 24.3961 -1.0135 -12.35
    endloop
  endfacet
  facet normal 0 0 -1
    outer loop
      vertex 41.5 -12.35 -12.35
      vertex 24.162 -1.36395 -12.35
      vertex 24.2877 -1.19448 -12.35
    endloop
  endfacet
  facet normal 0 0 -1
    outer loop
      vertex 41.5 -12.35 -12.35
      vertex 24.0203 -1.52028 -12.35
      vertex 24.162 -1.36395 -12.35
    endloop
  endfacet
  facet normal 0 0 -1
    outer loop
      vertex 41.5 -12.35 -12.35
      vertex 23.8639 -1.66197 -12.35
      vertex 24.0203 -1.52028 -12.35
    endloop
  endfacet
  facet normal 0 0 -1
    outer loop
      vertex 41.5 -12.35 -12.35
      vertex 23.6945 -1.78766 -12.35
      vertex 23.8639 -1.66197 -12.35
    endloop
  endfacet
  facet normal 0 0 -1
    outer loop
      vertex 41.5 -12.35 -12.35
      vertex 23.5135 -1.89613 -12.35
      vertex 23.6945 -1.78766 -12.35
    endloop
  endfacet
  facet normal 0 0 -1
    outer loop
      vertex 41.5 -12.35 -12.35
      vertex 23.3228 -1.98634 -12.35
      vertex 23.5135 -1.89613 -12.35
    endloop
  endfacet
  facet normal 0 0 -1
    outer loop
      vertex 41.5 -12.35 -12.35
      vertex 23.1241 -2.05742 -12.35
      vertex 23.3228 -1.98634 -12.35
    endloop
  endfacet
  facet normal 0 0 -1
    outer loop
      vertex 41.5 -12.35 -12.35
      vertex 22.9194 -2.10869 -12.35
      vertex 23.1241 -2.05742 -12.35
    endloop
  endfacet
  facet normal 0 0 -1
    outer loop
      vertex 41.5 -12.35 -12.35
      vertex 22.7107 -2.13965 -12.35
      vertex 22.9194 -2.10869 -12.35
    endloop
  endfacet
  facet normal 0 0 -1
    outer loop
      vertex 41.5 -12.35 -12.35
      vertex 22.5 -2.15 -12.35
      vertex 22.7107 -2.13965 -12.35
    endloop
  endfacet
  facet normal 0 0 -1
    outer loop
      vertex 41.5 -12.35 -12.35
      vertex 22.2893 -2.13965 -12.35
      vertex 22.5 -2.15 -12.35
    endloop
  endfacet
  facet normal 0 0 -1
    outer loop
      vertex 41.5 -12.35 -12.35
      vertex 22.0806 -2.10869 -12.35
      vertex 22.2893 -2.13965 -12.35
    endloop
  endfacet
  facet normal 0 0 -1
    outer loop
      vertex 41.5 -12.35 -12.35
      vertex 21.8759 -2.05742 -12.35
      vertex 22.0806 -2.10869 -12.35
    endloop
  endfacet
  facet normal 0 0 -1
    outer loop
      vertex -21.8759 -2.05742 -12.35
      vertex 21.8759 -2.05742 -12.35
      vertex 41.5 -12.35 -12.35
    endloop
  endfacet
  facet normal 0 0 -1
    outer loop
      vertex 21.8759 -2.05742 -12.35
      vertex -21.8759 -2.05742 -12.35
      vertex 21.6772 -1.98634 -12.35
    endloop
  endfacet
  facet normal 0 0 -1
    outer loop
      vertex 20.3604 -0.210736 -12.35
      vertex -20.35 0 -12.35
      vertex 20.35 0 -12.35
    endloop
  endfacet
  facet normal 0 0 -1
    outer loop
      vertex -20.3604 -0.210736 -12.35
      vertex 20.3604 -0.210736 -12.35
      vertex 20.3913 -0.419444 -12.35
    endloop
  endfacet
  facet normal 0 0 -1
    outer loop
      vertex -20.3913 -0.419444 -12.35
      vertex 20.3913 -0.419444 -12.35
      vertex 20.4426 -0.624111 -12.35
    endloop
  endfacet
  facet normal 0 0 -1
    outer loop
      vertex -20.4426 -0.624111 -12.35
      vertex 20.4426 -0.624111 -12.35
      vertex 20.5137 -0.822769 -12.35
    endloop
  endfacet
  facet normal 0 0 -1
    outer loop
      vertex -20.5137 -0.822769 -12.35
      vertex 20.5137 -0.822769 -12.35
      vertex 20.6039 -1.0135 -12.35
    endloop
  endfacet
  facet normal 0 0 -1
    outer loop
      vertex -20.6039 -1.0135 -12.35
      vertex 20.6039 -1.0135 -12.35
      vertex 20.7123 -1.19448 -12.35
    endloop
  endfacet
  facet normal 0 0 -1
    outer loop
      vertex -20.7123 -1.19448 -12.35
      vertex 20.7123 -1.19448 -12.35
      vertex 20.838 -1.36395 -12.35
    endloop
  endfacet
  facet normal 0 0 -1
    outer loop
      vertex -20.838 -1.36395 -12.35
      vertex 20.838 -1.36395 -12.35
      vertex 20.9797 -1.52028 -12.35
    endloop
  endfacet
  facet normal 0 0 -1
    outer loop
      vertex -20.9797 -1.52028 -12.35
      vertex 20.9797 -1.52028 -12.35
      vertex 21.1361 -1.66197 -12.35
    endloop
  endfacet
  facet normal 0 0 -1
    outer loop
      vertex -21.1361 -1.66197 -12.35
      vertex 21.1361 -1.66197 -12.35
      vertex 21.3055 -1.78766 -12.35
    endloop
  endfacet
  facet normal 0 0 -1
    outer loop
      vertex -21.3055 -1.78766 -12.35
      vertex 21.3055 -1.78766 -12.35
      vertex 21.4865 -1.89613 -12.35
    endloop
  endfacet
  facet normal 0 -0 -1
    outer loop
      vertex -21.6772 -1.98634 -12.35
      vertex 21.6772 -1.98634 -12.35
      vertex -21.8759 -2.05742 -12.35
    endloop
  endfacet
  facet normal 0 0 -1
    outer loop
      vertex 20.3604 -0.210736 -12.35
      vertex -20.3604 -0.210736 -12.35
      vertex -20.35 0 -12.35
    endloop
  endfacet
  facet normal 0 0 -1
    outer loop
      vertex 20.3913 -0.419444 -12.35
      vertex -20.3913 -0.419444 -12.35
      vertex -20.3604 -0.210736 -12.35
    endloop
  endfacet
  facet normal 0 0 -1
    outer loop
      vertex 20.4426 -0.624111 -12.35
      vertex -20.4426 -0.624111 -12.35
      vertex -20.3913 -0.419444 -12.35
    endloop
  endfacet
  facet normal 0 0 -1
    outer loop
      vertex 20.5137 -0.822769 -12.35
      vertex -20.5137 -0.822769 -12.35
      vertex -20.4426 -0.624111 -12.35
    endloop
  endfacet
  facet normal 0 0 -1
    outer loop
      vertex 20.6039 -1.0135 -12.35
      vertex -20.6039 -1.0135 -12.35
      vertex -20.5137 -0.822769 -12.35
    endloop
  endfacet
  facet normal 0 0 -1
    outer loop
      vertex 20.7123 -1.19448 -12.35
      vertex -20.7123 -1.19448 -12.35
      vertex -20.6039 -1.0135 -12.35
    endloop
  endfacet
  facet normal 0 0 -1
    outer loop
      vertex 20.838 -1.36395 -12.35
      vertex -20.838 -1.36395 -12.35
      vertex -20.7123 -1.19448 -12.35
    endloop
  endfacet
  facet normal 0 0 -1
    outer loop
      vertex 20.9797 -1.52028 -12.35
      vertex -20.9797 -1.52028 -12.35
      vertex -20.838 -1.36395 -12.35
    endloop
  endfacet
  facet normal 0 0 -1
    outer loop
      vertex 21.1361 -1.66197 -12.35
      vertex -21.1361 -1.66197 -12.35
      vertex -20.9797 -1.52028 -12.35
    endloop
  endfacet
  facet normal 0 0 -1
    outer loop
      vertex 21.3055 -1.78766 -12.35
      vertex -21.3055 -1.78766 -12.35
      vertex -21.1361 -1.66197 -12.35
    endloop
  endfacet
  facet normal 0 0 -1
    outer loop
      vertex 21.4865 -1.89613 -12.35
      vertex -21.4865 -1.89613 -12.35
      vertex -21.3055 -1.78766 -12.35
    endloop
  endfacet
  facet normal -0 0 -1
    outer loop
      vertex 21.4865 -1.89613 -12.35
      vertex -21.6772 -1.98634 -12.35
      vertex -21.4865 -1.89613 -12.35
    endloop
  endfacet
  facet normal 0 0 -1
    outer loop
      vertex 21.6772 -1.98634 -12.35
      vertex -21.6772 -1.98634 -12.35
      vertex 21.4865 -1.89613 -12.35
    endloop
  endfacet
  facet normal 0 0 -1
    outer loop
      vertex -41.5 -12.35 -12.35
      vertex -21.8759 -2.05742 -12.35
      vertex 41.5 -12.35 -12.35
    endloop
  endfacet
  facet normal 0 0 -1
    outer loop
      vertex -21.8759 -2.05742 -12.35
      vertex -41.5 -12.35 -12.35
      vertex -22.0806 -2.10869 -12.35
    endloop
  endfacet
  facet normal 0 0 -1
    outer loop
      vertex -22.0806 -2.10869 -12.35
      vertex -41.5 -12.35 -12.35
      vertex -22.2893 -2.13965 -12.35
    endloop
  endfacet
  facet normal 0 0 -1
    outer loop
      vertex -22.2893 -2.13965 -12.35
      vertex -41.5 -12.35 -12.35
      vertex -22.5 -2.15 -12.35
    endloop
  endfacet
  facet normal -0 0 -1
    outer loop
      vertex -22.5 -2.15 -12.35
      vertex -41.5 -12.35 -12.35
      vertex -22.7107 -2.13965 -12.35
    endloop
  endfacet
  facet normal -0 0 -1
    outer loop
      vertex -24.6396 -0.210736 -12.35
      vertex -41.5 -12.35 -12.35
      vertex -24.65 0 -12.35
    endloop
  endfacet
  facet normal -0 0 -1
    outer loop
      vertex -24.6087 -0.419444 -12.35
      vertex -41.5 -12.35 -12.35
      vertex -24.6396 -0.210736 -12.35
    endloop
  endfacet
  facet normal -0 0 -1
    outer loop
      vertex -24.5574 -0.624111 -12.35
      vertex -41.5 -12.35 -12.35
      vertex -24.6087 -0.419444 -12.35
    endloop
  endfacet
  facet normal -0 0 -1
    outer loop
      vertex -24.4863 -0.822769 -12.35
      vertex -41.5 -12.35 -12.35
      vertex -24.5574 -0.624111 -12.35
    endloop
  endfacet
  facet normal -0 0 -1
    outer loop
      vertex -24.3961 -1.0135 -12.35
      vertex -41.5 -12.35 -12.35
      vertex -24.4863 -0.822769 -12.35
    endloop
  endfacet
  facet normal -0 0 -1
    outer loop
      vertex -24.2877 -1.19448 -12.35
      vertex -41.5 -12.35 -12.35
      vertex -24.3961 -1.0135 -12.35
    endloop
  endfacet
  facet normal -0 0 -1
    outer loop
      vertex -24.162 -1.36395 -12.35
      vertex -41.5 -12.35 -12.35
      vertex -24.2877 -1.19448 -12.35
    endloop
  endfacet
  facet normal -0 0 -1
    outer loop
      vertex -24.0203 -1.52028 -12.35
      vertex -41.5 -12.35 -12.35
      vertex -24.162 -1.36395 -12.35
    endloop
  endfacet
  facet normal -0 0 -1
    outer loop
      vertex -23.8639 -1.66197 -12.35
      vertex -41.5 -12.35 -12.35
      vertex -24.0203 -1.52028 -12.35
    endloop
  endfacet
  facet normal -0 0 -1
    outer loop
      vertex -23.6945 -1.78766 -12.35
      vertex -41.5 -12.35 -12.35
      vertex -23.8639 -1.66197 -12.35
    endloop
  endfacet
  facet normal -0 0 -1
    outer loop
      vertex -23.5135 -1.89613 -12.35
      vertex -41.5 -12.35 -12.35
      vertex -23.6945 -1.78766 -12.35
    endloop
  endfacet
  facet normal -0 0 -1
    outer loop
      vertex -23.3228 -1.98634 -12.35
      vertex -41.5 -12.35 -12.35
      vertex -23.5135 -1.89613 -12.35
    endloop
  endfacet
  facet normal -0 0 -1
    outer loop
      vertex -23.1241 -2.05742 -12.35
      vertex -41.5 -12.35 -12.35
      vertex -23.3228 -1.98634 -12.35
    endloop
  endfacet
  facet normal -0 0 -1
    outer loop
      vertex -22.9194 -2.10869 -12.35
      vertex -41.5 -12.35 -12.35
      vertex -23.1241 -2.05742 -12.35
    endloop
  endfacet
  facet normal -0 0 -1
    outer loop
      vertex -22.7107 -2.13965 -12.35
      vertex -41.5 -12.35 -12.35
      vertex -22.9194 -2.10869 -12.35
    endloop
  endfacet
  facet normal 0 0 -1
    outer loop
      vertex 24.6396 0.210736 -12.35
      vertex 41.5 12.35 -12.35
      vertex 24.65 0 -12.35
    endloop
  endfacet
  facet normal 0 0 -1
    outer loop
      vertex 24.6087 0.419444 -12.35
      vertex 41.5 12.35 -12.35
      vertex 24.6396 0.210736 -12.35
    endloop
  endfacet
  facet normal 0 0 -1
    outer loop
      vertex 24.5574 0.624111 -12.35
      vertex 41.5 12.35 -12.35
      vertex 24.6087 0.419444 -12.35
    endloop
  endfacet
  facet normal 0 0 -1
    outer loop
      vertex 24.4863 0.822769 -12.35
      vertex 41.5 12.35 -12.35
      vertex 24.5574 0.624111 -12.35
    endloop
  endfacet
  facet normal 0 0 -1
    outer loop
      vertex 24.3961 1.0135 -12.35
      vertex 41.5 12.35 -12.35
      vertex 24.4863 0.822769 -12.35
    endloop
  endfacet
  facet normal 0 0 -1
    outer loop
      vertex 24.2877 1.19448 -12.35
      vertex 41.5 12.35 -12.35
      vertex 24.3961 1.0135 -12.35
    endloop
  endfacet
  facet normal 0 0 -1
    outer loop
      vertex 24.162 1.36395 -12.35
      vertex 41.5 12.35 -12.35
      vertex 24.2877 1.19448 -12.35
    endloop
  endfacet
  facet normal 0 0 -1
    outer loop
      vertex 24.0203 1.52028 -12.35
      vertex 41.5 12.35 -12.35
      vertex 24.162 1.36395 -12.35
    endloop
  endfacet
  facet normal 0 0 -1
    outer loop
      vertex 23.8639 1.66197 -12.35
      vertex 41.5 12.35 -12.35
      vertex 24.0203 1.52028 -12.35
    endloop
  endfacet
  facet normal 0 0 -1
    outer loop
      vertex 23.6945 1.78766 -12.35
      vertex 41.5 12.35 -12.35
      vertex 23.8639 1.66197 -12.35
    endloop
  endfacet
  facet normal 0 0 -1
    outer loop
      vertex 23.5135 1.89613 -12.35
      vertex 41.5 12.35 -12.35
      vertex 23.6945 1.78766 -12.35
    endloop
  endfacet
  facet normal 0 0 -1
    outer loop
      vertex 23.3228 1.98634 -12.35
      vertex 41.5 12.35 -12.35
      vertex 23.5135 1.89613 -12.35
    endloop
  endfacet
  facet normal 0 0 -1
    outer loop
      vertex 23.1241 2.05742 -12.35
      vertex 41.5 12.35 -12.35
      vertex 23.3228 1.98634 -12.35
    endloop
  endfacet
  facet normal 0 0 -1
    outer loop
      vertex 22.9194 2.10869 -12.35
      vertex 41.5 12.35 -12.35
      vertex 23.1241 2.05742 -12.35
    endloop
  endfacet
  facet normal 0 0 -1
    outer loop
      vertex 22.7107 2.13965 -12.35
      vertex 41.5 12.35 -12.35
      vertex 22.9194 2.10869 -12.35
    endloop
  endfacet
  facet normal 0 0 -1
    outer loop
      vertex 22.5 2.15 -12.35
      vertex 41.5 12.35 -12.35
      vertex 22.7107 2.13965 -12.35
    endloop
  endfacet
  facet normal 0 0 -1
    outer loop
      vertex 22.2893 2.13965 -12.35
      vertex 41.5 12.35 -12.35
      vertex 22.5 2.15 -12.35
    endloop
  endfacet
  facet normal 0 0 -1
    outer loop
      vertex 22.0806 2.10869 -12.35
      vertex 41.5 12.35 -12.35
      vertex 22.2893 2.13965 -12.35
    endloop
  endfacet
  facet normal 0 0 -1
    outer loop
      vertex 21.8759 2.05742 -12.35
      vertex 41.5 12.35 -12.35
      vertex 22.0806 2.10869 -12.35
    endloop
  endfacet
  facet normal 0 0 -1
    outer loop
      vertex -21.8759 2.05742 -12.35
      vertex 21.8759 2.05742 -12.35
      vertex 21.6772 1.98634 -12.35
    endloop
  endfacet
  facet normal 0 0 -1
    outer loop
      vertex -21.6772 1.98634 -12.35
      vertex 21.6772 1.98634 -12.35
      vertex 21.4865 1.89613 -12.35
    endloop
  endfacet
  facet normal 0 0 -1
    outer loop
      vertex -20.35 0 -12.35
      vertex 20.3604 0.210736 -12.35
      vertex 20.35 0 -12.35
    endloop
  endfacet
  facet normal 0 0 -1
    outer loop
      vertex -20.3604 0.210736 -12.35
      vertex 20.3604 0.210736 -12.35
      vertex -20.35 0 -12.35
    endloop
  endfacet
  facet normal 0 0 -1
    outer loop
      vertex 20.3604 0.210736 -12.35
      vertex -20.3604 0.210736 -12.35
      vertex 20.3913 0.419444 -12.35
    endloop
  endfacet
  facet normal 0 0 -1
    outer loop
      vertex -20.3913 0.419444 -12.35
      vertex 20.3913 0.419444 -12.35
      vertex -20.3604 0.210736 -12.35
    endloop
  endfacet
  facet normal 0 0 -1
    outer loop
      vertex 20.3913 0.419444 -12.35
      vertex -20.3913 0.419444 -12.35
      vertex 20.4426 0.624111 -12.35
    endloop
  endfacet
  facet normal 0 0 -1
    outer loop
      vertex -20.4426 0.624111 -12.35
      vertex 20.4426 0.624111 -12.35
      vertex -20.3913 0.419444 -12.35
    endloop
  endfacet
  facet normal 0 0 -1
    outer loop
      vertex 20.4426 0.624111 -12.35
      vertex -20.4426 0.624111 -12.35
      vertex 20.5137 0.822769 -12.35
    endloop
  endfacet
  facet normal 0 0 -1
    outer loop
      vertex -20.5137 0.822769 -12.35
      vertex 20.5137 0.822769 -12.35
      vertex -20.4426 0.624111 -12.35
    endloop
  endfacet
  facet normal 0 0 -1
    outer loop
      vertex 20.5137 0.822769 -12.35
      vertex -20.5137 0.822769 -12.35
      vertex 20.6039 1.0135 -12.35
    endloop
  endfacet
  facet normal 0 0 -1
    outer loop
      vertex -20.6039 1.0135 -12.35
      vertex 20.6039 1.0135 -12.35
      vertex -20.5137 0.822769 -12.35
    endloop
  endfacet
  facet normal 0 0 -1
    outer loop
      vertex 20.6039 1.0135 -12.35
      vertex -20.6039 1.0135 -12.35
      vertex 20.7123 1.19448 -12.35
    endloop
  endfacet
  facet normal 0 0 -1
    outer loop
      vertex -20.7123 1.19448 -12.35
      vertex 20.7123 1.19448 -12.35
      vertex -20.6039 1.0135 -12.35
    endloop
  endfacet
  facet normal 0 0 -1
    outer loop
      vertex 20.7123 1.19448 -12.35
      vertex -20.7123 1.19448 -12.35
      vertex 20.838 1.36395 -12.35
    endloop
  endfacet
  facet normal 0 0 -1
    outer loop
      vertex -20.838 1.36395 -12.35
      vertex 20.838 1.36395 -12.35
      vertex -20.7123 1.19448 -12.35
    endloop
  endfacet
  facet normal 0 0 -1
    outer loop
      vertex 20.838 1.36395 -12.35
      vertex -20.838 1.36395 -12.35
      vertex 20.9797 1.52028 -12.35
    endloop
  endfacet
  facet normal 0 0 -1
    outer loop
      vertex -20.9797 1.52028 -12.35
      vertex 20.9797 1.52028 -12.35
      vertex -20.838 1.36395 -12.35
    endloop
  endfacet
  facet normal 0 0 -1
    outer loop
      vertex 20.9797 1.52028 -12.35
      vertex -20.9797 1.52028 -12.35
      vertex 21.1361 1.66197 -12.35
    endloop
  endfacet
  facet normal 0 0 -1
    outer loop
      vertex -21.1361 1.66197 -12.35
      vertex 21.1361 1.66197 -12.35
      vertex -20.9797 1.52028 -12.35
    endloop
  endfacet
  facet normal 0 0 -1
    outer loop
      vertex 21.1361 1.66197 -12.35
      vertex -21.1361 1.66197 -12.35
      vertex 21.3055 1.78766 -12.35
    endloop
  endfacet
  facet normal 0 0 -1
    outer loop
      vertex -21.3055 1.78766 -12.35
      vertex 21.3055 1.78766 -12.35
      vertex -21.1361 1.66197 -12.35
    endloop
  endfacet
  facet normal 0 0 -1
    outer loop
      vertex 21.3055 1.78766 -12.35
      vertex -21.3055 1.78766 -12.35
      vertex 21.4865 1.89613 -12.35
    endloop
  endfacet
  facet normal 0 0 -1
    outer loop
      vertex -21.4865 1.89613 -12.35
      vertex 21.4865 1.89613 -12.35
      vertex -21.3055 1.78766 -12.35
    endloop
  endfacet
  facet normal 0 0 -1
    outer loop
      vertex -21.6772 1.98634 -12.35
      vertex 21.4865 1.89613 -12.35
      vertex -21.4865 1.89613 -12.35
    endloop
  endfacet
  facet normal 0 0 -1
    outer loop
      vertex 21.6772 1.98634 -12.35
      vertex -21.6772 1.98634 -12.35
      vertex -21.8759 2.05742 -12.35
    endloop
  endfacet
  facet normal 0 0 -1
    outer loop
      vertex 21.8759 2.05742 -12.35
      vertex -21.8759 2.05742 -12.35
      vertex 41.5 12.35 -12.35
    endloop
  endfacet
  facet normal 0 0 -1
    outer loop
      vertex -41.5 12.35 -12.35
      vertex -21.8759 2.05742 -12.35
      vertex -22.0806 2.10869 -12.35
    endloop
  endfacet
  facet normal 0 0 -1
    outer loop
      vertex -41.5 12.35 -12.35
      vertex -22.0806 2.10869 -12.35
      vertex -22.2893 2.13965 -12.35
    endloop
  endfacet
  facet normal 0 0 -1
    outer loop
      vertex -41.5 12.35 -12.35
      vertex -22.2893 2.13965 -12.35
      vertex -22.5 2.15 -12.35
    endloop
  endfacet
  facet normal 0 0 -1
    outer loop
      vertex -41.5 12.35 -12.35
      vertex -22.5 2.15 -12.35
      vertex -22.7107 2.13965 -12.35
    endloop
  endfacet
  facet normal 0 0 -1
    outer loop
      vertex -41.5 12.35 -12.35
      vertex -22.7107 2.13965 -12.35
      vertex -22.9194 2.10869 -12.35
    endloop
  endfacet
  facet normal 0 0 -1
    outer loop
      vertex -41.5 12.35 -12.35
      vertex -24.65 0 -12.35
      vertex -41.5 -12.35 -12.35
    endloop
  endfacet
  facet normal 0 0 -1
    outer loop
      vertex -24.65 0 -12.35
      vertex -41.5 12.35 -12.35
      vertex -24.6396 0.210736 -12.35
    endloop
  endfacet
  facet normal 0 0 -1
    outer loop
      vertex -24.6396 0.210736 -12.35
      vertex -41.5 12.35 -12.35
      vertex -24.6087 0.419444 -12.35
    endloop
  endfacet
  facet normal 0 0 -1
    outer loop
      vertex -24.6087 0.419444 -12.35
      vertex -41.5 12.35 -12.35
      vertex -24.5574 0.624111 -12.35
    endloop
  endfacet
  facet normal 0 0 -1
    outer loop
      vertex -24.5574 0.624111 -12.35
      vertex -41.5 12.35 -12.35
      vertex -24.4863 0.822769 -12.35
    endloop
  endfacet
  facet normal 0 0 -1
    outer loop
      vertex -24.4863 0.822769 -12.35
      vertex -41.5 12.35 -12.35
      vertex -24.3961 1.0135 -12.35
    endloop
  endfacet
  facet normal 0 0 -1
    outer loop
      vertex -24.3961 1.0135 -12.35
      vertex -41.5 12.35 -12.35
      vertex -24.2877 1.19448 -12.35
    endloop
  endfacet
  facet normal 0 0 -1
    outer loop
      vertex -24.2877 1.19448 -12.35
      vertex -41.5 12.35 -12.35
      vertex -24.162 1.36395 -12.35
    endloop
  endfacet
  facet normal 0 0 -1
    outer loop
      vertex -24.162 1.36395 -12.35
      vertex -41.5 12.35 -12.35
      vertex -24.0203 1.52028 -12.35
    endloop
  endfacet
  facet normal 0 0 -1
    outer loop
      vertex -21.8759 2.05742 -12.35
      vertex -41.5 12.35 -12.35
      vertex 41.5 12.35 -12.35
    endloop
  endfacet
  facet normal 0 0 -1
    outer loop
      vertex -23.1241 2.05742 -12.35
      vertex -41.5 12.35 -12.35
      vertex -22.9194 2.10869 -12.35
    endloop
  endfacet
  facet normal 0 0 -1
    outer loop
      vertex -23.3228 1.98634 -12.35
      vertex -41.5 12.35 -12.35
      vertex -23.1241 2.05742 -12.35
    endloop
  endfacet
  facet normal 0 0 -1
    outer loop
      vertex -23.5135 1.89613 -12.35
      vertex -41.5 12.35 -12.35
      vertex -23.3228 1.98634 -12.35
    endloop
  endfacet
  facet normal 0 0 -1
    outer loop
      vertex -23.6945 1.78766 -12.35
      vertex -41.5 12.35 -12.35
      vertex -23.5135 1.89613 -12.35
    endloop
  endfacet
  facet normal 0 0 -1
    outer loop
      vertex -23.8639 1.66197 -12.35
      vertex -41.5 12.35 -12.35
      vertex -23.6945 1.78766 -12.35
    endloop
  endfacet
  facet normal 0 0 -1
    outer loop
      vertex -24.0203 1.52028 -12.35
      vertex -41.5 12.35 -12.35
      vertex -23.8639 1.66197 -12.35
    endloop
  endfacet
  facet normal -1 0 0
    outer loop
      vertex -41.5 -12.35 -12.35
      vertex -41.5 12.35 12.35
      vertex -41.5 12.35 -12.35
    endloop
  endfacet
  facet normal -1 -0 0
    outer loop
      vertex -41.5 12.35 12.35
      vertex -41.5 -12.35 -12.35
      vertex -41.5 -12.35 12.35
    endloop
  endfacet
  facet normal 0 1 0
    outer loop
      vertex 41.5 12.35 12.35
      vertex 10 12.35 3
      vertex -41.5 12.35 12.35
    endloop
  endfacet
  facet normal 0 1 0
    outer loop
      vertex 41.5 12.35 12.35
      vertex 10 12.35 -3
      vertex 10 12.35 3
    endloop
  endfacet
  facet normal 0 1 0
    outer loop
      vertex 10 12.35 -3
      vertex 41.5 12.35 -12.35
      vertex -10 12.35 -3
    endloop
  endfacet
  facet normal 0 1 -0
    outer loop
      vertex 41.5 12.35 -12.35
      vertex 10 12.35 -3
      vertex 41.5 12.35 12.35
    endloop
  endfacet
  facet normal 0 1 -0
    outer loop
      vertex -10 12.35 3
      vertex -41.5 12.35 12.35
      vertex 10 12.35 3
    endloop
  endfacet
  facet normal 0 1 -0
    outer loop
      vertex -10 12.35 -3
      vertex -41.5 12.35 12.35
      vertex -10 12.35 3
    endloop
  endfacet
  facet normal 0 1 0
    outer loop
      vertex -10 12.35 -3
      vertex -41.5 12.35 -12.35
      vertex -41.5 12.35 12.35
    endloop
  endfacet
  facet normal 0 1 0
    outer loop
      vertex -41.5 12.35 -12.35
      vertex -10 12.35 -3
      vertex 41.5 12.35 -12.35
    endloop
  endfacet
  facet normal 0 -1 0
    outer loop
      vertex -41.5 -12.35 12.35
      vertex -10 -12.35 3
      vertex 41.5 -12.35 12.35
    endloop
  endfacet
  facet normal 0 -1 0
    outer loop
      vertex -41.5 -12.35 12.35
      vertex -10 -12.35 -3
      vertex -10 -12.35 3
    endloop
  endfacet
  facet normal 0 -1 -0
    outer loop
      vertex -10 -12.35 -3
      vertex -41.5 -12.35 -12.35
      vertex 10 -12.35 -3
    endloop
  endfacet
  facet normal 0 -1 0
    outer loop
      vertex -41.5 -12.35 -12.35
      vertex -10 -12.35 -3
      vertex -41.5 -12.35 12.35
    endloop
  endfacet
  facet normal 0 -1 0
    outer loop
      vertex 10 -12.35 3
      vertex 41.5 -12.35 12.35
      vertex -10 -12.35 3
    endloop
  endfacet
  facet normal 0 -1 0
    outer loop
      vertex 10 -12.35 -3
      vertex 41.5 -12.35 12.35
      vertex 10 -12.35 3
    endloop
  endfacet
  facet normal 0 -1 0
    outer loop
      vertex 10 -12.35 -3
      vertex 41.5 -12.35 -12.35
      vertex 41.5 -12.35 12.35
    endloop
  endfacet
  facet normal 0 -1 0
    outer loop
      vertex 41.5 -12.35 -12.35
      vertex 10 -12.35 -3
      vertex -41.5 -12.35 -12.35
    endloop
  endfacet
  facet normal -1 0 0
    outer loop
      vertex 37.7 -6.55 -4.55
      vertex 37.7 6.55 8.55
      vertex 37.7 6.55 -4.55
    endloop
  endfacet
  facet normal -1 -0 0
    outer loop
      vertex 37.7 6.55 8.55
      vertex 37.7 -6.55 -4.55
      vertex 37.7 -6.55 8.55
    endloop
  endfacet
  facet normal 0 0 -1
    outer loop
      vertex 37.7 -6.55 8.55
      vertex 24.65 0 8.55
      vertex 37.7 6.55 8.55
    endloop
  endfacet
  facet normal 0 0 -1
    outer loop
      vertex 37.7 -6.55 8.55
      vertex 24.6396 -0.210736 8.55
      vertex 24.65 0 8.55
    endloop
  endfacet
  facet normal 0 0 -1
    outer loop
      vertex 37.7 -6.55 8.55
      vertex 24.6087 -0.419444 8.55
      vertex 24.6396 -0.210736 8.55
    endloop
  endfacet
  facet normal 0 0 -1
    outer loop
      vertex 37.7 -6.55 8.55
      vertex 24.5574 -0.624111 8.55
      vertex 24.6087 -0.419444 8.55
    endloop
  endfacet
  facet normal 0 0 -1
    outer loop
      vertex 37.7 -6.55 8.55
      vertex 24.4863 -0.822769 8.55
      vertex 24.5574 -0.624111 8.55
    endloop
  endfacet
  facet normal 0 0 -1
    outer loop
      vertex 37.7 -6.55 8.55
      vertex 24.3961 -1.0135 8.55
      vertex 24.4863 -0.822769 8.55
    endloop
  endfacet
  facet normal 0 0 -1
    outer loop
      vertex 37.7 -6.55 8.55
      vertex 24.2877 -1.19448 8.55
      vertex 24.3961 -1.0135 8.55
    endloop
  endfacet
  facet normal 0 0 -1
    outer loop
      vertex 37.7 -6.55 8.55
      vertex 24.162 -1.36395 8.55
      vertex 24.2877 -1.19448 8.55
    endloop
  endfacet
  facet normal 0 0 -1
    outer loop
      vertex 37.7 -6.55 8.55
      vertex 24.0203 -1.52028 8.55
      vertex 24.162 -1.36395 8.55
    endloop
  endfacet
  facet normal 0 0 -1
    outer loop
      vertex 37.7 -6.55 8.55
      vertex 23.8639 -1.66197 8.55
      vertex 24.0203 -1.52028 8.55
    endloop
  endfacet
  facet normal 0 0 -1
    outer loop
      vertex 37.7 -6.55 8.55
      vertex 23.6945 -1.78766 8.55
      vertex 23.8639 -1.66197 8.55
    endloop
  endfacet
  facet normal 0 0 -1
    outer loop
      vertex 37.7 -6.55 8.55
      vertex 23.5135 -1.89613 8.55
      vertex 23.6945 -1.78766 8.55
    endloop
  endfacet
  facet normal 0 0 -1
    outer loop
      vertex 37.7 -6.55 8.55
      vertex 23.3228 -1.98634 8.55
      vertex 23.5135 -1.89613 8.55
    endloop
  endfacet
  facet normal 0 0 -1
    outer loop
      vertex 37.7 -6.55 8.55
      vertex 23.1241 -2.05742 8.55
      vertex 23.3228 -1.98634 8.55
    endloop
  endfacet
  facet normal 0 0 -1
    outer loop
      vertex 37.7 -6.55 8.55
      vertex 22.9194 -2.10869 8.55
      vertex 23.1241 -2.05742 8.55
    endloop
  endfacet
  facet normal 0 0 -1
    outer loop
      vertex 37.7 -6.55 8.55
      vertex 22.7107 -2.13965 8.55
      vertex 22.9194 -2.10869 8.55
    endloop
  endfacet
  facet normal 0 0 -1
    outer loop
      vertex 37.7 -6.55 8.55
      vertex 22.5 -2.15 8.55
      vertex 22.7107 -2.13965 8.55
    endloop
  endfacet
  facet normal 0 0 -1
    outer loop
      vertex 37.7 -6.55 8.55
      vertex 22.2893 -2.13965 8.55
      vertex 22.5 -2.15 8.55
    endloop
  endfacet
  facet normal 0 0 -1
    outer loop
      vertex 37.7 -6.55 8.55
      vertex 22.0806 -2.10869 8.55
      vertex 22.2893 -2.13965 8.55
    endloop
  endfacet
  facet normal 0 0 -1
    outer loop
      vertex -22.0806 -2.10869 8.55
      vertex 22.0806 -2.10869 8.55
      vertex 37.7 -6.55 8.55
    endloop
  endfacet
  facet normal 0 0 -1
    outer loop
      vertex 20.3604 -0.210736 8.55
      vertex -20.35 0 8.55
      vertex 20.35 0 8.55
    endloop
  endfacet
  facet normal 0 0 -1
    outer loop
      vertex -20.3604 -0.210736 8.55
      vertex 20.3604 -0.210736 8.55
      vertex 20.3913 -0.419444 8.55
    endloop
  endfacet
  facet normal 0 0 -1
    outer loop
      vertex -20.3913 -0.419444 8.55
      vertex 20.3913 -0.419444 8.55
      vertex 20.4426 -0.624111 8.55
    endloop
  endfacet
  facet normal 0 0 -1
    outer loop
      vertex -20.4426 -0.624111 8.55
      vertex 20.4426 -0.624111 8.55
      vertex 20.5137 -0.822769 8.55
    endloop
  endfacet
  facet normal 0 0 -1
    outer loop
      vertex -20.5137 -0.822769 8.55
      vertex 20.5137 -0.822769 8.55
      vertex 20.6039 -1.0135 8.55
    endloop
  endfacet
  facet normal 0 0 -1
    outer loop
      vertex -20.6039 -1.0135 8.55
      vertex 20.6039 -1.0135 8.55
      vertex 20.7123 -1.19448 8.55
    endloop
  endfacet
  facet normal 0 0 -1
    outer loop
      vertex -20.7123 -1.19448 8.55
      vertex 20.7123 -1.19448 8.55
      vertex 20.838 -1.36395 8.55
    endloop
  endfacet
  facet normal 0 0 -1
    outer loop
      vertex -20.838 -1.36395 8.55
      vertex 20.838 -1.36395 8.55
      vertex 20.9797 -1.52028 8.55
    endloop
  endfacet
  facet normal 0 0 -1
    outer loop
      vertex -20.9797 -1.52028 8.55
      vertex 20.9797 -1.52028 8.55
      vertex 21.1361 -1.66197 8.55
    endloop
  endfacet
  facet normal 0 0 -1
    outer loop
      vertex -21.1361 -1.66197 8.55
      vertex 21.1361 -1.66197 8.55
      vertex 21.3055 -1.78766 8.55
    endloop
  endfacet
  facet normal 0 0 -1
    outer loop
      vertex -21.3055 -1.78766 8.55
      vertex 21.3055 -1.78766 8.55
      vertex 21.4865 -1.89613 8.55
    endloop
  endfacet
  facet normal 0 0 -1
    outer loop
      vertex -21.4865 -1.89613 8.55
      vertex 21.4865 -1.89613 8.55
      vertex 21.6772 -1.98634 8.55
    endloop
  endfacet
  facet normal 0 0 -1
    outer loop
      vertex -21.6772 -1.98634 8.55
      vertex 21.6772 -1.98634 8.55
      vertex 21.8759 -2.05742 8.55
    endloop
  endfacet
  facet normal 0 0 -1
    outer loop
      vertex 22.0806 -2.10869 8.55
      vertex -22.0806 -2.10869 8.55
      vertex 21.8759 -2.05742 8.55
    endloop
  endfacet
  facet normal 0 0 -1
    outer loop
      vertex 20.3604 -0.210736 8.55
      vertex -20.3604 -0.210736 8.55
      vertex -20.35 0 8.55
    endloop
  endfacet
  facet normal 0 0 -1
    outer loop
      vertex 20.3913 -0.419444 8.55
      vertex -20.3913 -0.419444 8.55
      vertex -20.3604 -0.210736 8.55
    endloop
  endfacet
  facet normal 0 0 -1
    outer loop
      vertex 20.4426 -0.624111 8.55
      vertex -20.4426 -0.624111 8.55
      vertex -20.3913 -0.419444 8.55
    endloop
  endfacet
  facet normal 0 0 -1
    outer loop
      vertex 20.5137 -0.822769 8.55
      vertex -20.5137 -0.822769 8.55
      vertex -20.4426 -0.624111 8.55
    endloop
  endfacet
  facet normal 0 0 -1
    outer loop
      vertex 20.6039 -1.0135 8.55
      vertex -20.6039 -1.0135 8.55
      vertex -20.5137 -0.822769 8.55
    endloop
  endfacet
  facet normal 0 0 -1
    outer loop
      vertex 20.7123 -1.19448 8.55
      vertex -20.7123 -1.19448 8.55
      vertex -20.6039 -1.0135 8.55
    endloop
  endfacet
  facet normal 0 0 -1
    outer loop
      vertex 20.838 -1.36395 8.55
      vertex -20.838 -1.36395 8.55
      vertex -20.7123 -1.19448 8.55
    endloop
  endfacet
  facet normal 0 0 -1
    outer loop
      vertex 20.9797 -1.52028 8.55
      vertex -20.9797 -1.52028 8.55
      vertex -20.838 -1.36395 8.55
    endloop
  endfacet
  facet normal 0 0 -1
    outer loop
      vertex 21.1361 -1.66197 8.55
      vertex -21.1361 -1.66197 8.55
      vertex -20.9797 -1.52028 8.55
    endloop
  endfacet
  facet normal 0 0 -1
    outer loop
      vertex 21.3055 -1.78766 8.55
      vertex -21.3055 -1.78766 8.55
      vertex -21.1361 -1.66197 8.55
    endloop
  endfacet
  facet normal 0 0 -1
    outer loop
      vertex 21.4865 -1.89613 8.55
      vertex -21.4865 -1.89613 8.55
      vertex -21.3055 -1.78766 8.55
    endloop
  endfacet
  facet normal 0 0 -1
    outer loop
      vertex 21.6772 -1.98634 8.55
      vertex -21.6772 -1.98634 8.55
      vertex -21.4865 -1.89613 8.55
    endloop
  endfacet
  facet normal 0 0 -1
    outer loop
      vertex 21.8759 -2.05742 8.55
      vertex -21.8759 -2.05742 8.55
      vertex -21.6772 -1.98634 8.55
    endloop
  endfacet
  facet normal -0 0 -1
    outer loop
      vertex 21.8759 -2.05742 8.55
      vertex -22.0806 -2.10869 8.55
      vertex -21.8759 -2.05742 8.55
    endloop
  endfacet
  facet normal 0 0 -1
    outer loop
      vertex -37.7 -6.55 8.55
      vertex -22.0806 -2.10869 8.55
      vertex 37.7 -6.55 8.55
    endloop
  endfacet
  facet normal 0 0 -1
    outer loop
      vertex -22.0806 -2.10869 8.55
      vertex -37.7 -6.55 8.55
      vertex -22.2893 -2.13965 8.55
    endloop
  endfacet
  facet normal 0 0 -1
    outer loop
      vertex -22.2893 -2.13965 8.55
      vertex -37.7 -6.55 8.55
      vertex -22.5 -2.15 8.55
    endloop
  endfacet
  facet normal -0 0 -1
    outer loop
      vertex -24.6396 -0.210736 8.55
      vertex -37.7 -6.55 8.55
      vertex -24.65 0 8.55
    endloop
  endfacet
  facet normal -0 0 -1
    outer loop
      vertex -24.6087 -0.419444 8.55
      vertex -37.7 -6.55 8.55
      vertex -24.6396 -0.210736 8.55
    endloop
  endfacet
  facet normal -0 0 -1
    outer loop
      vertex -24.5574 -0.624111 8.55
      vertex -37.7 -6.55 8.55
      vertex -24.6087 -0.419444 8.55
    endloop
  endfacet
  facet normal -0 0 -1
    outer loop
      vertex -24.4863 -0.822769 8.55
      vertex -37.7 -6.55 8.55
      vertex -24.5574 -0.624111 8.55
    endloop
  endfacet
  facet normal -0 0 -1
    outer loop
      vertex -24.3961 -1.0135 8.55
      vertex -37.7 -6.55 8.55
      vertex -24.4863 -0.822769 8.55
    endloop
  endfacet
  facet normal -0 0 -1
    outer loop
      vertex -24.2877 -1.19448 8.55
      vertex -37.7 -6.55 8.55
      vertex -24.3961 -1.0135 8.55
    endloop
  endfacet
  facet normal -0 0 -1
    outer loop
      vertex -24.162 -1.36395 8.55
      vertex -37.7 -6.55 8.55
      vertex -24.2877 -1.19448 8.55
    endloop
  endfacet
  facet normal -0 0 -1
    outer loop
      vertex -24.0203 -1.52028 8.55
      vertex -37.7 -6.55 8.55
      vertex -24.162 -1.36395 8.55
    endloop
  endfacet
  facet normal -0 0 -1
    outer loop
      vertex -23.8639 -1.66197 8.55
      vertex -37.7 -6.55 8.55
      vertex -24.0203 -1.52028 8.55
    endloop
  endfacet
  facet normal -0 0 -1
    outer loop
      vertex -23.6945 -1.78766 8.55
      vertex -37.7 -6.55 8.55
      vertex -23.8639 -1.66197 8.55
    endloop
  endfacet
  facet normal -0 0 -1
    outer loop
      vertex -23.5135 -1.89613 8.55
      vertex -37.7 -6.55 8.55
      vertex -23.6945 -1.78766 8.55
    endloop
  endfacet
  facet normal -0 0 -1
    outer loop
      vertex -23.3228 -1.98634 8.55
      vertex -37.7 -6.55 8.55
      vertex -23.5135 -1.89613 8.55
    endloop
  endfacet
  facet normal -0 0 -1
    outer loop
      vertex -23.1241 -2.05742 8.55
      vertex -37.7 -6.55 8.55
      vertex -23.3228 -1.98634 8.55
    endloop
  endfacet
  facet normal -0 0 -1
    outer loop
      vertex -22.9194 -2.10869 8.55
      vertex -37.7 -6.55 8.55
      vertex -23.1241 -2.05742 8.55
    endloop
  endfacet
  facet normal -0 0 -1
    outer loop
      vertex -22.7107 -2.13965 8.55
      vertex -37.7 -6.55 8.55
      vertex -22.9194 -2.10869 8.55
    endloop
  endfacet
  facet normal -0 0 -1
    outer loop
      vertex -22.5 -2.15 8.55
      vertex -37.7 -6.55 8.55
      vertex -22.7107 -2.13965 8.55
    endloop
  endfacet
  facet normal 0 0 -1
    outer loop
      vertex 24.6396 0.210736 8.55
      vertex 37.7 6.55 8.55
      vertex 24.65 0 8.55
    endloop
  endfacet
  facet normal 0 0 -1
    outer loop
      vertex 24.6087 0.419444 8.55
      vertex 37.7 6.55 8.55
      vertex 24.6396 0.210736 8.55
    endloop
  endfacet
  facet normal 0 0 -1
    outer loop
      vertex 24.5574 0.624111 8.55
      vertex 37.7 6.55 8.55
      vertex 24.6087 0.419444 8.55
    endloop
  endfacet
  facet normal 0 0 -1
    outer loop
      vertex 24.4863 0.822769 8.55
      vertex 37.7 6.55 8.55
      vertex 24.5574 0.624111 8.55
    endloop
  endfacet
  facet normal 0 0 -1
    outer loop
      vertex 24.3961 1.0135 8.55
      vertex 37.7 6.55 8.55
      vertex 24.4863 0.822769 8.55
    endloop
  endfacet
  facet normal 0 0 -1
    outer loop
      vertex 24.2877 1.19448 8.55
      vertex 37.7 6.55 8.55
      vertex 24.3961 1.0135 8.55
    endloop
  endfacet
  facet normal 0 0 -1
    outer loop
      vertex 24.162 1.36395 8.55
      vertex 37.7 6.55 8.55
      vertex 24.2877 1.19448 8.55
    endloop
  endfacet
  facet normal 0 0 -1
    outer loop
      vertex 24.0203 1.52028 8.55
      vertex 37.7 6.55 8.55
      vertex 24.162 1.36395 8.55
    endloop
  endfacet
  facet normal 0 0 -1
    outer loop
      vertex 23.8639 1.66197 8.55
      vertex 37.7 6.55 8.55
      vertex 24.0203 1.52028 8.55
    endloop
  endfacet
  facet normal 0 0 -1
    outer loop
      vertex 23.6945 1.78766 8.55
      vertex 37.7 6.55 8.55
      vertex 23.8639 1.66197 8.55
    endloop
  endfacet
  facet normal 0 0 -1
    outer loop
      vertex 23.5135 1.89613 8.55
      vertex 37.7 6.55 8.55
      vertex 23.6945 1.78766 8.55
    endloop
  endfacet
  facet normal 0 0 -1
    outer loop
      vertex 23.3228 1.98634 8.55
      vertex 37.7 6.55 8.55
      vertex 23.5135 1.89613 8.55
    endloop
  endfacet
  facet normal 0 0 -1
    outer loop
      vertex 23.1241 2.05742 8.55
      vertex 37.7 6.55 8.55
      vertex 23.3228 1.98634 8.55
    endloop
  endfacet
  facet normal 0 0 -1
    outer loop
      vertex 22.9194 2.10869 8.55
      vertex 37.7 6.55 8.55
      vertex 23.1241 2.05742 8.55
    endloop
  endfacet
  facet normal 0 0 -1
    outer loop
      vertex 22.7107 2.13965 8.55
      vertex 37.7 6.55 8.55
      vertex 22.9194 2.10869 8.55
    endloop
  endfacet
  facet normal 0 0 -1
    outer loop
      vertex 22.5 2.15 8.55
      vertex 37.7 6.55 8.55
      vertex 22.7107 2.13965 8.55
    endloop
  endfacet
  facet normal 0 0 -1
    outer loop
      vertex 22.2893 2.13965 8.55
      vertex 37.7 6.55 8.55
      vertex 22.5 2.15 8.55
    endloop
  endfacet
  facet normal 0 0 -1
    outer loop
      vertex 22.0806 2.10869 8.55
      vertex 37.7 6.55 8.55
      vertex 22.2893 2.13965 8.55
    endloop
  endfacet
  facet normal 0 0 -1
    outer loop
      vertex -22.0806 2.10869 8.55
      vertex 22.0806 2.10869 8.55
      vertex 21.8759 2.05742 8.55
    endloop
  endfacet
  facet normal 0 0 -1
    outer loop
      vertex -20.35 0 8.55
      vertex 20.3604 0.210736 8.55
      vertex 20.35 0 8.55
    endloop
  endfacet
  facet normal 0 0 -1
    outer loop
      vertex -20.3604 0.210736 8.55
      vertex 20.3604 0.210736 8.55
      vertex -20.35 0 8.55
    endloop
  endfacet
  facet normal 0 0 -1
    outer loop
      vertex 20.3604 0.210736 8.55
      vertex -20.3604 0.210736 8.55
      vertex 20.3913 0.419444 8.55
    endloop
  endfacet
  facet normal 0 0 -1
    outer loop
      vertex -20.3913 0.419444 8.55
      vertex 20.3913 0.419444 8.55
      vertex -20.3604 0.210736 8.55
    endloop
  endfacet
  facet normal 0 0 -1
    outer loop
      vertex 20.3913 0.419444 8.55
      vertex -20.3913 0.419444 8.55
      vertex 20.4426 0.624111 8.55
    endloop
  endfacet
  facet normal 0 0 -1
    outer loop
      vertex -20.4426 0.624111 8.55
      vertex 20.4426 0.624111 8.55
      vertex -20.3913 0.419444 8.55
    endloop
  endfacet
  facet normal 0 0 -1
    outer loop
      vertex 20.4426 0.624111 8.55
      vertex -20.4426 0.624111 8.55
      vertex 20.5137 0.822769 8.55
    endloop
  endfacet
  facet normal 0 0 -1
    outer loop
      vertex -20.5137 0.822769 8.55
      vertex 20.5137 0.822769 8.55
      vertex -20.4426 0.624111 8.55
    endloop
  endfacet
  facet normal 0 0 -1
    outer loop
      vertex 20.5137 0.822769 8.55
      vertex -20.5137 0.822769 8.55
      vertex 20.6039 1.0135 8.55
    endloop
  endfacet
  facet normal 0 0 -1
    outer loop
      vertex -20.6039 1.0135 8.55
      vertex 20.6039 1.0135 8.55
      vertex -20.5137 0.822769 8.55
    endloop
  endfacet
  facet normal 0 0 -1
    outer loop
      vertex 20.6039 1.0135 8.55
      vertex -20.6039 1.0135 8.55
      vertex 20.7123 1.19448 8.55
    endloop
  endfacet
  facet normal 0 0 -1
    outer loop
      vertex -20.7123 1.19448 8.55
      vertex 20.7123 1.19448 8.55
      vertex -20.6039 1.0135 8.55
    endloop
  endfacet
  facet normal 0 0 -1
    outer loop
      vertex 20.7123 1.19448 8.55
      vertex -20.7123 1.19448 8.55
      vertex 20.838 1.36395 8.55
    endloop
  endfacet
  facet normal 0 0 -1
    outer loop
      vertex -20.838 1.36395 8.55
      vertex 20.838 1.36395 8.55
      vertex -20.7123 1.19448 8.55
    endloop
  endfacet
  facet normal 0 0 -1
    outer loop
      vertex 20.838 1.36395 8.55
      vertex -20.838 1.36395 8.55
      vertex 20.9797 1.52028 8.55
    endloop
  endfacet
  facet normal 0 0 -1
    outer loop
      vertex -20.9797 1.52028 8.55
      vertex 20.9797 1.52028 8.55
      vertex -20.838 1.36395 8.55
    endloop
  endfacet
  facet normal 0 0 -1
    outer loop
      vertex 20.9797 1.52028 8.55
      vertex -20.9797 1.52028 8.55
      vertex 21.1361 1.66197 8.55
    endloop
  endfacet
  facet normal 0 0 -1
    outer loop
      vertex -21.1361 1.66197 8.55
      vertex 21.1361 1.66197 8.55
      vertex -20.9797 1.52028 8.55
    endloop
  endfacet
  facet normal 0 0 -1
    outer loop
      vertex 21.1361 1.66197 8.55
      vertex -21.1361 1.66197 8.55
      vertex 21.3055 1.78766 8.55
    endloop
  endfacet
  facet normal 0 0 -1
    outer loop
      vertex -21.3055 1.78766 8.55
      vertex 21.3055 1.78766 8.55
      vertex -21.1361 1.66197 8.55
    endloop
  endfacet
  facet normal 0 0 -1
    outer loop
      vertex 21.3055 1.78766 8.55
      vertex -21.3055 1.78766 8.55
      vertex 21.4865 1.89613 8.55
    endloop
  endfacet
  facet normal 0 0 -1
    outer loop
      vertex -21.4865 1.89613 8.55
      vertex 21.4865 1.89613 8.55
      vertex -21.3055 1.78766 8.55
    endloop
  endfacet
  facet normal 0 0 -1
    outer loop
      vertex 21.4865 1.89613 8.55
      vertex -21.4865 1.89613 8.55
      vertex 21.6772 1.98634 8.55
    endloop
  endfacet
  facet normal 0 0 -1
    outer loop
      vertex -21.6772 1.98634 8.55
      vertex 21.6772 1.98634 8.55
      vertex -21.4865 1.89613 8.55
    endloop
  endfacet
  facet normal 0 0 -1
    outer loop
      vertex 21.6772 1.98634 8.55
      vertex -21.6772 1.98634 8.55
      vertex 21.8759 2.05742 8.55
    endloop
  endfacet
  facet normal 0 0 -1
    outer loop
      vertex -21.8759 2.05742 8.55
      vertex 21.8759 2.05742 8.55
      vertex -21.6772 1.98634 8.55
    endloop
  endfacet
  facet normal 0 0 -1
    outer loop
      vertex -22.0806 2.10869 8.55
      vertex 21.8759 2.05742 8.55
      vertex -21.8759 2.05742 8.55
    endloop
  endfacet
  facet normal 0 0 -1
    outer loop
      vertex 22.0806 2.10869 8.55
      vertex -22.0806 2.10869 8.55
      vertex 37.7 6.55 8.55
    endloop
  endfacet
  facet normal 0 0 -1
    outer loop
      vertex -37.7 6.55 8.55
      vertex -22.0806 2.10869 8.55
      vertex -22.2893 2.13965 8.55
    endloop
  endfacet
  facet normal 0 0 -1
    outer loop
      vertex -37.7 6.55 8.55
      vertex -22.2893 2.13965 8.55
      vertex -22.5 2.15 8.55
    endloop
  endfacet
  facet normal 0 0 -1
    outer loop
      vertex -37.7 6.55 8.55
      vertex -22.5 2.15 8.55
      vertex -22.7107 2.13965 8.55
    endloop
  endfacet
  facet normal 0 0 -1
    outer loop
      vertex -37.7 6.55 8.55
      vertex -24.65 0 8.55
      vertex -37.7 -6.55 8.55
    endloop
  endfacet
  facet normal 0 0 -1
    outer loop
      vertex -24.65 0 8.55
      vertex -37.7 6.55 8.55
      vertex -24.6396 0.210736 8.55
    endloop
  endfacet
  facet normal 0 0 -1
    outer loop
      vertex -24.6396 0.210736 8.55
      vertex -37.7 6.55 8.55
      vertex -24.6087 0.419444 8.55
    endloop
  endfacet
  facet normal 0 0 -1
    outer loop
      vertex -24.6087 0.419444 8.55
      vertex -37.7 6.55 8.55
      vertex -24.5574 0.624111 8.55
    endloop
  endfacet
  facet normal 0 0 -1
    outer loop
      vertex -24.5574 0.624111 8.55
      vertex -37.7 6.55 8.55
      vertex -24.4863 0.822769 8.55
    endloop
  endfacet
  facet normal 0 0 -1
    outer loop
      vertex -24.4863 0.822769 8.55
      vertex -37.7 6.55 8.55
      vertex -24.3961 1.0135 8.55
    endloop
  endfacet
  facet normal 0 0 -1
    outer loop
      vertex -24.3961 1.0135 8.55
      vertex -37.7 6.55 8.55
      vertex -24.2877 1.19448 8.55
    endloop
  endfacet
  facet normal 0 0 -1
    outer loop
      vertex -24.2877 1.19448 8.55
      vertex -37.7 6.55 8.55
      vertex -24.162 1.36395 8.55
    endloop
  endfacet
  facet normal 0 0 -1
    outer loop
      vertex -24.162 1.36395 8.55
      vertex -37.7 6.55 8.55
      vertex -24.0203 1.52028 8.55
    endloop
  endfacet
  facet normal 0 0 -1
    outer loop
      vertex -24.0203 1.52028 8.55
      vertex -37.7 6.55 8.55
      vertex -23.8639 1.66197 8.55
    endloop
  endfacet
  facet normal 0 0 -1
    outer loop
      vertex -23.8639 1.66197 8.55
      vertex -37.7 6.55 8.55
      vertex -23.6945 1.78766 8.55
    endloop
  endfacet
  facet normal 0 0 -1
    outer loop
      vertex -22.0806 2.10869 8.55
      vertex -37.7 6.55 8.55
      vertex 37.7 6.55 8.55
    endloop
  endfacet
  facet normal 0 0 -1
    outer loop
      vertex -22.9194 2.10869 8.55
      vertex -37.7 6.55 8.55
      vertex -22.7107 2.13965 8.55
    endloop
  endfacet
  facet normal 0 0 -1
    outer loop
      vertex -23.1241 2.05742 8.55
      vertex -37.7 6.55 8.55
      vertex -22.9194 2.10869 8.55
    endloop
  endfacet
  facet normal 0 0 -1
    outer loop
      vertex -23.3228 1.98634 8.55
      vertex -37.7 6.55 8.55
      vertex -23.1241 2.05742 8.55
    endloop
  endfacet
  facet normal 0 0 -1
    outer loop
      vertex -23.5135 1.89613 8.55
      vertex -37.7 6.55 8.55
      vertex -23.3228 1.98634 8.55
    endloop
  endfacet
  facet normal 0 0 -1
    outer loop
      vertex -23.6945 1.78766 8.55
      vertex -37.7 6.55 8.55
      vertex -23.5135 1.89613 8.55
    endloop
  endfacet
  facet normal 0 0 1
    outer loop
      vertex 37.7 6.55 -4.55
      vertex 24.65 0 -4.55
      vertex 37.7 -6.55 -4.55
    endloop
  endfacet
  facet normal 0 0 1
    outer loop
      vertex 37.7 6.55 -4.55
      vertex 24.6396 0.210736 -4.55
      vertex 24.65 0 -4.55
    endloop
  endfacet
  facet normal 0 0 1
    outer loop
      vertex 37.7 6.55 -4.55
      vertex 24.6087 0.419444 -4.55
      vertex 24.6396 0.210736 -4.55
    endloop
  endfacet
  facet normal 0 0 1
    outer loop
      vertex 37.7 6.55 -4.55
      vertex 24.5574 0.624111 -4.55
      vertex 24.6087 0.419444 -4.55
    endloop
  endfacet
  facet normal 0 0 1
    outer loop
      vertex 37.7 6.55 -4.55
      vertex 24.4863 0.822769 -4.55
      vertex 24.5574 0.624111 -4.55
    endloop
  endfacet
  facet normal 0 0 1
    outer loop
      vertex 37.7 6.55 -4.55
      vertex 24.3961 1.0135 -4.55
      vertex 24.4863 0.822769 -4.55
    endloop
  endfacet
  facet normal 0 0 1
    outer loop
      vertex 37.7 6.55 -4.55
      vertex 24.2877 1.19448 -4.55
      vertex 24.3961 1.0135 -4.55
    endloop
  endfacet
  facet normal 0 0 1
    outer loop
      vertex 37.7 6.55 -4.55
      vertex 24.162 1.36395 -4.55
      vertex 24.2877 1.19448 -4.55
    endloop
  endfacet
  facet normal 0 0 1
    outer loop
      vertex 37.7 6.55 -4.55
      vertex 24.0203 1.52028 -4.55
      vertex 24.162 1.36395 -4.55
    endloop
  endfacet
  facet normal 0 0 1
    outer loop
      vertex 37.7 6.55 -4.55
      vertex 23.8639 1.66197 -4.55
      vertex 24.0203 1.52028 -4.55
    endloop
  endfacet
  facet normal 0 0 1
    outer loop
      vertex 37.7 6.55 -4.55
      vertex 23.6945 1.78766 -4.55
      vertex 23.8639 1.66197 -4.55
    endloop
  endfacet
  facet normal 0 0 1
    outer loop
      vertex 37.7 6.55 -4.55
      vertex 23.5135 1.89613 -4.55
      vertex 23.6945 1.78766 -4.55
    endloop
  endfacet
  facet normal 0 0 1
    outer loop
      vertex 37.7 6.55 -4.55
      vertex 23.3228 1.98634 -4.55
      vertex 23.5135 1.89613 -4.55
    endloop
  endfacet
  facet normal 0 0 1
    outer loop
      vertex 37.7 6.55 -4.55
      vertex 23.1241 2.05742 -4.55
      vertex 23.3228 1.98634 -4.55
    endloop
  endfacet
  facet normal 0 0 1
    outer loop
      vertex 37.7 6.55 -4.55
      vertex 22.9194 2.10869 -4.55
      vertex 23.1241 2.05742 -4.55
    endloop
  endfacet
  facet normal 0 0 1
    outer loop
      vertex 37.7 6.55 -4.55
      vertex 22.7107 2.13965 -4.55
      vertex 22.9194 2.10869 -4.55
    endloop
  endfacet
  facet normal 0 0 1
    outer loop
      vertex 37.7 6.55 -4.55
      vertex 22.5 2.15 -4.55
      vertex 22.7107 2.13965 -4.55
    endloop
  endfacet
  facet normal 0 0 1
    outer loop
      vertex 37.7 6.55 -4.55
      vertex 22.2893 2.13965 -4.55
      vertex 22.5 2.15 -4.55
    endloop
  endfacet
  facet normal 0 0 1
    outer loop
      vertex 37.7 6.55 -4.55
      vertex 22.0806 2.10869 -4.55
      vertex 22.2893 2.13965 -4.55
    endloop
  endfacet
  facet normal 0 0 1
    outer loop
      vertex -22.0806 2.10869 -4.55
      vertex 22.0806 2.10869 -4.55
      vertex 37.7 6.55 -4.55
    endloop
  endfacet
  facet normal 0 0 1
    outer loop
      vertex 20.3604 0.210736 -4.55
      vertex -20.35 0 -4.55
      vertex 20.35 0 -4.55
    endloop
  endfacet
  facet normal 0 0 1
    outer loop
      vertex -20.3604 0.210736 -4.55
      vertex 20.3604 0.210736 -4.55
      vertex 20.3913 0.419444 -4.55
    endloop
  endfacet
  facet normal 0 0 1
    outer loop
      vertex -20.3913 0.419444 -4.55
      vertex 20.3913 0.419444 -4.55
      vertex 20.4426 0.624111 -4.55
    endloop
  endfacet
  facet normal 0 0 1
    outer loop
      vertex -20.4426 0.624111 -4.55
      vertex 20.4426 0.624111 -4.55
      vertex 20.5137 0.822769 -4.55
    endloop
  endfacet
  facet normal 0 0 1
    outer loop
      vertex -20.5137 0.822769 -4.55
      vertex 20.5137 0.822769 -4.55
      vertex 20.6039 1.0135 -4.55
    endloop
  endfacet
  facet normal 0 0 1
    outer loop
      vertex -20.6039 1.0135 -4.55
      vertex 20.6039 1.0135 -4.55
      vertex 20.7123 1.19448 -4.55
    endloop
  endfacet
  facet normal 0 0 1
    outer loop
      vertex -20.7123 1.19448 -4.55
      vertex 20.7123 1.19448 -4.55
      vertex 20.838 1.36395 -4.55
    endloop
  endfacet
  facet normal 0 0 1
    outer loop
      vertex -20.838 1.36395 -4.55
      vertex 20.838 1.36395 -4.55
      vertex 20.9797 1.52028 -4.55
    endloop
  endfacet
  facet normal 0 0 1
    outer loop
      vertex -20.9797 1.52028 -4.55
      vertex 20.9797 1.52028 -4.55
      vertex 21.1361 1.66197 -4.55
    endloop
  endfacet
  facet normal 0 0 1
    outer loop
      vertex -21.1361 1.66197 -4.55
      vertex 21.1361 1.66197 -4.55
      vertex 21.3055 1.78766 -4.55
    endloop
  endfacet
  facet normal 0 0 1
    outer loop
      vertex -21.3055 1.78766 -4.55
      vertex 21.3055 1.78766 -4.55
      vertex 21.4865 1.89613 -4.55
    endloop
  endfacet
  facet normal 0 0 1
    outer loop
      vertex -21.4865 1.89613 -4.55
      vertex 21.4865 1.89613 -4.55
      vertex 21.6772 1.98634 -4.55
    endloop
  endfacet
  facet normal 0 0 1
    outer loop
      vertex -21.6772 1.98634 -4.55
      vertex 21.6772 1.98634 -4.55
      vertex 21.8759 2.05742 -4.55
    endloop
  endfacet
  facet normal 0 0 1
    outer loop
      vertex 22.0806 2.10869 -4.55
      vertex -22.0806 2.10869 -4.55
      vertex 21.8759 2.05742 -4.55
    endloop
  endfacet
  facet normal 0 0 1
    outer loop
      vertex 20.3604 0.210736 -4.55
      vertex -20.3604 0.210736 -4.55
      vertex -20.35 0 -4.55
    endloop
  endfacet
  facet normal 0 0 1
    outer loop
      vertex 20.3913 0.419444 -4.55
      vertex -20.3913 0.419444 -4.55
      vertex -20.3604 0.210736 -4.55
    endloop
  endfacet
  facet normal 0 0 1
    outer loop
      vertex 20.4426 0.624111 -4.55
      vertex -20.4426 0.624111 -4.55
      vertex -20.3913 0.419444 -4.55
    endloop
  endfacet
  facet normal 0 0 1
    outer loop
      vertex 20.5137 0.822769 -4.55
      vertex -20.5137 0.822769 -4.55
      vertex -20.4426 0.624111 -4.55
    endloop
  endfacet
  facet normal 0 0 1
    outer loop
      vertex 20.6039 1.0135 -4.55
      vertex -20.6039 1.0135 -4.55
      vertex -20.5137 0.822769 -4.55
    endloop
  endfacet
  facet normal 0 0 1
    outer loop
      vertex 20.7123 1.19448 -4.55
      vertex -20.7123 1.19448 -4.55
      vertex -20.6039 1.0135 -4.55
    endloop
  endfacet
  facet normal 0 0 1
    outer loop
      vertex 20.838 1.36395 -4.55
      vertex -20.838 1.36395 -4.55
      vertex -20.7123 1.19448 -4.55
    endloop
  endfacet
  facet normal 0 0 1
    outer loop
      vertex 20.9797 1.52028 -4.55
      vertex -20.9797 1.52028 -4.55
      vertex -20.838 1.36395 -4.55
    endloop
  endfacet
  facet normal 0 0 1
    outer loop
      vertex 21.1361 1.66197 -4.55
      vertex -21.1361 1.66197 -4.55
      vertex -20.9797 1.52028 -4.55
    endloop
  endfacet
  facet normal 0 0 1
    outer loop
      vertex 21.3055 1.78766 -4.55
      vertex -21.3055 1.78766 -4.55
      vertex -21.1361 1.66197 -4.55
    endloop
  endfacet
  facet normal 0 0 1
    outer loop
      vertex 21.4865 1.89613 -4.55
      vertex -21.4865 1.89613 -4.55
      vertex -21.3055 1.78766 -4.55
    endloop
  endfacet
  facet normal 0 0 1
    outer loop
      vertex 21.6772 1.98634 -4.55
      vertex -21.6772 1.98634 -4.55
      vertex -21.4865 1.89613 -4.55
    endloop
  endfacet
  facet normal 0 0 1
    outer loop
      vertex 21.8759 2.05742 -4.55
      vertex -21.8759 2.05742 -4.55
      vertex -21.6772 1.98634 -4.55
    endloop
  endfacet
  facet normal 0 0 1
    outer loop
      vertex 21.8759 2.05742 -4.55
      vertex -22.0806 2.10869 -4.55
      vertex -21.8759 2.05742 -4.55
    endloop
  endfacet
  facet normal -0 0 1
    outer loop
      vertex -37.7 6.55 -4.55
      vertex -22.0806 2.10869 -4.55
      vertex 37.7 6.55 -4.55
    endloop
  endfacet
  facet normal 0 0 1
    outer loop
      vertex -22.0806 2.10869 -4.55
      vertex -37.7 6.55 -4.55
      vertex -22.2893 2.13965 -4.55
    endloop
  endfacet
  facet normal 0 0 1
    outer loop
      vertex -22.2893 2.13965 -4.55
      vertex -37.7 6.55 -4.55
      vertex -22.5 2.15 -4.55
    endloop
  endfacet
  facet normal 0 0 1
    outer loop
      vertex -24.6396 0.210736 -4.55
      vertex -37.7 6.55 -4.55
      vertex -24.65 0 -4.55
    endloop
  endfacet
  facet normal 0 0 1
    outer loop
      vertex -24.6087 0.419444 -4.55
      vertex -37.7 6.55 -4.55
      vertex -24.6396 0.210736 -4.55
    endloop
  endfacet
  facet normal 0 0 1
    outer loop
      vertex -24.5574 0.624111 -4.55
      vertex -37.7 6.55 -4.55
      vertex -24.6087 0.419444 -4.55
    endloop
  endfacet
  facet normal 0 0 1
    outer loop
      vertex -24.4863 0.822769 -4.55
      vertex -37.7 6.55 -4.55
      vertex -24.5574 0.624111 -4.55
    endloop
  endfacet
  facet normal 0 0 1
    outer loop
      vertex -24.3961 1.0135 -4.55
      vertex -37.7 6.55 -4.55
      vertex -24.4863 0.822769 -4.55
    endloop
  endfacet
  facet normal 0 0 1
    outer loop
      vertex -24.2877 1.19448 -4.55
      vertex -37.7 6.55 -4.55
      vertex -24.3961 1.0135 -4.55
    endloop
  endfacet
  facet normal 0 0 1
    outer loop
      vertex -24.162 1.36395 -4.55
      vertex -37.7 6.55 -4.55
      vertex -24.2877 1.19448 -4.55
    endloop
  endfacet
  facet normal 0 0 1
    outer loop
      vertex -24.0203 1.52028 -4.55
      vertex -37.7 6.55 -4.55
      vertex -24.162 1.36395 -4.55
    endloop
  endfacet
  facet normal 0 0 1
    outer loop
      vertex -23.8639 1.66197 -4.55
      vertex -37.7 6.55 -4.55
      vertex -24.0203 1.52028 -4.55
    endloop
  endfacet
  facet normal 0 0 1
    outer loop
      vertex -23.6945 1.78766 -4.55
      vertex -37.7 6.55 -4.55
      vertex -23.8639 1.66197 -4.55
    endloop
  endfacet
  facet normal 0 0 1
    outer loop
      vertex -23.5135 1.89613 -4.55
      vertex -37.7 6.55 -4.55
      vertex -23.6945 1.78766 -4.55
    endloop
  endfacet
  facet normal 0 0 1
    outer loop
      vertex -23.3228 1.98634 -4.55
      vertex -37.7 6.55 -4.55
      vertex -23.5135 1.89613 -4.55
    endloop
  endfacet
  facet normal 0 0 1
    outer loop
      vertex -23.1241 2.05742 -4.55
      vertex -37.7 6.55 -4.55
      vertex -23.3228 1.98634 -4.55
    endloop
  endfacet
  facet normal 0 0 1
    outer loop
      vertex -22.9194 2.10869 -4.55
      vertex -37.7 6.55 -4.55
      vertex -23.1241 2.05742 -4.55
    endloop
  endfacet
  facet normal 0 0 1
    outer loop
      vertex -22.7107 2.13965 -4.55
      vertex -37.7 6.55 -4.55
      vertex -22.9194 2.10869 -4.55
    endloop
  endfacet
  facet normal 0 0 1
    outer loop
      vertex -22.5 2.15 -4.55
      vertex -37.7 6.55 -4.55
      vertex -22.7107 2.13965 -4.55
    endloop
  endfacet
  facet normal -0 0 1
    outer loop
      vertex 24.6396 -0.210736 -4.55
      vertex 37.7 -6.55 -4.55
      vertex 24.65 0 -4.55
    endloop
  endfacet
  facet normal -0 0 1
    outer loop
      vertex 24.6087 -0.419444 -4.55
      vertex 37.7 -6.55 -4.55
      vertex 24.6396 -0.210736 -4.55
    endloop
  endfacet
  facet normal -0 0 1
    outer loop
      vertex 24.5574 -0.624111 -4.55
      vertex 37.7 -6.55 -4.55
      vertex 24.6087 -0.419444 -4.55
    endloop
  endfacet
  facet normal -0 0 1
    outer loop
      vertex 24.4863 -0.822769 -4.55
      vertex 37.7 -6.55 -4.55
      vertex 24.5574 -0.624111 -4.55
    endloop
  endfacet
  facet normal -0 0 1
    outer loop
      vertex 24.3961 -1.0135 -4.55
      vertex 37.7 -6.55 -4.55
      vertex 24.4863 -0.822769 -4.55
    endloop
  endfacet
  facet normal -0 0 1
    outer loop
      vertex 24.2877 -1.19448 -4.55
      vertex 37.7 -6.55 -4.55
      vertex 24.3961 -1.0135 -4.55
    endloop
  endfacet
  facet normal -0 0 1
    outer loop
      vertex 24.162 -1.36395 -4.55
      vertex 37.7 -6.55 -4.55
      vertex 24.2877 -1.19448 -4.55
    endloop
  endfacet
  facet normal -0 0 1
    outer loop
      vertex 24.0203 -1.52028 -4.55
      vertex 37.7 -6.55 -4.55
      vertex 24.162 -1.36395 -4.55
    endloop
  endfacet
  facet normal -0 0 1
    outer loop
      vertex 23.8639 -1.66197 -4.55
      vertex 37.7 -6.55 -4.55
      vertex 24.0203 -1.52028 -4.55
    endloop
  endfacet
  facet normal -0 0 1
    outer loop
      vertex 23.6945 -1.78766 -4.55
      vertex 37.7 -6.55 -4.55
      vertex 23.8639 -1.66197 -4.55
    endloop
  endfacet
  facet normal -0 0 1
    outer loop
      vertex 23.5135 -1.89613 -4.55
      vertex 37.7 -6.55 -4.55
      vertex 23.6945 -1.78766 -4.55
    endloop
  endfacet
  facet normal -0 0 1
    outer loop
      vertex 23.3228 -1.98634 -4.55
      vertex 37.7 -6.55 -4.55
      vertex 23.5135 -1.89613 -4.55
    endloop
  endfacet
  facet normal -0 0 1
    outer loop
      vertex 23.1241 -2.05742 -4.55
      vertex 37.7 -6.55 -4.55
      vertex 23.3228 -1.98634 -4.55
    endloop
  endfacet
  facet normal -0 0 1
    outer loop
      vertex 22.9194 -2.10869 -4.55
      vertex 37.7 -6.55 -4.55
      vertex 23.1241 -2.05742 -4.55
    endloop
  endfacet
  facet normal -0 0 1
    outer loop
      vertex 22.7107 -2.13965 -4.55
      vertex 37.7 -6.55 -4.55
      vertex 22.9194 -2.10869 -4.55
    endloop
  endfacet
  facet normal -0 0 1
    outer loop
      vertex 22.5 -2.15 -4.55
      vertex 37.7 -6.55 -4.55
      vertex 22.7107 -2.13965 -4.55
    endloop
  endfacet
  facet normal 0 0 1
    outer loop
      vertex 22.2893 -2.13965 -4.55
      vertex 37.7 -6.55 -4.55
      vertex 22.5 -2.15 -4.55
    endloop
  endfacet
  facet normal 0 0 1
    outer loop
      vertex 22.0806 -2.10869 -4.55
      vertex 37.7 -6.55 -4.55
      vertex 22.2893 -2.13965 -4.55
    endloop
  endfacet
  facet normal 0 0 1
    outer loop
      vertex -22.0806 -2.10869 -4.55
      vertex 22.0806 -2.10869 -4.55
      vertex 21.8759 -2.05742 -4.55
    endloop
  endfacet
  facet normal -0 0 1
    outer loop
      vertex -20.35 0 -4.55
      vertex 20.3604 -0.210736 -4.55
      vertex 20.35 0 -4.55
    endloop
  endfacet
  facet normal 0 0 1
    outer loop
      vertex -20.3604 -0.210736 -4.55
      vertex 20.3604 -0.210736 -4.55
      vertex -20.35 0 -4.55
    endloop
  endfacet
  facet normal 0 0 1
    outer loop
      vertex 20.3604 -0.210736 -4.55
      vertex -20.3604 -0.210736 -4.55
      vertex 20.3913 -0.419444 -4.55
    endloop
  endfacet
  facet normal 0 0 1
    outer loop
      vertex -20.3913 -0.419444 -4.55
      vertex 20.3913 -0.419444 -4.55
      vertex -20.3604 -0.210736 -4.55
    endloop
  endfacet
  facet normal 0 0 1
    outer loop
      vertex 20.3913 -0.419444 -4.55
      vertex -20.3913 -0.419444 -4.55
      vertex 20.4426 -0.624111 -4.55
    endloop
  endfacet
  facet normal 0 0 1
    outer loop
      vertex -20.4426 -0.624111 -4.55
      vertex 20.4426 -0.624111 -4.55
      vertex -20.3913 -0.419444 -4.55
    endloop
  endfacet
  facet normal 0 0 1
    outer loop
      vertex 20.4426 -0.624111 -4.55
      vertex -20.4426 -0.624111 -4.55
      vertex 20.5137 -0.822769 -4.55
    endloop
  endfacet
  facet normal 0 0 1
    outer loop
      vertex -20.5137 -0.822769 -4.55
      vertex 20.5137 -0.822769 -4.55
      vertex -20.4426 -0.624111 -4.55
    endloop
  endfacet
  facet normal 0 0 1
    outer loop
      vertex 20.5137 -0.822769 -4.55
      vertex -20.5137 -0.822769 -4.55
      vertex 20.6039 -1.0135 -4.55
    endloop
  endfacet
  facet normal 0 0 1
    outer loop
      vertex -20.6039 -1.0135 -4.55
      vertex 20.6039 -1.0135 -4.55
      vertex -20.5137 -0.822769 -4.55
    endloop
  endfacet
  facet normal 0 0 1
    outer loop
      vertex 20.6039 -1.0135 -4.55
      vertex -20.6039 -1.0135 -4.55
      vertex 20.7123 -1.19448 -4.55
    endloop
  endfacet
  facet normal 0 0 1
    outer loop
      vertex -20.7123 -1.19448 -4.55
      vertex 20.7123 -1.19448 -4.55
      vertex -20.6039 -1.0135 -4.55
    endloop
  endfacet
  facet normal 0 0 1
    outer loop
      vertex 20.7123 -1.19448 -4.55
      vertex -20.7123 -1.19448 -4.55
      vertex 20.838 -1.36395 -4.55
    endloop
  endfacet
  facet normal 0 0 1
    outer loop
      vertex -20.838 -1.36395 -4.55
      vertex 20.838 -1.36395 -4.55
      vertex -20.7123 -1.19448 -4.55
    endloop
  endfacet
  facet normal 0 0 1
    outer loop
      vertex 20.838 -1.36395 -4.55
      vertex -20.838 -1.36395 -4.55
      vertex 20.9797 -1.52028 -4.55
    endloop
  endfacet
  facet normal 0 0 1
    outer loop
      vertex -20.9797 -1.52028 -4.55
      vertex 20.9797 -1.52028 -4.55
      vertex -20.838 -1.36395 -4.55
    endloop
  endfacet
  facet normal 0 0 1
    outer loop
      vertex 20.9797 -1.52028 -4.55
      vertex -20.9797 -1.52028 -4.55
      vertex 21.1361 -1.66197 -4.55
    endloop
  endfacet
  facet normal 0 0 1
    outer loop
      vertex -21.1361 -1.66197 -4.55
      vertex 21.1361 -1.66197 -4.55
      vertex -20.9797 -1.52028 -4.55
    endloop
  endfacet
  facet normal 0 0 1
    outer loop
      vertex 21.1361 -1.66197 -4.55
      vertex -21.1361 -1.66197 -4.55
      vertex 21.3055 -1.78766 -4.55
    endloop
  endfacet
  facet normal 0 0 1
    outer loop
      vertex -21.3055 -1.78766 -4.55
      vertex 21.3055 -1.78766 -4.55
      vertex -21.1361 -1.66197 -4.55
    endloop
  endfacet
  facet normal 0 0 1
    outer loop
      vertex 21.3055 -1.78766 -4.55
      vertex -21.3055 -1.78766 -4.55
      vertex 21.4865 -1.89613 -4.55
    endloop
  endfacet
  facet normal 0 0 1
    outer loop
      vertex -21.4865 -1.89613 -4.55
      vertex 21.4865 -1.89613 -4.55
      vertex -21.3055 -1.78766 -4.55
    endloop
  endfacet
  facet normal 0 0 1
    outer loop
      vertex 21.4865 -1.89613 -4.55
      vertex -21.4865 -1.89613 -4.55
      vertex 21.6772 -1.98634 -4.55
    endloop
  endfacet
  facet normal 0 0 1
    outer loop
      vertex -21.6772 -1.98634 -4.55
      vertex 21.6772 -1.98634 -4.55
      vertex -21.4865 -1.89613 -4.55
    endloop
  endfacet
  facet normal 0 0 1
    outer loop
      vertex 21.6772 -1.98634 -4.55
      vertex -21.6772 -1.98634 -4.55
      vertex 21.8759 -2.05742 -4.55
    endloop
  endfacet
  facet normal 0 0 1
    outer loop
      vertex -21.8759 -2.05742 -4.55
      vertex 21.8759 -2.05742 -4.55
      vertex -21.6772 -1.98634 -4.55
    endloop
  endfacet
  facet normal 0 0 1
    outer loop
      vertex -22.0806 -2.10869 -4.55
      vertex 21.8759 -2.05742 -4.55
      vertex -21.8759 -2.05742 -4.55
    endloop
  endfacet
  facet normal 0 0 1
    outer loop
      vertex 22.0806 -2.10869 -4.55
      vertex -22.0806 -2.10869 -4.55
      vertex 37.7 -6.55 -4.55
    endloop
  endfacet
  facet normal 0 0 1
    outer loop
      vertex -37.7 -6.55 -4.55
      vertex -22.0806 -2.10869 -4.55
      vertex -22.2893 -2.13965 -4.55
    endloop
  endfacet
  facet normal 0 0 1
    outer loop
      vertex -37.7 -6.55 -4.55
      vertex -22.2893 -2.13965 -4.55
      vertex -22.5 -2.15 -4.55
    endloop
  endfacet
  facet normal 0 0 1
    outer loop
      vertex -37.7 -6.55 -4.55
      vertex -22.5 -2.15 -4.55
      vertex -22.7107 -2.13965 -4.55
    endloop
  endfacet
  facet normal 0 0 1
    outer loop
      vertex -37.7 -6.55 -4.55
      vertex -24.65 0 -4.55
      vertex -37.7 6.55 -4.55
    endloop
  endfacet
  facet normal 0 0 1
    outer loop
      vertex -24.65 0 -4.55
      vertex -37.7 -6.55 -4.55
      vertex -24.6396 -0.210736 -4.55
    endloop
  endfacet
  facet normal 0 0 1
    outer loop
      vertex -24.6396 -0.210736 -4.55
      vertex -37.7 -6.55 -4.55
      vertex -24.6087 -0.419444 -4.55
    endloop
  endfacet
  facet normal 0 0 1
    outer loop
      vertex -24.6087 -0.419444 -4.55
      vertex -37.7 -6.55 -4.55
      vertex -24.5574 -0.624111 -4.55
    endloop
  endfacet
  facet normal 0 0 1
    outer loop
      vertex -24.5574 -0.624111 -4.55
      vertex -37.7 -6.55 -4.55
      vertex -24.4863 -0.822769 -4.55
    endloop
  endfacet
  facet normal 0 0 1
    outer loop
      vertex -24.4863 -0.822769 -4.55
      vertex -37.7 -6.55 -4.55
      vertex -24.3961 -1.0135 -4.55
    endloop
  endfacet
  facet normal 0 0 1
    outer loop
      vertex -24.3961 -1.0135 -4.55
      vertex -37.7 -6.55 -4.55
      vertex -24.2877 -1.19448 -4.55
    endloop
  endfacet
  facet normal 0 0 1
    outer loop
      vertex -24.2877 -1.19448 -4.55
      vertex -37.7 -6.55 -4.55
      vertex -24.162 -1.36395 -4.55
    endloop
  endfacet
  facet normal 0 0 1
    outer loop
      vertex -24.162 -1.36395 -4.55
      vertex -37.7 -6.55 -4.55
      vertex -24.0203 -1.52028 -4.55
    endloop
  endfacet
  facet normal 0 0 1
    outer loop
      vertex -24.0203 -1.52028 -4.55
      vertex -37.7 -6.55 -4.55
      vertex -23.8639 -1.66197 -4.55
    endloop
  endfacet
  facet normal 0 0 1
    outer loop
      vertex -23.8639 -1.66197 -4.55
      vertex -37.7 -6.55 -4.55
      vertex -23.6945 -1.78766 -4.55
    endloop
  endfacet
  facet normal 0 0 1
    outer loop
      vertex -22.0806 -2.10869 -4.55
      vertex -37.7 -6.55 -4.55
      vertex 37.7 -6.55 -4.55
    endloop
  endfacet
  facet normal 0 0 1
    outer loop
      vertex -22.9194 -2.10869 -4.55
      vertex -37.7 -6.55 -4.55
      vertex -22.7107 -2.13965 -4.55
    endloop
  endfacet
  facet normal 0 0 1
    outer loop
      vertex -23.1241 -2.05742 -4.55
      vertex -37.7 -6.55 -4.55
      vertex -22.9194 -2.10869 -4.55
    endloop
  endfacet
  facet normal 0 0 1
    outer loop
      vertex -23.3228 -1.98634 -4.55
      vertex -37.7 -6.55 -4.55
      vertex -23.1241 -2.05742 -4.55
    endloop
  endfacet
  facet normal 0 0 1
    outer loop
      vertex -23.5135 -1.89613 -4.55
      vertex -37.7 -6.55 -4.55
      vertex -23.3228 -1.98634 -4.55
    endloop
  endfacet
  facet normal 0 0 1
    outer loop
      vertex -23.6945 -1.78766 -4.55
      vertex -37.7 -6.55 -4.55
      vertex -23.5135 -1.89613 -4.55
    endloop
  endfacet
  facet normal 1 -0 0
    outer loop
      vertex -37.7 -6.55 8.55
      vertex -37.7 6.55 -4.55
      vertex -37.7 6.55 8.55
    endloop
  endfacet
  facet normal 1 0 0
    outer loop
      vertex -37.7 6.55 -4.55
      vertex -37.7 -6.55 8.55
      vertex -37.7 -6.55 -4.55
    endloop
  endfacet
  facet normal 0 -1 0
    outer loop
      vertex 10 6.55 -0.78643
      vertex 10 6.55 -3
      vertex 20 6.55 -0.78643
    endloop
  endfacet
  facet normal 0 -1 0
    outer loop
      vertex -37.7 6.55 8.55
      vertex -10 6.55 3
      vertex 37.7 6.55 8.55
    endloop
  endfacet
  facet normal 0 -1 0
    outer loop
      vertex -37.7 6.55 8.55
      vertex -20 6.55 0.78643
      vertex -10 6.55 3
    endloop
  endfacet
  facet normal 0 -1 0
    outer loop
      vertex -37.7 6.55 -4.55
      vertex -20 6.55 0.78643
      vertex -37.7 6.55 8.55
    endloop
  endfacet
  facet normal 0 -1 0
    outer loop
      vertex -20 6.55 -0.78643
      vertex -10 6.55 -3
      vertex -10 6.55 -0.78643
    endloop
  endfacet
  facet normal 0 -1 -0
    outer loop
      vertex -10 6.55 -3
      vertex -37.7 6.55 -4.55
      vertex 10 6.55 -3
    endloop
  endfacet
  facet normal 0 -1 -0
    outer loop
      vertex -20 6.55 -0.78643
      vertex -37.7 6.55 -4.55
      vertex -10 6.55 -3
    endloop
  endfacet
  facet normal 0 -1 -0
    outer loop
      vertex -20 6.55 0.78643
      vertex -37.7 6.55 -4.55
      vertex -20 6.55 -0.78643
    endloop
  endfacet
  facet normal 0 -1 0
    outer loop
      vertex 10 6.55 3
      vertex 37.7 6.55 8.55
      vertex -10 6.55 3
    endloop
  endfacet
  facet normal 0 -1 0
    outer loop
      vertex 20 6.55 0.78643
      vertex 10 6.55 3
      vertex 10 6.55 0.78643
    endloop
  endfacet
  facet normal 0 -1 0
    outer loop
      vertex 10 6.55 3
      vertex 20 6.55 0.78643
      vertex 37.7 6.55 8.55
    endloop
  endfacet
  facet normal 0 -1 0
    outer loop
      vertex 37.7 6.55 -4.55
      vertex 20 6.55 0.78643
      vertex 20 6.55 -0.78643
    endloop
  endfacet
  facet normal 0 -1 0
    outer loop
      vertex 20 6.55 0.78643
      vertex 37.7 6.55 -4.55
      vertex 37.7 6.55 8.55
    endloop
  endfacet
  facet normal 0 -1 0
    outer loop
      vertex 10 6.55 -3
      vertex 37.7 6.55 -4.55
      vertex 20 6.55 -0.78643
    endloop
  endfacet
  facet normal 0 -1 0
    outer loop
      vertex 37.7 6.55 -4.55
      vertex 10 6.55 -3
      vertex -37.7 6.55 -4.55
    endloop
  endfacet
  facet normal 0 -1 -0
    outer loop
      vertex -10 6.55 3
      vertex -20 6.55 0.78643
      vertex -10 6.55 0.78643
    endloop
  endfacet
  facet normal 0 1 0
    outer loop
      vertex 37.7 -6.55 8.55
      vertex 10 -6.55 3
      vertex -37.7 -6.55 8.55
    endloop
  endfacet
  facet normal 0 1 0
    outer loop
      vertex 37.7 -6.55 8.55
      vertex 20 -6.55 0.78643
      vertex 10 -6.55 3
    endloop
  endfacet
  facet normal 0 1 -0
    outer loop
      vertex 37.7 -6.55 -4.55
      vertex 20 -6.55 0.78643
      vertex 37.7 -6.55 8.55
    endloop
  endfacet
  facet normal 0 1 0
    outer loop
      vertex 20 -6.55 -0.78643
      vertex 10 -6.55 -3
      vertex 10 -6.55 -0.78643
    endloop
  endfacet
  facet normal 0 1 0
    outer loop
      vertex 10 -6.55 -3
      vertex 37.7 -6.55 -4.55
      vertex -10 -6.55 -3
    endloop
  endfacet
  facet normal 0 1 0
    outer loop
      vertex 20 -6.55 -0.78643
      vertex 37.7 -6.55 -4.55
      vertex 10 -6.55 -3
    endloop
  endfacet
  facet normal 0 1 0
    outer loop
      vertex 20 -6.55 0.78643
      vertex 37.7 -6.55 -4.55
      vertex 20 -6.55 -0.78643
    endloop
  endfacet
  facet normal 0 1 -0
    outer loop
      vertex -10 -6.55 3
      vertex -37.7 -6.55 8.55
      vertex 10 -6.55 3
    endloop
  endfacet
  facet normal 0 1 0
    outer loop
      vertex -20 -6.55 0.78643
      vertex -10 -6.55 3
      vertex -10 -6.55 0.78643
    endloop
  endfacet
  facet normal 0 1 0
    outer loop
      vertex -10 -6.55 3
      vertex -20 -6.55 0.78643
      vertex -37.7 -6.55 8.55
    endloop
  endfacet
  facet normal 0 1 0
    outer loop
      vertex -37.7 -6.55 -4.55
      vertex -20 -6.55 0.78643
      vertex -20 -6.55 -0.78643
    endloop
  endfacet
  facet normal 0 1 0
    outer loop
      vertex -20 -6.55 0.78643
      vertex -37.7 -6.55 -4.55
      vertex -37.7 -6.55 8.55
    endloop
  endfacet
  facet normal 0 1 0
    outer loop
      vertex -10 -6.55 -3
      vertex -37.7 -6.55 -4.55
      vertex -20 -6.55 -0.78643
    endloop
  endfacet
  facet normal 0 1 0
    outer loop
      vertex -37.7 -6.55 -4.55
      vertex -10 -6.55 -3
      vertex 37.7 -6.55 -4.55
    endloop
  endfacet
  facet normal 0 1 0
    outer loop
      vertex 10 -6.55 3
      vertex 20 -6.55 0.78643
      vertex 10 -6.55 0.78643
    endloop
  endfacet
  facet normal 0 1 0
    outer loop
      vertex -10 -6.55 -0.78643
      vertex -10 -6.55 -3
      vertex -20 -6.55 -0.78643
    endloop
  endfacet
  facet normal -1 0 0
    outer loop
      vertex 10 12.35 -3
      vertex 10 9.65 0
      vertex 10 12.35 3
    endloop
  endfacet
  facet normal -1 0 0
    outer loop
      vertex 10 12.35 -3
      vertex 10 9.64205 -0.161728
      vertex 10 9.65 0
    endloop
  endfacet
  facet normal -1 0 0
    outer loop
      vertex 10 12.35 -3
      vertex 10 9.6183 -0.321898
      vertex 10 9.64205 -0.161728
    endloop
  endfacet
  facet normal -1 0 0
    outer loop
      vertex 10 12.35 -3
      vertex 10 9.57895 -0.47897
      vertex 10 9.6183 -0.321898
    endloop
  endfacet
  facet normal -1 0 0
    outer loop
      vertex 10 12.35 -3
      vertex 10 9.5244 -0.631427
      vertex 10 9.57895 -0.47897
    endloop
  endfacet
  facet normal -1 0 0
    outer loop
      vertex 10 12.35 -3
      vertex 10 9.45517 -0.777804
      vertex 10 9.5244 -0.631427
    endloop
  endfacet
  facet normal -1 0 0
    outer loop
      vertex 10 12.35 -3
      vertex 10 9.37192 -0.916691
      vertex 10 9.45517 -0.777804
    endloop
  endfacet
  facet normal -1 0 0
    outer loop
      vertex 10 12.35 -3
      vertex 10 9.27547 -1.04675
      vertex 10 9.37192 -0.916691
    endloop
  endfacet
  facet normal -1 0 0
    outer loop
      vertex 10 12.35 -3
      vertex 10 9.16673 -1.16673
      vertex 10 9.27547 -1.04675
    endloop
  endfacet
  facet normal -1 0 0
    outer loop
      vertex 10 12.35 -3
      vertex 10 9.04675 -1.27547
      vertex 10 9.16673 -1.16673
    endloop
  endfacet
  facet normal -1 0 0
    outer loop
      vertex 10 12.35 -3
      vertex 10 8.91669 -1.37192
      vertex 10 9.04675 -1.27547
    endloop
  endfacet
  facet normal -1 0 0
    outer loop
      vertex 10 12.35 -3
      vertex 10 8.7778 -1.45517
      vertex 10 8.91669 -1.37192
    endloop
  endfacet
  facet normal -1 0 0
    outer loop
      vertex 10 12.35 -3
      vertex 10 8.63143 -1.5244
      vertex 10 8.7778 -1.45517
    endloop
  endfacet
  facet normal -1 0 0
    outer loop
      vertex 10 12.35 -3
      vertex 10 8.47897 -1.57895
      vertex 10 8.63143 -1.5244
    endloop
  endfacet
  facet normal -1 0 0
    outer loop
      vertex 10 6.55 -3
      vertex 10 8.47897 -1.57895
      vertex 10 12.35 -3
    endloop
  endfacet
  facet normal -1 0 0
    outer loop
      vertex 10 8.47897 -1.57895
      vertex 10 6.55 -3
      vertex 10 8.3219 -1.6183
    endloop
  endfacet
  facet normal -1 0 0
    outer loop
      vertex 10 8.3219 -1.6183
      vertex 10 6.55 -3
      vertex 10 8.16173 -1.64205
    endloop
  endfacet
  facet normal -1 0 0
    outer loop
      vertex 10 8.16173 -1.64205
      vertex 10 6.55 -3
      vertex 10 8 -1.65
    endloop
  endfacet
  facet normal -1 -0 0
    outer loop
      vertex 10 8 -1.65
      vertex 10 6.55 -3
      vertex 10 7.83827 -1.64205
    endloop
  endfacet
  facet normal -1 -0 0
    outer loop
      vertex 10 7.83827 -1.64205
      vertex 10 6.55 -3
      vertex 10 7.6781 -1.6183
    endloop
  endfacet
  facet normal -1 -0 0
    outer loop
      vertex 10 7.6781 -1.6183
      vertex 10 6.55 -3
      vertex 10 7.52103 -1.57895
    endloop
  endfacet
  facet normal -1 0 0
    outer loop
      vertex 10 6.55 -3
      vertex 10 7.36857 -1.5244
      vertex 10 7.52103 -1.57895
    endloop
  endfacet
  facet normal -1 0 0
    outer loop
      vertex 10 6.55 -3
      vertex 10 7.22219 -1.45517
      vertex 10 7.36857 -1.5244
    endloop
  endfacet
  facet normal -1 0 0
    outer loop
      vertex 10 6.55 -3
      vertex 10 7.08331 -1.37192
      vertex 10 7.22219 -1.45517
    endloop
  endfacet
  facet normal -1 0 0
    outer loop
      vertex 10 6.55 -3
      vertex 10 6.95325 -1.27547
      vertex 10 7.08331 -1.37192
    endloop
  endfacet
  facet normal -1 0 0
    outer loop
      vertex 10 6.55 -3
      vertex 10 6.83327 -1.16673
      vertex 10 6.95325 -1.27547
    endloop
  endfacet
  facet normal -1 0 0
    outer loop
      vertex 10 6.55 -3
      vertex 10 6.72453 -1.04675
      vertex 10 6.83327 -1.16673
    endloop
  endfacet
  facet normal -1 0 0
    outer loop
      vertex 10 6.55 -3
      vertex 10 6.62807 -0.916691
      vertex 10 6.72453 -1.04675
    endloop
  endfacet
  facet normal -1 -0 0
    outer loop
      vertex 10 6.62807 -0.916691
      vertex 10 6.55 -3
      vertex 10 6.55 -0.78643
    endloop
  endfacet
  facet normal -1 0 0
    outer loop
      vertex 10 9.64205 0.161728
      vertex 10 12.35 3
      vertex 10 9.65 0
    endloop
  endfacet
  facet normal -1 0 0
    outer loop
      vertex 10 9.6183 0.321898
      vertex 10 12.35 3
      vertex 10 9.64205 0.161728
    endloop
  endfacet
  facet normal -1 0 0
    outer loop
      vertex 10 9.57895 0.47897
      vertex 10 12.35 3
      vertex 10 9.6183 0.321898
    endloop
  endfacet
  facet normal -1 0 0
    outer loop
      vertex 10 9.5244 0.631427
      vertex 10 12.35 3
      vertex 10 9.57895 0.47897
    endloop
  endfacet
  facet normal -1 0 0
    outer loop
      vertex 10 9.45517 0.777804
      vertex 10 12.35 3
      vertex 10 9.5244 0.631427
    endloop
  endfacet
  facet normal -1 0 0
    outer loop
      vertex 10 9.37192 0.916691
      vertex 10 12.35 3
      vertex 10 9.45517 0.777804
    endloop
  endfacet
  facet normal -1 0 0
    outer loop
      vertex 10 9.27547 1.04675
      vertex 10 12.35 3
      vertex 10 9.37192 0.916691
    endloop
  endfacet
  facet normal -1 0 0
    outer loop
      vertex 10 9.16673 1.16673
      vertex 10 12.35 3
      vertex 10 9.27547 1.04675
    endloop
  endfacet
  facet normal -1 0 0
    outer loop
      vertex 10 9.04675 1.27547
      vertex 10 12.35 3
      vertex 10 9.16673 1.16673
    endloop
  endfacet
  facet normal -1 0 0
    outer loop
      vertex 10 8.91669 1.37192
      vertex 10 12.35 3
      vertex 10 9.04675 1.27547
    endloop
  endfacet
  facet normal -1 0 0
    outer loop
      vertex 10 8.7778 1.45517
      vertex 10 12.35 3
      vertex 10 8.91669 1.37192
    endloop
  endfacet
  facet normal -1 0 0
    outer loop
      vertex 10 8.63143 1.5244
      vertex 10 12.35 3
      vertex 10 8.7778 1.45517
    endloop
  endfacet
  facet normal -1 0 0
    outer loop
      vertex 10 8.47897 1.57895
      vertex 10 12.35 3
      vertex 10 8.63143 1.5244
    endloop
  endfacet
  facet normal -1 0 0
    outer loop
      vertex 10 6.55 3
      vertex 10 8.47897 1.57895
      vertex 10 8.3219 1.6183
    endloop
  endfacet
  facet normal -1 0 0
    outer loop
      vertex 10 6.55 3
      vertex 10 8.3219 1.6183
      vertex 10 8.16173 1.64205
    endloop
  endfacet
  facet normal -1 0 0
    outer loop
      vertex 10 6.55 3
      vertex 10 8.16173 1.64205
      vertex 10 8 1.65
    endloop
  endfacet
  facet normal -1 0 0
    outer loop
      vertex 10 6.55 3
      vertex 10 8 1.65
      vertex 10 7.83827 1.64205
    endloop
  endfacet
  facet normal -1 0 0
    outer loop
      vertex 10 6.55 3
      vertex 10 7.83827 1.64205
      vertex 10 7.6781 1.6183
    endloop
  endfacet
  facet normal -1 0 0
    outer loop
      vertex 10 6.55 3
      vertex 10 7.6781 1.6183
      vertex 10 7.52103 1.57895
    endloop
  endfacet
  facet normal -1 0 0
    outer loop
      vertex 10 8.47897 1.57895
      vertex 10 6.55 3
      vertex 10 12.35 3
    endloop
  endfacet
  facet normal -1 0 0
    outer loop
      vertex 10 7.36857 1.5244
      vertex 10 6.55 3
      vertex 10 7.52103 1.57895
    endloop
  endfacet
  facet normal -1 0 0
    outer loop
      vertex 10 7.22219 1.45517
      vertex 10 6.55 3
      vertex 10 7.36857 1.5244
    endloop
  endfacet
  facet normal -1 0 0
    outer loop
      vertex 10 7.08331 1.37192
      vertex 10 6.55 3
      vertex 10 7.22219 1.45517
    endloop
  endfacet
  facet normal -1 0 0
    outer loop
      vertex 10 6.95325 1.27547
      vertex 10 6.55 3
      vertex 10 7.08331 1.37192
    endloop
  endfacet
  facet normal -1 0 0
    outer loop
      vertex 10 6.83327 1.16673
      vertex 10 6.55 3
      vertex 10 6.95325 1.27547
    endloop
  endfacet
  facet normal -1 0 0
    outer loop
      vertex 10 6.72453 1.04675
      vertex 10 6.55 3
      vertex 10 6.83327 1.16673
    endloop
  endfacet
  facet normal -1 0 0
    outer loop
      vertex 10 6.62807 0.916691
      vertex 10 6.55 3
      vertex 10 6.72453 1.04675
    endloop
  endfacet
  facet normal -1 0 0
    outer loop
      vertex 10 6.55 3
      vertex 10 6.62807 0.916691
      vertex 10 6.55 0.78643
    endloop
  endfacet
  facet normal -1 0 0
    outer loop
      vertex 10 -6.55 -3
      vertex 10 -6.62807 -0.916691
      vertex 10 -6.55 -0.78643
    endloop
  endfacet
  facet normal -1 0 0
    outer loop
      vertex 10 -6.55 -3
      vertex 10 -6.72453 -1.04675
      vertex 10 -6.62807 -0.916691
    endloop
  endfacet
  facet normal -1 0 0
    outer loop
      vertex 10 -6.55 -3
      vertex 10 -6.83327 -1.16673
      vertex 10 -6.72453 -1.04675
    endloop
  endfacet
  facet normal -1 0 0
    outer loop
      vertex 10 -6.55 -3
      vertex 10 -6.95325 -1.27547
      vertex 10 -6.83327 -1.16673
    endloop
  endfacet
  facet normal -1 0 0
    outer loop
      vertex 10 -6.55 -3
      vertex 10 -7.08331 -1.37192
      vertex 10 -6.95325 -1.27547
    endloop
  endfacet
  facet normal -1 0 0
    outer loop
      vertex 10 -6.55 -3
      vertex 10 -7.22219 -1.45517
      vertex 10 -7.08331 -1.37192
    endloop
  endfacet
  facet normal -1 0 0
    outer loop
      vertex 10 -6.55 -3
      vertex 10 -7.36857 -1.5244
      vertex 10 -7.22219 -1.45517
    endloop
  endfacet
  facet normal -1 0 0
    outer loop
      vertex 10 -6.55 -3
      vertex 10 -7.52103 -1.57895
      vertex 10 -7.36857 -1.5244
    endloop
  endfacet
  facet normal -1 0 0
    outer loop
      vertex 10 -6.55 -3
      vertex 10 -7.6781 -1.6183
      vertex 10 -7.52103 -1.57895
    endloop
  endfacet
  facet normal -1 0 0
    outer loop
      vertex 10 -6.55 -3
      vertex 10 -7.83827 -1.64205
      vertex 10 -7.6781 -1.6183
    endloop
  endfacet
  facet normal -1 0 0
    outer loop
      vertex 10 -6.55 -3
      vertex 10 -8 -1.65
      vertex 10 -7.83827 -1.64205
    endloop
  endfacet
  facet normal -1 0 0
    outer loop
      vertex 10 -6.55 -3
      vertex 10 -8.16173 -1.64205
      vertex 10 -8 -1.65
    endloop
  endfacet
  facet normal -1 0 0
    outer loop
      vertex 10 -6.55 -3
      vertex 10 -8.3219 -1.6183
      vertex 10 -8.16173 -1.64205
    endloop
  endfacet
  facet normal -1 0 0
    outer loop
      vertex 10 -6.55 -3
      vertex 10 -8.47897 -1.57895
      vertex 10 -8.3219 -1.6183
    endloop
  endfacet
  facet normal -1 0 0
    outer loop
      vertex 10 -12.35 -3
      vertex 10 -8.47897 -1.57895
      vertex 10 -6.55 -3
    endloop
  endfacet
  facet normal -1 -0 0
    outer loop
      vertex 10 -8.47897 -1.57895
      vertex 10 -12.35 -3
      vertex 10 -8.63143 -1.5244
    endloop
  endfacet
  facet normal -1 -0 0
    outer loop
      vertex 10 -8.63143 -1.5244
      vertex 10 -12.35 -3
      vertex 10 -8.7778 -1.45517
    endloop
  endfacet
  facet normal -1 -0 0
    outer loop
      vertex 10 -9.64205 -0.161728
      vertex 10 -12.35 -3
      vertex 10 -9.65 0
    endloop
  endfacet
  facet normal -1 -0 0
    outer loop
      vertex 10 -9.6183 -0.321898
      vertex 10 -12.35 -3
      vertex 10 -9.64205 -0.161728
    endloop
  endfacet
  facet normal -1 -0 0
    outer loop
      vertex 10 -9.57895 -0.47897
      vertex 10 -12.35 -3
      vertex 10 -9.6183 -0.321898
    endloop
  endfacet
  facet normal -1 -0 0
    outer loop
      vertex 10 -9.5244 -0.631427
      vertex 10 -12.35 -3
      vertex 10 -9.57895 -0.47897
    endloop
  endfacet
  facet normal -1 -0 0
    outer loop
      vertex 10 -9.45517 -0.777804
      vertex 10 -12.35 -3
      vertex 10 -9.5244 -0.631427
    endloop
  endfacet
  facet normal -1 -0 0
    outer loop
      vertex 10 -9.37192 -0.916691
      vertex 10 -12.35 -3
      vertex 10 -9.45517 -0.777804
    endloop
  endfacet
  facet normal -1 -0 0
    outer loop
      vertex 10 -9.27547 -1.04675
      vertex 10 -12.35 -3
      vertex 10 -9.37192 -0.916691
    endloop
  endfacet
  facet normal -1 -0 0
    outer loop
      vertex 10 -9.16673 -1.16673
      vertex 10 -12.35 -3
      vertex 10 -9.27547 -1.04675
    endloop
  endfacet
  facet normal -1 -0 0
    outer loop
      vertex 10 -9.04675 -1.27547
      vertex 10 -12.35 -3
      vertex 10 -9.16673 -1.16673
    endloop
  endfacet
  facet normal -1 -0 0
    outer loop
      vertex 10 -8.91669 -1.37192
      vertex 10 -12.35 -3
      vertex 10 -9.04675 -1.27547
    endloop
  endfacet
  facet normal -1 -0 0
    outer loop
      vertex 10 -8.7778 -1.45517
      vertex 10 -12.35 -3
      vertex 10 -8.91669 -1.37192
    endloop
  endfacet
  facet normal -1 0 0
    outer loop
      vertex 10 -6.62807 0.916691
      vertex 10 -6.55 3
      vertex 10 -6.55 0.78643
    endloop
  endfacet
  facet normal -1 0 0
    outer loop
      vertex 10 -6.72453 1.04675
      vertex 10 -6.55 3
      vertex 10 -6.62807 0.916691
    endloop
  endfacet
  facet normal -1 0 0
    outer loop
      vertex 10 -6.83327 1.16673
      vertex 10 -6.55 3
      vertex 10 -6.72453 1.04675
    endloop
  endfacet
  facet normal -1 0 0
    outer loop
      vertex 10 -6.95325 1.27547
      vertex 10 -6.55 3
      vertex 10 -6.83327 1.16673
    endloop
  endfacet
  facet normal -1 0 0
    outer loop
      vertex 10 -7.08331 1.37192
      vertex 10 -6.55 3
      vertex 10 -6.95325 1.27547
    endloop
  endfacet
  facet normal -1 0 0
    outer loop
      vertex 10 -7.22219 1.45517
      vertex 10 -6.55 3
      vertex 10 -7.08331 1.37192
    endloop
  endfacet
  facet normal -1 0 0
    outer loop
      vertex 10 -7.36857 1.5244
      vertex 10 -6.55 3
      vertex 10 -7.22219 1.45517
    endloop
  endfacet
  facet normal -1 0 0
    outer loop
      vertex 10 -7.52103 1.57895
      vertex 10 -6.55 3
      vertex 10 -7.36857 1.5244
    endloop
  endfacet
  facet normal -1 0 0
    outer loop
      vertex 10 -7.6781 1.6183
      vertex 10 -6.55 3
      vertex 10 -7.52103 1.57895
    endloop
  endfacet
  facet normal -1 0 0
    outer loop
      vertex 10 -7.83827 1.64205
      vertex 10 -6.55 3
      vertex 10 -7.6781 1.6183
    endloop
  endfacet
  facet normal -1 0 0
    outer loop
      vertex 10 -8 1.65
      vertex 10 -6.55 3
      vertex 10 -7.83827 1.64205
    endloop
  endfacet
  facet normal -1 0 0
    outer loop
      vertex 10 -8.16173 1.64205
      vertex 10 -6.55 3
      vertex 10 -8 1.65
    endloop
  endfacet
  facet normal -1 0 0
    outer loop
      vertex 10 -8.3219 1.6183
      vertex 10 -6.55 3
      vertex 10 -8.16173 1.64205
    endloop
  endfacet
  facet normal -1 0 0
    outer loop
      vertex 10 -8.47897 1.57895
      vertex 10 -6.55 3
      vertex 10 -8.3219 1.6183
    endloop
  endfacet
  facet normal -1 0 0
    outer loop
      vertex 10 -12.35 3
      vertex 10 -8.47897 1.57895
      vertex 10 -8.63143 1.5244
    endloop
  endfacet
  facet normal -1 0 0
    outer loop
      vertex 10 -12.35 3
      vertex 10 -8.63143 1.5244
      vertex 10 -8.7778 1.45517
    endloop
  endfacet
  facet normal -1 0 0
    outer loop
      vertex 10 -12.35 3
      vertex 10 -8.7778 1.45517
      vertex 10 -8.91669 1.37192
    endloop
  endfacet
  facet normal -1 0 0
    outer loop
      vertex 10 -12.35 3
      vertex 10 -9.65 0
      vertex 10 -12.35 -3
    endloop
  endfacet
  facet normal -1 0 0
    outer loop
      vertex 10 -9.65 0
      vertex 10 -12.35 3
      vertex 10 -9.64205 0.161728
    endloop
  endfacet
  facet normal -1 0 0
    outer loop
      vertex 10 -9.64205 0.161728
      vertex 10 -12.35 3
      vertex 10 -9.6183 0.321898
    endloop
  endfacet
  facet normal -1 0 0
    outer loop
      vertex 10 -9.6183 0.321898
      vertex 10 -12.35 3
      vertex 10 -9.57895 0.47897
    endloop
  endfacet
  facet normal -1 0 0
    outer loop
      vertex 10 -9.57895 0.47897
      vertex 10 -12.35 3
      vertex 10 -9.5244 0.631427
    endloop
  endfacet
  facet normal -1 0 0
    outer loop
      vertex 10 -9.5244 0.631427
      vertex 10 -12.35 3
      vertex 10 -9.45517 0.777804
    endloop
  endfacet
  facet normal -1 0 0
    outer loop
      vertex 10 -9.45517 0.777804
      vertex 10 -12.35 3
      vertex 10 -9.37192 0.916691
    endloop
  endfacet
  facet normal -1 0 0
    outer loop
      vertex 10 -8.47897 1.57895
      vertex 10 -12.35 3
      vertex 10 -6.55 3
    endloop
  endfacet
  facet normal -1 0 0
    outer loop
      vertex 10 -9.04675 1.27547
      vertex 10 -12.35 3
      vertex 10 -8.91669 1.37192
    endloop
  endfacet
  facet normal -1 0 0
    outer loop
      vertex 10 -9.16673 1.16673
      vertex 10 -12.35 3
      vertex 10 -9.04675 1.27547
    endloop
  endfacet
  facet normal -1 0 0
    outer loop
      vertex 10 -9.27547 1.04675
      vertex 10 -12.35 3
      vertex 10 -9.16673 1.16673
    endloop
  endfacet
  facet normal -1 0 0
    outer loop
      vertex 10 -9.37192 0.916691
      vertex 10 -12.35 3
      vertex 10 -9.27547 1.04675
    endloop
  endfacet
  facet normal 0 0 -1
    outer loop
      vertex -10 6.55 3
      vertex 10 12.35 3
      vertex 10 6.55 3
    endloop
  endfacet
  facet normal -0 0 -1
    outer loop
      vertex 10 12.35 3
      vertex -10 6.55 3
      vertex -10 12.35 3
    endloop
  endfacet
  facet normal 0 0 -1
    outer loop
      vertex -10 -12.35 3
      vertex 10 -6.55 3
      vertex 10 -12.35 3
    endloop
  endfacet
  facet normal -0 0 -1
    outer loop
      vertex 10 -6.55 3
      vertex -10 -12.35 3
      vertex -10 -6.55 3
    endloop
  endfacet
  facet normal -0 0 1
    outer loop
      vertex -10 12.35 -3
      vertex 10 6.55 -3
      vertex 10 12.35 -3
    endloop
  endfacet
  facet normal 0 0 1
    outer loop
      vertex 10 6.55 -3
      vertex -10 12.35 -3
      vertex -10 6.55 -3
    endloop
  endfacet
  facet normal -0 0 1
    outer loop
      vertex -10 -6.55 -3
      vertex 10 -12.35 -3
      vertex 10 -6.55 -3
    endloop
  endfacet
  facet normal 0 0 1
    outer loop
      vertex 10 -12.35 -3
      vertex -10 -6.55 -3
      vertex -10 -12.35 -3
    endloop
  endfacet
  facet normal 1 0 0
    outer loop
      vertex -10 12.35 3
      vertex -10 9.65 0
      vertex -10 12.35 -3
    endloop
  endfacet
  facet normal 1 0 0
    outer loop
      vertex -10 12.35 3
      vertex -10 9.64205 0.161728
      vertex -10 9.65 0
    endloop
  endfacet
  facet normal 1 0 0
    outer loop
      vertex -10 12.35 3
      vertex -10 9.6183 0.321898
      vertex -10 9.64205 0.161728
    endloop
  endfacet
  facet normal 1 0 0
    outer loop
      vertex -10 12.35 3
      vertex -10 9.57895 0.47897
      vertex -10 9.6183 0.321898
    endloop
  endfacet
  facet normal 1 0 0
    outer loop
      vertex -10 12.35 3
      vertex -10 9.5244 0.631427
      vertex -10 9.57895 0.47897
    endloop
  endfacet
  facet normal 1 0 0
    outer loop
      vertex -10 12.35 3
      vertex -10 9.45517 0.777804
      vertex -10 9.5244 0.631427
    endloop
  endfacet
  facet normal 1 0 0
    outer loop
      vertex -10 12.35 3
      vertex -10 9.37192 0.916691
      vertex -10 9.45517 0.777804
    endloop
  endfacet
  facet normal 1 0 0
    outer loop
      vertex -10 12.35 3
      vertex -10 9.27547 1.04675
      vertex -10 9.37192 0.916691
    endloop
  endfacet
  facet normal 1 0 0
    outer loop
      vertex -10 12.35 3
      vertex -10 9.16673 1.16673
      vertex -10 9.27547 1.04675
    endloop
  endfacet
  facet normal 1 0 0
    outer loop
      vertex -10 12.35 3
      vertex -10 9.04675 1.27547
      vertex -10 9.16673 1.16673
    endloop
  endfacet
  facet normal 1 0 0
    outer loop
      vertex -10 12.35 3
      vertex -10 8.91669 1.37192
      vertex -10 9.04675 1.27547
    endloop
  endfacet
  facet normal 1 0 0
    outer loop
      vertex -10 12.35 3
      vertex -10 8.7778 1.45517
      vertex -10 8.91669 1.37192
    endloop
  endfacet
  facet normal 1 0 0
    outer loop
      vertex -10 12.35 3
      vertex -10 8.63143 1.5244
      vertex -10 8.7778 1.45517
    endloop
  endfacet
  facet normal 1 0 0
    outer loop
      vertex -10 12.35 3
      vertex -10 8.47897 1.57895
      vertex -10 8.63143 1.5244
    endloop
  endfacet
  facet normal 1 -0 0
    outer loop
      vertex -10 6.55 3
      vertex -10 8.47897 1.57895
      vertex -10 12.35 3
    endloop
  endfacet
  facet normal 1 0 0
    outer loop
      vertex -10 8.47897 1.57895
      vertex -10 6.55 3
      vertex -10 8.3219 1.6183
    endloop
  endfacet
  facet normal 1 0 0
    outer loop
      vertex -10 8.3219 1.6183
      vertex -10 6.55 3
      vertex -10 8.16173 1.64205
    endloop
  endfacet
  facet normal 1 0 0
    outer loop
      vertex -10 8.16173 1.64205
      vertex -10 6.55 3
      vertex -10 8 1.65
    endloop
  endfacet
  facet normal 1 0 0
    outer loop
      vertex -10 8 1.65
      vertex -10 6.55 3
      vertex -10 7.83827 1.64205
    endloop
  endfacet
  facet normal 1 0 0
    outer loop
      vertex -10 7.83827 1.64205
      vertex -10 6.55 3
      vertex -10 7.6781 1.6183
    endloop
  endfacet
  facet normal 1 0 0
    outer loop
      vertex -10 7.6781 1.6183
      vertex -10 6.55 3
      vertex -10 7.52103 1.57895
    endloop
  endfacet
  facet normal 1 0 0
    outer loop
      vertex -10 6.55 3
      vertex -10 7.36857 1.5244
      vertex -10 7.52103 1.57895
    endloop
  endfacet
  facet normal 1 0 0
    outer loop
      vertex -10 6.55 3
      vertex -10 7.22219 1.45517
      vertex -10 7.36857 1.5244
    endloop
  endfacet
  facet normal 1 0 0
    outer loop
      vertex -10 6.55 3
      vertex -10 7.08331 1.37192
      vertex -10 7.22219 1.45517
    endloop
  endfacet
  facet normal 1 0 0
    outer loop
      vertex -10 6.55 3
      vertex -10 6.95325 1.27547
      vertex -10 7.08331 1.37192
    endloop
  endfacet
  facet normal 1 0 0
    outer loop
      vertex -10 6.55 3
      vertex -10 6.83327 1.16673
      vertex -10 6.95325 1.27547
    endloop
  endfacet
  facet normal 1 0 0
    outer loop
      vertex -10 6.55 3
      vertex -10 6.72453 1.04675
      vertex -10 6.83327 1.16673
    endloop
  endfacet
  facet normal 1 0 0
    outer loop
      vertex -10 6.55 3
      vertex -10 6.62807 0.916691
      vertex -10 6.72453 1.04675
    endloop
  endfacet
  facet normal 1 0 0
    outer loop
      vertex -10 6.62807 0.916691
      vertex -10 6.55 3
      vertex -10 6.55 0.78643
    endloop
  endfacet
  facet normal 1 -0 0
    outer loop
      vertex -10 9.64205 -0.161728
      vertex -10 12.35 -3
      vertex -10 9.65 0
    endloop
  endfacet
  facet normal 1 -0 0
    outer loop
      vertex -10 9.6183 -0.321898
      vertex -10 12.35 -3
      vertex -10 9.64205 -0.161728
    endloop
  endfacet
  facet normal 1 -0 0
    outer loop
      vertex -10 9.57895 -0.47897
      vertex -10 12.35 -3
      vertex -10 9.6183 -0.321898
    endloop
  endfacet
  facet normal 1 -0 0
    outer loop
      vertex -10 9.5244 -0.631427
      vertex -10 12.35 -3
      vertex -10 9.57895 -0.47897
    endloop
  endfacet
  facet normal 1 -0 0
    outer loop
      vertex -10 9.45517 -0.777804
      vertex -10 12.35 -3
      vertex -10 9.5244 -0.631427
    endloop
  endfacet
  facet normal 1 -0 0
    outer loop
      vertex -10 9.37192 -0.916691
      vertex -10 12.35 -3
      vertex -10 9.45517 -0.777804
    endloop
  endfacet
  facet normal 1 -0 0
    outer loop
      vertex -10 9.27547 -1.04675
      vertex -10 12.35 -3
      vertex -10 9.37192 -0.916691
    endloop
  endfacet
  facet normal 1 -0 0
    outer loop
      vertex -10 9.16673 -1.16673
      vertex -10 12.35 -3
      vertex -10 9.27547 -1.04675
    endloop
  endfacet
  facet normal 1 -0 0
    outer loop
      vertex -10 9.04675 -1.27547
      vertex -10 12.35 -3
      vertex -10 9.16673 -1.16673
    endloop
  endfacet
  facet normal 1 -0 0
    outer loop
      vertex -10 8.91669 -1.37192
      vertex -10 12.35 -3
      vertex -10 9.04675 -1.27547
    endloop
  endfacet
  facet normal 1 -0 0
    outer loop
      vertex -10 8.7778 -1.45517
      vertex -10 12.35 -3
      vertex -10 8.91669 -1.37192
    endloop
  endfacet
  facet normal 1 -0 0
    outer loop
      vertex -10 8.63143 -1.5244
      vertex -10 12.35 -3
      vertex -10 8.7778 -1.45517
    endloop
  endfacet
  facet normal 1 -0 0
    outer loop
      vertex -10 8.47897 -1.57895
      vertex -10 12.35 -3
      vertex -10 8.63143 -1.5244
    endloop
  endfacet
  facet normal 1 0 0
    outer loop
      vertex -10 6.55 -3
      vertex -10 8.47897 -1.57895
      vertex -10 8.3219 -1.6183
    endloop
  endfacet
  facet normal 1 0 0
    outer loop
      vertex -10 6.55 -3
      vertex -10 8.3219 -1.6183
      vertex -10 8.16173 -1.64205
    endloop
  endfacet
  facet normal 1 0 0
    outer loop
      vertex -10 6.55 -3
      vertex -10 8.16173 -1.64205
      vertex -10 8 -1.65
    endloop
  endfacet
  facet normal 1 0 0
    outer loop
      vertex -10 6.55 -3
      vertex -10 8 -1.65
      vertex -10 7.83827 -1.64205
    endloop
  endfacet
  facet normal 1 0 0
    outer loop
      vertex -10 6.55 -3
      vertex -10 7.83827 -1.64205
      vertex -10 7.6781 -1.6183
    endloop
  endfacet
  facet normal 1 0 0
    outer loop
      vertex -10 6.55 -3
      vertex -10 7.6781 -1.6183
      vertex -10 7.52103 -1.57895
    endloop
  endfacet
  facet normal 1 0 0
    outer loop
      vertex -10 8.47897 -1.57895
      vertex -10 6.55 -3
      vertex -10 12.35 -3
    endloop
  endfacet
  facet normal 1 0 0
    outer loop
      vertex -10 7.36857 -1.5244
      vertex -10 6.55 -3
      vertex -10 7.52103 -1.57895
    endloop
  endfacet
  facet normal 1 0 0
    outer loop
      vertex -10 7.22219 -1.45517
      vertex -10 6.55 -3
      vertex -10 7.36857 -1.5244
    endloop
  endfacet
  facet normal 1 0 0
    outer loop
      vertex -10 7.08331 -1.37192
      vertex -10 6.55 -3
      vertex -10 7.22219 -1.45517
    endloop
  endfacet
  facet normal 1 0 0
    outer loop
      vertex -10 6.95325 -1.27547
      vertex -10 6.55 -3
      vertex -10 7.08331 -1.37192
    endloop
  endfacet
  facet normal 1 0 0
    outer loop
      vertex -10 6.83327 -1.16673
      vertex -10 6.55 -3
      vertex -10 6.95325 -1.27547
    endloop
  endfacet
  facet normal 1 0 0
    outer loop
      vertex -10 6.72453 -1.04675
      vertex -10 6.55 -3
      vertex -10 6.83327 -1.16673
    endloop
  endfacet
  facet normal 1 0 0
    outer loop
      vertex -10 6.62807 -0.916691
      vertex -10 6.55 -3
      vertex -10 6.72453 -1.04675
    endloop
  endfacet
  facet normal 1 0 0
    outer loop
      vertex -10 6.55 -3
      vertex -10 6.62807 -0.916691
      vertex -10 6.55 -0.78643
    endloop
  endfacet
  facet normal 1 0 0
    outer loop
      vertex -10 -6.55 3
      vertex -10 -6.62807 0.916691
      vertex -10 -6.55 0.78643
    endloop
  endfacet
  facet normal 1 0 0
    outer loop
      vertex -10 -6.55 3
      vertex -10 -6.72453 1.04675
      vertex -10 -6.62807 0.916691
    endloop
  endfacet
  facet normal 1 0 0
    outer loop
      vertex -10 -6.55 3
      vertex -10 -6.83327 1.16673
      vertex -10 -6.72453 1.04675
    endloop
  endfacet
  facet normal 1 0 0
    outer loop
      vertex -10 -6.55 3
      vertex -10 -6.95325 1.27547
      vertex -10 -6.83327 1.16673
    endloop
  endfacet
  facet normal 1 0 0
    outer loop
      vertex -10 -6.55 3
      vertex -10 -7.08331 1.37192
      vertex -10 -6.95325 1.27547
    endloop
  endfacet
  facet normal 1 0 0
    outer loop
      vertex -10 -6.55 3
      vertex -10 -7.22219 1.45517
      vertex -10 -7.08331 1.37192
    endloop
  endfacet
  facet normal 1 0 0
    outer loop
      vertex -10 -6.55 3
      vertex -10 -7.36857 1.5244
      vertex -10 -7.22219 1.45517
    endloop
  endfacet
  facet normal 1 0 0
    outer loop
      vertex -10 -6.55 3
      vertex -10 -7.52103 1.57895
      vertex -10 -7.36857 1.5244
    endloop
  endfacet
  facet normal 1 0 0
    outer loop
      vertex -10 -6.55 3
      vertex -10 -7.6781 1.6183
      vertex -10 -7.52103 1.57895
    endloop
  endfacet
  facet normal 1 0 0
    outer loop
      vertex -10 -6.55 3
      vertex -10 -7.83827 1.64205
      vertex -10 -7.6781 1.6183
    endloop
  endfacet
  facet normal 1 0 0
    outer loop
      vertex -10 -6.55 3
      vertex -10 -8 1.65
      vertex -10 -7.83827 1.64205
    endloop
  endfacet
  facet normal 1 0 0
    outer loop
      vertex -10 -6.55 3
      vertex -10 -8.16173 1.64205
      vertex -10 -8 1.65
    endloop
  endfacet
  facet normal 1 0 0
    outer loop
      vertex -10 -6.55 3
      vertex -10 -8.3219 1.6183
      vertex -10 -8.16173 1.64205
    endloop
  endfacet
  facet normal 1 0 0
    outer loop
      vertex -10 -6.55 3
      vertex -10 -8.47897 1.57895
      vertex -10 -8.3219 1.6183
    endloop
  endfacet
  facet normal 1 -0 0
    outer loop
      vertex -10 -12.35 3
      vertex -10 -8.47897 1.57895
      vertex -10 -6.55 3
    endloop
  endfacet
  facet normal 1 0 0
    outer loop
      vertex -10 -8.47897 1.57895
      vertex -10 -12.35 3
      vertex -10 -8.63143 1.5244
    endloop
  endfacet
  facet normal 1 0 0
    outer loop
      vertex -10 -8.63143 1.5244
      vertex -10 -12.35 3
      vertex -10 -8.7778 1.45517
    endloop
  endfacet
  facet normal 1 0 0
    outer loop
      vertex -10 -9.64205 0.161728
      vertex -10 -12.35 3
      vertex -10 -9.65 0
    endloop
  endfacet
  facet normal 1 0 0
    outer loop
      vertex -10 -9.6183 0.321898
      vertex -10 -12.35 3
      vertex -10 -9.64205 0.161728
    endloop
  endfacet
  facet normal 1 0 0
    outer loop
      vertex -10 -9.57895 0.47897
      vertex -10 -12.35 3
      vertex -10 -9.6183 0.321898
    endloop
  endfacet
  facet normal 1 0 0
    outer loop
      vertex -10 -9.5244 0.631427
      vertex -10 -12.35 3
      vertex -10 -9.57895 0.47897
    endloop
  endfacet
  facet normal 1 0 0
    outer loop
      vertex -10 -9.45517 0.777804
      vertex -10 -12.35 3
      vertex -10 -9.5244 0.631427
    endloop
  endfacet
  facet normal 1 0 0
    outer loop
      vertex -10 -9.37192 0.916691
      vertex -10 -12.35 3
      vertex -10 -9.45517 0.777804
    endloop
  endfacet
  facet normal 1 0 0
    outer loop
      vertex -10 -9.27547 1.04675
      vertex -10 -12.35 3
      vertex -10 -9.37192 0.916691
    endloop
  endfacet
  facet normal 1 0 0
    outer loop
      vertex -10 -9.16673 1.16673
      vertex -10 -12.35 3
      vertex -10 -9.27547 1.04675
    endloop
  endfacet
  facet normal 1 0 0
    outer loop
      vertex -10 -9.04675 1.27547
      vertex -10 -12.35 3
      vertex -10 -9.16673 1.16673
    endloop
  endfacet
  facet normal 1 0 0
    outer loop
      vertex -10 -8.91669 1.37192
      vertex -10 -12.35 3
      vertex -10 -9.04675 1.27547
    endloop
  endfacet
  facet normal 1 0 0
    outer loop
      vertex -10 -8.7778 1.45517
      vertex -10 -12.35 3
      vertex -10 -8.91669 1.37192
    endloop
  endfacet
  facet normal 1 -0 0
    outer loop
      vertex -10 -6.62807 -0.916691
      vertex -10 -6.55 -3
      vertex -10 -6.55 -0.78643
    endloop
  endfacet
  facet normal 1 -0 0
    outer loop
      vertex -10 -6.72453 -1.04675
      vertex -10 -6.55 -3
      vertex -10 -6.62807 -0.916691
    endloop
  endfacet
  facet normal 1 -0 0
    outer loop
      vertex -10 -6.83327 -1.16673
      vertex -10 -6.55 -3
      vertex -10 -6.72453 -1.04675
    endloop
  endfacet
  facet normal 1 -0 0
    outer loop
      vertex -10 -6.95325 -1.27547
      vertex -10 -6.55 -3
      vertex -10 -6.83327 -1.16673
    endloop
  endfacet
  facet normal 1 -0 0
    outer loop
      vertex -10 -7.08331 -1.37192
      vertex -10 -6.55 -3
      vertex -10 -6.95325 -1.27547
    endloop
  endfacet
  facet normal 1 -0 0
    outer loop
      vertex -10 -7.22219 -1.45517
      vertex -10 -6.55 -3
      vertex -10 -7.08331 -1.37192
    endloop
  endfacet
  facet normal 1 -0 0
    outer loop
      vertex -10 -7.36857 -1.5244
      vertex -10 -6.55 -3
      vertex -10 -7.22219 -1.45517
    endloop
  endfacet
  facet normal 1 -0 0
    outer loop
      vertex -10 -7.52103 -1.57895
      vertex -10 -6.55 -3
      vertex -10 -7.36857 -1.5244
    endloop
  endfacet
  facet normal 1 -0 0
    outer loop
      vertex -10 -7.6781 -1.6183
      vertex -10 -6.55 -3
      vertex -10 -7.52103 -1.57895
    endloop
  endfacet
  facet normal 1 -0 0
    outer loop
      vertex -10 -7.83827 -1.64205
      vertex -10 -6.55 -3
      vertex -10 -7.6781 -1.6183
    endloop
  endfacet
  facet normal 1 -0 0
    outer loop
      vertex -10 -8 -1.65
      vertex -10 -6.55 -3
      vertex -10 -7.83827 -1.64205
    endloop
  endfacet
  facet normal 1 0 0
    outer loop
      vertex -10 -8.16173 -1.64205
      vertex -10 -6.55 -3
      vertex -10 -8 -1.65
    endloop
  endfacet
  facet normal 1 0 0
    outer loop
      vertex -10 -8.3219 -1.6183
      vertex -10 -6.55 -3
      vertex -10 -8.16173 -1.64205
    endloop
  endfacet
  facet normal 1 0 0
    outer loop
      vertex -10 -8.47897 -1.57895
      vertex -10 -6.55 -3
      vertex -10 -8.3219 -1.6183
    endloop
  endfacet
  facet normal 1 0 0
    outer loop
      vertex -10 -12.35 -3
      vertex -10 -8.47897 -1.57895
      vertex -10 -8.63143 -1.5244
    endloop
  endfacet
  facet normal 1 0 0
    outer loop
      vertex -10 -12.35 -3
      vertex -10 -8.63143 -1.5244
      vertex -10 -8.7778 -1.45517
    endloop
  endfacet
  facet normal 1 0 0
    outer loop
      vertex -10 -12.35 -3
      vertex -10 -8.7778 -1.45517
      vertex -10 -8.91669 -1.37192
    endloop
  endfacet
  facet normal 1 0 0
    outer loop
      vertex -10 -12.35 -3
      vertex -10 -9.65 0
      vertex -10 -12.35 3
    endloop
  endfacet
  facet normal 1 0 0
    outer loop
      vertex -10 -9.65 0
      vertex -10 -12.35 -3
      vertex -10 -9.64205 -0.161728
    endloop
  endfacet
  facet normal 1 0 0
    outer loop
      vertex -10 -9.64205 -0.161728
      vertex -10 -12.35 -3
      vertex -10 -9.6183 -0.321898
    endloop
  endfacet
  facet normal 1 0 0
    outer loop
      vertex -10 -9.6183 -0.321898
      vertex -10 -12.35 -3
      vertex -10 -9.57895 -0.47897
    endloop
  endfacet
  facet normal 1 0 0
    outer loop
      vertex -10 -9.57895 -0.47897
      vertex -10 -12.35 -3
      vertex -10 -9.5244 -0.631427
    endloop
  endfacet
  facet normal 1 0 0
    outer loop
      vertex -10 -9.5244 -0.631427
      vertex -10 -12.35 -3
      vertex -10 -9.45517 -0.777804
    endloop
  endfacet
  facet normal 1 0 0
    outer loop
      vertex -10 -9.45517 -0.777804
      vertex -10 -12.35 -3
      vertex -10 -9.37192 -0.916691
    endloop
  endfacet
  facet normal 1 0 0
    outer loop
      vertex -10 -8.47897 -1.57895
      vertex -10 -12.35 -3
      vertex -10 -6.55 -3
    endloop
  endfacet
  facet normal 1 0 0
    outer loop
      vertex -10 -9.04675 -1.27547
      vertex -10 -12.35 -3
      vertex -10 -8.91669 -1.37192
    endloop
  endfacet
  facet normal 1 0 0
    outer loop
      vertex -10 -9.16673 -1.16673
      vertex -10 -12.35 -3
      vertex -10 -9.04675 -1.27547
    endloop
  endfacet
  facet normal 1 0 0
    outer loop
      vertex -10 -9.27547 -1.04675
      vertex -10 -12.35 -3
      vertex -10 -9.16673 -1.16673
    endloop
  endfacet
  facet normal 1 0 0
    outer loop
      vertex -10 -9.37192 -0.916691
      vertex -10 -12.35 -3
      vertex -10 -9.27547 -1.04675
    endloop
  endfacet
endsolid OpenSCAD_Model
